tree
version=v4
num_class=1
num_tree_per_iteration=1
label_index=0
max_feature_idx=26
objective=binary sigmoid:1
feature_names=lev_dist_raw jaro_winkler_raw token_sort_ratio_norm token_set_ratio_norm tfidf_cosine_char tfidf_cosine_word jaccard_tokens_full jaccard_tokens_core first_token_match name_len_diff_ratio addr_lev_dist addr_jaro_winkler addr_token_sort_ratio addr_token_set_ratio addr_jaccard house_number_match postal_prefix_match city_token_overlap landmark_flag same_country_flag candidate_score_gap blocked_by_name_token blocked_by_snm blocked_by_char_tfidf blocked_by_word_tfidf blocked_by_addr_token blocked_by_minhash
feature_infos=[0:1] [0:1] [0:1] [0:1] [0:1.0000000000000002] [0:1.0000000000000002] [0:1] [0:1] [0:1] [0:0.96052631578947367] [0:1] [0:1] [0:1] [0:1] [0:1] [0:1] [0:1] [0:1] [0:1] none [0:0.5] [0:1] [0:1] [0:1] none [0:1] none
tree_sizes=3385 3448 3439 3436 3441 3462 3451 3458 3472 3481 3474 3479 3493 3481 3478 3485 3491 3478 3481 3491 3484 3486 3480 3493 3476 3464 3496 3471 3480 3480 3480 3490 3500 3480 3493 3474 3491 3484 3504 3485 3510 3482 3472 3500 3492 3507 3507 3517 3514 3502 3505 3503 3505 3482 3500 3507 3506 3494 3490 3503 3509 3514 3487 3508 3517 3497 3499 3516 3510 3508 3500 3490 3477 3493 3519 3504 3498 3499 3502 3496 3508 3483 3500 3487 3501 3507 3506 3513 3508 3529 3527 3505 3514 3519 3516 3515 3495 3523 3506 3500 3527 3502 3491 3512 3511 3497 3513 3545 3520 3525 3505 3520 3525 3521 3519 3506 3529 3517 3522 3511 3499 3553 3525 3524 3523 3503 3518 3517 3514 3513 3536 3525 3538 3508 3517 3504 3506 3514 3482 3533 3523 3519 3530 3513 3542 3509 3518 3532 3504 3532 3542 3531 3525 3513 3517 3518 3516 3537 3503 3521 3491 3515 3524 3533 3498 3516 3488 3521 3473 3511 3526 3505 3515 3537 3531 3500 3534 3520 3525 3499 3526 3532 3529 3517 3507 3527 3524 3542 3526 3520 3541 3540 3496 3526 3542 3519 3533 3545 3524 3514

Tree=0
num_leaves=31
num_cat=0
split_feature=14 13 6 17 14 13 17 6 13 17 6 10 13 1 6 14 12 6 1 10 13 4 1 1 1 3 1 10 14 6
split_gain=651604 12373.9 16669.4 9988.38 7808.03 6907.56 2815.24 2047.53 1777.7 2021.76 1721.57 6690.29 2704.04 1620.14 932.294 617.907 608.862 501.767 440.057 1035.7 705.788 339.142 198.596 147.861 147.341 142.829 135.513 927.806 107.531 100.827
threshold=0.29705882352941182 0.9979423868312759 0.95000000000000007 0.63333333333333341 0.56385869565217395 0.73300330033003303 0.45000000000000007 0.47727272727272735 0.9805186590765339 0.87500000000000011 0.72077922077922085 0.98611111111111127 0.5539183820873963 0.93896677559912867 0.95000000000000007 0.7633053221288516 0.52316636851520582 0.95000000000000007 0.96927447552447565 0.98611111111111127 0.61004928476980413 0.093668211860703954 0.96168010752688182 0.91731416549789635 0.92284702886618086 0.87386363636363651 0.91112278244631195 0.98611111111111127 0.1526806526806527 0.95000000000000007
decision_type=2 2 2 2 2 2 2 2 2 2 2 2 2 2 2 2 2 2 2 2 2 2 2 2 2 2 2 2 2 2
left_child=5 2 3 4 6 10 -2 23 9 -5 18 12 28 -6 16 -10 24 -14 26 20 -20 -3 -18 -7 -9 -23 -1 -28 -12 -13
right_child=1 21 -4 8 13 7 -8 14 15 -11 11 29 17 -15 -16 -17 22 -19 19 -21 -22 25 -24 -25 -26 -27 27 -29 -30 -31
leaf_value=-2.6018001918009586 -2.1207792794135809 -2.4208772592813221 -1.8602071050563547 -2.2273865369130874 -2.0250543211808627 -2.5715688519819242 -2.3376649467525175 -2.1439310085618626 -1.9086506834716781 -2.4527339516656599 -2.6008819495291933 -2.1905503302196072 -2.3487338147838033 -1.8969912884995472 -1.8627840513956602 -2.2426154303250603 -2.3815120238834599 -1.9936451053230217 -2.5922658893270842 -2.0246670579034332 -1.9559315950263074 -1.9492603441928673 -2.1001919439311232 -2.0616727044932412 -1.9075481002143855 -1.8632450745344922 -2.5934297864346694 -2.3370123922373209 -2.4058300890790174 -2.0872059907687217
leaf_weight=49988.96384588629 503.48190074414015 2.7586205974221221 912.96885088831186 173.05297991633415 565.78635618835688 35.996634624898434 212.88477000594139 12.985701836645605 31.219511151313782 234.2809004932642 762.85952033102512 43.734228983521461 20.521445907652378 438.28425784409046 26.44238767772913 24.894868806004524 34.449115753173828 19.310344181954861 70.984017811715603 10.563498385250567 4.6425566151738158 49.857021041214466 7.6703109294176093 1.4802354425191868 13.389402411878107 1508.4271993562579 638.11604258418083 37.342303209006786 7.1320434957742682 51.269973054528236
leaf_count=742961 7483 41 13569 2572 8409 535 3164 193 464 3482 11338 650 305 6514 393 370 512 287 1055 157 69 741 114 22 199 22419 9484 555 106 762
internal_value=-2.54822 -1.98176 -2.03962 -2.11462 -2.05913 -2.59916 -2.18523 -2.23849 -2.32065 -2.357 -2.60009 -2.53173 -2.57829 -1.96915 -2.11496 -2.05681 -2.21232 -2.17659 -2.60131 -2.48843 -2.5532 -1.86698 -2.33028 -2.55143 -2.02393 -1.866 -2.6015 -2.57925 -2.59908 -2.13478
internal_weight=56445.8 4657.9 3096.85 2183.89 1720.44 51787.9 716.367 132.414 463.448 407.334 51655.4 904.828 809.823 1004.07 94.9369 56.1144 68.4945 39.8318 50750.6 86.1901 75.6266 1561.04 42.1194 37.4769 26.3751 1558.28 50664.4 675.458 769.992 95.0042
internal_count=838925 69228 46027 32458 25570 769697 10647 1968 6888 6054 767729 13448 12036 14923 1411 834 1018 592 754281 1281 1124 23201 626 557 392 23160 753000 10039 11444 1412
is_linear=0
shrinkage=1


Tree=1
num_leaves=31
num_cat=0
split_feature=11 15 7 17 2 11 15 3 3 11 0 0 11 7 23 5 1 15 11 23 1 17 11 0 3 10 1 1 0 10
split_gain=344896 19351.2 9781.98 12223.3 6167.36 5218.39 2168.65 1974.87 1661.62 1575.09 1440.76 1238 1122.94 751.565 608.923 594.457 583.301 506.186 422.629 419.741 414.445 390.626 292.648 285.763 169.29 214.808 142.542 139.373 137.34 116.638
threshold=0.73189775068251162 1.0000000180025095e-35 0.61250000000000016 1.0000000180025095e-35 0.90070422535211281 1.0000000180025095e-35 1.0000000180025095e-35 0.64899964899964913 0.82446311858076571 0.68303615028386855 0.079473684210526321 0.16843971631205676 0.83661171569565984 0.89444444444444449 1.0000000180025095e-35 0.77618722350963065 0.93896677559912867 1.0000000180025095e-35 0.9201073044602458 1.0000000180025095e-35 0.65556152285475611 1.0000000180025095e-35 1.0000000180025095e-35 0.22335600907029482 0.8452991452991454 0.51530771633864425 0.94395499108734415 0.84708196726872453 0.35781671159029654 0.036811201445347795
decision_type=2 2 2 2 2 2 2 2 2 2 2 2 2 2 2 2 2 2 2 2 2 2 2 2 2 2 2 2 2 2
left_child=2 4 16 5 8 19 11 18 -2 17 -6 -5 27 15 -13 -10 -1 -7 -3 26 -14 22 -18 -11 25 -9 -4 -12 -21 -26
right_child=1 7 3 6 10 9 -8 24 13 23 12 14 20 -15 -16 -17 21 -19 -20 28 -22 -23 -24 -25 29 -27 -28 -29 -30 -31
leaf_value=-0.053199539678933372 -0.030810886191177091 -0.0008624415623231926 0.201364962016088 0.29608648234779372 0.37079479823991873 -0.045626737164813747 0.41300113989762005 0.34037848754740641 0.15399918966306889 0.25940203686196367 0.33117165402291043 0.16397641939726124 0.28277754199378424 0.34513163044944095 0.0040054477303620552 0.044322021571018333 0.29950873944463513 0.13584754634923052 0.28653122682437754 0.19102446471676504 0.16478081361643654 0.30082898415169651 -0.021832802407090922 0.088817055520771168 0.37166776874229401 0.070650732219221926 0.28606165131177902 0.27417481373345631 -0.0074329806961219705 0.38882849693521077
leaf_weight=46508.492595210671 212.98756866157055 39.990051992237568 110.97575373202562 167.47336860001087 261.83943707495928 2303.9979723244905 125.80903193354607 98.226932436227798 367.6505373865366 41.4950330555439 161.42683121562004 306.64973693341017 90.987606175243855 38.672229938209057 73.803888216614723 186.07471397519112 8.304764971137045 39.077233247458935 18.808835119009018 13.188802272081373 408.58965112268925 16.660194635391235 48.247468881309032 60.122639030218124 1386.556231610477 7.981157273054122 89.93353745341301 319.60902983695269 25.715196467936039 3463.595063470304
leaf_count=723101 3039 544 1396 1658 2329 35474 1239 958 3962 446 1486 3523 894 370 1067 2115 92 526 191 154 4396 176 725 779 12004 109 965 3091 377 31739
internal_value=-0.000783292 0.326252 -0.0470359 0.03538 0.196736 -0.0124083 0.225793 0.379138 0.0889634 -0.0342422 0.266597 0.182808 0.238775 0.132026 0.132944 0.117143 -0.0529775 -0.0426002 0.0910703 0.210169 0.186271 0.088043 0.0253566 0.158475 0.382555 0.320109 0.239278 0.293302 0.0598459 0.383923
internal_weight=57002.9 7063 49939.9 3358.24 2047.84 2684.51 673.736 5015.16 805.385 2444.69 1242.45 547.927 980.613 592.397 380.454 553.725 46581.7 2343.08 58.7989 239.813 499.577 73.2124 56.5522 101.618 4956.36 106.208 200.909 481.036 38.904 4850.15
internal_count=838925 67227 771698 47604 21682 40117 7487 45545 9486 37225 12196 6248 9867 6447 4590 6077 724094 36000 735 2892 5290 993 817 1225 44810 1067 2361 4577 531 43743
is_linear=0
shrinkage=0.05


Tree=2
num_leaves=31
num_cat=0
split_feature=13 15 6 13 1 6 10 14 2 11 15 0 4 14 6 10 14 11 13 14 6 15 1 11 13 17 0 6 0 14
split_gain=284217 7044.09 4983.73 5514.87 1899.36 1870.99 3867.36 2530.26 788.112 470.37 446.461 352.19 347.518 354.159 414.463 258.882 266.567 204.288 196.148 196.873 128.093 115.258 114.487 274.094 112.83 67.4683 54.2157 47.063 58.0411 42.0523
threshold=0.68989800874210794 1.0000000180025095e-35 0.95000000000000007 0.9805186590765339 0.95754013329469723 0.63068181818181823 0.98611111111111127 0.1526806526806527 0.86391694725028068 0.89043787753465187 1.0000000180025095e-35 0.079473684210526321 0.093668211860703954 0.5590277777777779 0.95000000000000007 0.98611111111111127 0.14907407407407411 0.86784613958684831 0.9979423868312759 0.7633053221288516 0.95000000000000007 1.0000000180025095e-35 0.96168010752688182 1.0000000180025095e-35 0.53866082104424085 0.45000000000000007 0.079473684210526321 0.95000000000000007 0.40129870129870138 0.26969696969696971
decision_type=2 2 2 2 2 2 2 2 2 2 2 2 2 2 2 2 2 2 2 2 2 2 2 2 2 2 2 2 2 2
left_child=5 2 3 4 8 11 7 21 -2 -6 20 15 -3 14 25 16 -1 22 19 -5 -9 -7 29 -24 -23 -14 -4 28 -8 -13
right_child=1 12 26 18 9 6 27 10 -10 -11 -12 17 13 -15 -16 -17 -18 -19 -20 -21 -22 24 23 -25 -26 -27 -28 -29 -30 -31
leaf_value=-0.046983491968699401 0.023769835592286601 0.022372566596935834 0.27757598588967286 0.28789078521329309 0.23551345599318046 -0.052873508041044251 0.20928648154190235 0.047930745010118542 0.1043489436677725 0.10801384289032862 0.30548118103373662 -0.053204588353001639 0.3222185975550747 0.27218744814773282 0.26858537212314476 0.28942855884872937 0.30370387891972372 0.27080042181212266 0.29848231877797538 0.14631788913235541 0.21171279508105154 0.012475691866517674 0.27543165206375403 -0.027923633192354642 0.34247481527753154 0.36427868129651991 0.30442100624135499 0.23721313921362591 0.12491657825640115 -0.013161511682047751
leaf_weight=29.595406372100115 568.67426709085703 13.387584790587423 338.80330104380846 51.311572521924973 250.09391985088587 1070.4821761138737 81.870923578739166 36.279094647616148 650.62153631076217 101.77453272789717 53.573722381144762 45795.558904677629 505.65261469036341 5512.9270572662354 487.06019754707813 11.510047785937784 6.6333933137357226 4.8699184432625762 424.63495475798845 47.09499916434288 17.792996726930141 11.233880855143068 8.6961146220564824 51.807376764714718 3.3664370551705352 117.50123632699251 422.76541122794151 89.460727334022522 27.142611414194107 65.6594516672194
leaf_count=463 6411 146 2304 400 2131 17093 772 432 6227 1035 419 745190 4019 37624 3215 98 59 44 3145 424 156 156 74 788 29 1062 3094 762 313 840
internal_value=-0.00110821 0.248607 0.182946 0.143115 0.0962996 -0.0511525 0.00597388 -0.0280327 0.0667672 0.198635 0.203182 -0.0528811 0.276862 0.277376 0.303141 0.0828555 0.0172264 -0.0530222 0.283742 0.220137 0.101825 -0.0509704 -0.0530566 0.0156774 0.0885645 0.330149 0.292478 0.210336 0.18828 -0.0531473
internal_weight=56857.8 9492.3 2855.77 2094.21 1571.16 47365.5 1391.2 1192.73 1219.3 351.868 107.646 45974.3 6636.53 6623.14 1110.21 47.7388 36.2288 45926.6 523.042 98.4066 54.0721 1085.08 45921.7 60.5035 14.6003 623.154 761.569 198.474 109.014 45861.2
internal_count=838925 71237 25171 19773 15804 767688 20132 18285 12638 3166 1007 747556 46066 45920 8296 620 522 746936 3969 824 588 17278 746892 862 185 5081 5398 1847 1085 746030
is_linear=0
shrinkage=0.05


Tree=3
num_leaves=31
num_cat=0
split_feature=13 15 6 13 6 10 14 2 11 7 15 4 11 13 14 14 6 15 2 11 13 6 6 13 3 9 11 3 6 7
split_gain=226676 4248.96 3075.36 3527.92 1821.86 3035.5 2099.61 1270.85 965.739 388.215 268.925 219.335 199.544 187.926 137.575 135.898 142.614 105.385 103.971 550.675 389.409 197.063 88.7349 74.2992 59.5971 34.5515 32.1502 31.8709 27.6434 27.5501
threshold=0.68989800874210794 1.0000000180025095e-35 0.95000000000000007 0.974521259331386 0.63068181818181823 0.98611111111111127 0.1526806526806527 0.89009661835748799 0.81385202075554652 0.89444444444444449 1.0000000180025095e-35 0.093668211860703954 0.86784613958684831 0.9979423868312759 0.71714285714285719 0.5590277777777779 0.95000000000000007 1.0000000180025095e-35 0.86391694725028068 1.0000000180025095e-35 0.61004928476980413 0.58571428571428574 0.95000000000000007 0.53866082104424085 0.85934065934065951 0.31180555555555561 0.97212578937568661 0.81557067271353001 0.43650793650793657 0.78888888888888908
decision_type=2 2 2 2 2 2 2 2 2 2 2 2 2 2 2 2 2 2 2 2 2 2 2 2 2 2 2 2 2 2
left_child=4 2 3 7 12 6 17 9 -9 -2 22 26 18 14 -5 16 24 -6 -1 21 -21 -20 -8 -19 -13 -7 -3 28 -17 -27
right_child=1 11 -4 13 5 25 10 8 -10 -11 -12 15 -14 -15 -16 27 -18 23 19 20 -22 -23 -24 -25 -26 29 -28 -29 -30 -31
leaf_value=-0.053117402731872571 0.022711322400647105 -0.02576229352842202 0.23094646198243535 0.22873295162399507 -0.052652155738155806 0.17641512811500709 0.043774586204120489 0.16694069958187224 0.067053529634541767 0.23326096339864621 0.23718169114746665 0.19039492499459434 0.21739269042116127 0.23352548787062571 0.13468979287839675 0.16098446986356768 0.21712577321000592 0.01172490697240082 0.032880840035843191 -0.051449575077578337 0.16108199780621396 0.20010479622688757 0.17276514897758199 0.25724502251727666 0.25327767298948362 0.16523971477437396 0.14737161061545789 0.21914337453398469 0.21131499070531887 0.037533386064824037
leaf_weight=42721.306592624635 645.9810877814889 9.9541943296790105 911.51482285559177 64.296186700463295 1022.4471011869609 214.04315148293972 37.698737300932407 508.80925545096397 461.42678113281727 22.660887040197849 65.180859059095383 39.709744766354561 6.8387560173869124 512.81731804460287 98.41210799664259 43.073644489049911 569.81370709836483 11.352412384003399 51.508766572922468 1074.488554213196 21.993708450347185 26.775865964591503 20.628167375922203 4.2294140309095374 736.87116552144289 8.5477261468768138 3.6699722856283179 6371.3646455779672 74.411212258040905 8.3473438397049886
leaf_count=728462 7039 111 5398 443 17093 1689 432 3956 4194 196 419 293 50 3145 800 282 3215 156 652 17888 235 269 156 29 4788 86 35 36864 478 72
internal_value=-0.00130799 0.201464 0.153155 0.122518 -0.0508859 0.00541986 -0.0274973 0.0828849 0.119436 0.029847 0.167389 0.221319 -0.0526718 0.218671 0.171852 0.221667 0.236123 -0.0506854 -0.0527139 -0.0380395 -0.0471865 0.0900768 0.089394 0.078367 0.250062 0.170982 0.0208752 0.218668 0.192862 0.102144
internal_weight=56370.2 11074.8 3225.92 2314.4 45295.4 1392.47 1161.54 1638.88 970.236 668.642 123.508 7848.87 43902.9 675.526 162.708 7835.24 1346.39 1038.03 43896.1 1174.77 1096.48 78.2846 58.3269 15.5818 776.581 230.938 13.6242 6488.85 117.485 16.8951
internal_count=838925 71237 25171 19773 767688 20132 18285 15385 8150 7235 1007 46066 747556 4388 1243 45920 8296 17278 747506 19044 18123 921 588 185 5081 1847 146 37624 760 158
is_linear=0
shrinkage=0.05


Tree=4
num_leaves=31
num_cat=0
split_feature=13 15 6 13 6 10 14 1 17 1 10 14 17 15 13 11 1 5 0 6 14 6 15 17 10 14 12 23 6 0
split_gain=189061 2965.61 2170.33 2516.77 1774.4 2472.8 1806.57 1115.02 596.404 323.518 302.292 278.271 234.927 223.97 131.716 128.789 117.367 94.7505 93.6945 73.0145 66.1365 61.9092 61.0121 46.8517 44.1861 43.364 38.781 35.6857 31.7399 31.6747
threshold=0.68989800874210794 1.0000000180025095e-35 0.95000000000000007 0.974521259331386 0.63068181818181823 0.98611111111111127 0.13100686498855837 0.96168010752688182 0.70833333333333337 0.96168010752688182 0.98611111111111127 0.11882352941176472 0.87500000000000011 1.0000000180025095e-35 0.9979423868312759 0.86784613958684831 0.94839989759344612 0.19015868852771009 0.079473684210526321 0.95000000000000007 0.5590277777777779 0.95000000000000007 1.0000000180025095e-35 1.0000000180025095e-35 0.14833149981664837 0.26969696969696971 0.29429808733309276 1.0000000180025095e-35 0.32051282051282054 0.72792207792207797
decision_type=2 2 2 2 2 2 2 2 2 2 2 2 2 2 2 2 2 2 2 2 2 2 2 2 2 2 2 2 2 2
left_child=4 2 3 7 9 6 22 8 -2 15 11 -11 -9 19 16 18 -5 24 26 -8 21 28 -6 -24 -3 -20 -1 -7 -19 -26
right_child=1 17 -4 14 5 27 13 12 -10 10 -12 -13 -14 -15 -16 -17 -18 20 25 -21 -22 -23 23 -25 29 -27 -28 -29 -30 -31
leaf_value=0.26633405314076414 0.069836521559585849 0.16123485819551095 0.19362097411055221 0.11965710008305491 -0.052687167071272523 0.15013312160683071 0.033613319753977258 0.16630723165912148 -0.013049910053375365 -0.051153862173657853 0.19269440479931677 0.20787993578543074 0.036642329326967198 0.1970474208795813 0.19456978210220649 0.17129352693367225 0.20760062685677988 0.14411286375662921 -0.052819956113833555 0.1420825529613424 0.18503268431465381 0.18452759197461099 0.0059032910514318698 0.23142665118693456 0.14570564253473106 -0.011341165052124036 0.039097516838938376 0.085578517336924287 0.20639282843689852 -0.02035368785744663
leaf_weight=2.7703804671764356 1105.7877064049244 11.860019631683828 1029.3367174267769 127.61791274696589 970.80274566635489 235.61932428181171 43.657991830259562 322.26384402811527 270.02307058125734 66.645307399332523 23.722334794700146 12.278105460107325 39.179320700466633 76.394353628158569 582.61450655013323 6.4168582633137694 53.987688757479191 20.947213888168335 41737.783984601498 24.066936045885086 7251.7480105608702 635.01616705954075 11.50074679404497 2.8795420080423346 4.0994471535086623 63.106407675892115 5.8263480253517628 23.54774384200573 874.79216301441193 9.5876088142395002
leaf_count=24 9797 82 5398 912 17007 1650 506 2208 2991 1127 152 98 389 433 3145 42 331 132 745190 168 37565 3215 152 19 30 840 83 197 4939 103
internal_value=-0.00143528 0.171227 0.132511 0.107364 -0.0506294 0.00498044 -0.026985 0.0741003 0.0535688 -0.0524714 0.0361863 -0.010856 0.152252 0.13836 0.182981 -0.052689 0.145801 0.186746 -0.0527234 0.0721593 0.187026 0.19647 -0.0511728 0.0510626 0.0905942 -0.0527573 0.112327 0.144268 0.204936 0.0293832
internal_weight=55645.9 12338.9 3530.81 2501.47 43307 1388.47 1129.3 1737.25 1375.81 41918.5 102.646 78.9234 361.443 144.119 764.22 41815.9 181.606 8808.05 41809.5 67.7249 8782.5 1530.76 985.183 14.3803 25.5471 41800.9 8.59673 259.167 895.739 13.6871
internal_count=838925 71237 25171 19773 767688 20132 18285 15385 12788 747556 1377 1225 2597 1107 4388 746179 1243 46066 746137 674 45851 8286 17178 171 215 746030 107 1847 5071 133
is_linear=0
shrinkage=0.05


Tree=5
num_leaves=31
num_cat=0
split_feature=13 15 3 6 13 6 10 11 14 13 1 10 4 14 15 14 15 3 13 14 6 7 11 13 6 17 6 6 7 17
split_gain=162266 2668.79 1938.91 1323.86 1509.22 1295.34 2329.04 878.83 842.974 339.612 230.669 281.696 143.316 121.463 114.375 74.5036 67.0462 57.2833 47.055 44.7647 43.1243 41.3068 278.902 156.405 118.088 39.3838 38.8019 46.6864 38.2342 36.2043
threshold=0.65485893416927909 1.0000000180025095e-35 0.86425061425061434 0.95000000000000007 0.9805186590765339 0.63068181818181823 0.98611111111111127 0.89043787753465187 0.1526806526806527 0.9805186590765339 0.96168010752688182 0.98611111111111127 0.093668211860703954 0.11882352941176472 1.0000000180025095e-35 0.54195804195804198 1.0000000180025095e-35 0.81165540540540559 0.9979423868312759 0.5590277777777779 0.95000000000000007 0.58571428571428574 1.0000000180025095e-35 0.57544101704937434 0.58571428571428574 1.0000000180025095e-35 0.43650793650793657 0.10555555555555557 0.89444444444444449 0.63333333333333341
decision_type=2 2 2 2 2 2 2 2 2 2 2 2 2 2 2 2 2 2 2 2 2 2 2 2 2 2 2 2 2 2
left_child=5 2 9 4 7 10 8 -4 16 15 21 13 -3 -12 28 -2 -7 26 -6 20 -19 -1 24 -24 -23 -18 27 -14 -10 -17
right_child=1 12 3 -5 18 6 -8 -9 14 -11 11 -13 17 -15 -16 29 25 19 -20 -21 -22 22 23 -25 -26 -27 -28 -29 -30 -31
leaf_value=-0.052897721164196498 -0.046129639708665043 0.011026687082053812 0.10174846846096333 0.16850678314845163 0.13535302995347359 -0.052340919407302434 0.12487148040036077 0.025155055212046942 -0.013533597734832148 0.14810872981737475 -0.050881330380585205 0.16337679848253961 0.19169355879116587 0.15057237338334217 0.16794167774148283 0.067051297923283168 0.0088102118947837611 0.17788336555601017 0.16833809960671778 0.16215085105139626 0.16173387750444365 0.0098445881421317244 -0.052286899110983942 0.063052810588208483 0.14684118529393328 0.19807412668614027 0.15255000189250112 0.082306790317178843 0.085626874932622929 -0.02696935391908762
leaf_weight=38399.682890065014 202.74173010140657 15.489094115793703 1188.6626042053103 1129.1581698581576 131.07890944182873 931.74974561110139 283.73492085933685 546.78166632354259 14.162085138261316 28.73941969871521 63.725999839603901 26.498430460691452 12.080281615257261 8.4776840806007367 43.785445727407932 24.100870691239834 11.794481366872786 986.47008831426501 617.32682086527348 7735.9096700102091 711.54440560936928 60.869527012109756 1310.3278618454933 30.066733460873365 21.211329709738493 3.5838713869452468 111.13326681405306 50.663292717188597 30.999954894185066 17.801674135029316
leaf_count=719167 2857 164 9045 5437 772 17083 1847 4955 165 172 1127 152 73 66 232 217 156 5046 3027 36896 3333 890 23995 423 245 21 589 294 261 218
internal_value=-0.00152111 0.148873 0.113903 0.123618 0.103211 -0.0507873 -0.00205203 0.0776164 -0.0368107 -0.0144849 -0.0523986 0.0239435 0.162995 -0.027228 0.110359 -0.0335855 -0.0506319 0.16324 0.162561 0.163764 0.171116 -0.0525878 -0.044221 -0.0496997 0.0452472 0.0529175 0.134802 0.103367 0.0545318 0.027108
internal_weight=54750.4 13509.7 3886.39 3613.01 2483.85 41240.7 1319.81 1735.44 1036.08 273.384 39920.9 98.7021 9623.29 72.2037 88.9475 244.644 947.128 9607.8 748.406 9433.92 1698.01 39822.2 1422.48 1340.39 82.0809 15.3784 173.877 62.7436 45.162 41.9025
internal_count=838925 73095 26700 23236 17799 765830 19765 14000 17918 3464 746065 1345 46395 1193 658 3292 17260 46231 3799 45275 8379 744720 25553 24418 1135 177 956 367 426 435
is_linear=0
shrinkage=0.05


Tree=6
num_leaves=31
num_cat=0
split_feature=13 15 14 6 10 6 14 13 11 6 7 0 1 10 0 11 4 15 15 0 15 1 6 7 11 12 13 14 11 0
split_gain=141865 2170.26 1609.14 1268.45 2003.54 1135.3 762.768 613.442 837.45 467.957 406.865 245.129 221.79 233.681 202.647 173.322 114.274 113.305 106.193 58.1485 42.0791 38.1064 37.9221 36.4029 225.551 33.7901 33.7012 62.4403 33.0198 36.7494
threshold=0.65485893416927909 1.0000000180025095e-35 0.43303571428571436 0.63068181818181823 0.98611111111111127 0.95000000000000007 0.13100686498855837 0.9805186590765339 0.90567728650512891 0.95000000000000007 0.89444444444444449 0.15184453227931491 0.96168010752688182 0.98611111111111127 0.12632978723404256 0.79261711247172417 0.093668211860703954 1.0000000180025095e-35 1.0000000180025095e-35 0.079473684210526321 1.0000000180025095e-35 0.96168010752688182 0.43650793650793657 0.58571428571428574 1.0000000180025095e-35 0.29429808733309276 0.9979423868312759 0.7633053221288516 0.86784613958684831 0.34833164812942369
decision_type=2 2 2 2 2 2 2 2 2 2 2 2 2 2 2 2 2 2 2 2 2 2 2 2 2 2 2 2 2 2
left_child=3 2 5 12 6 10 20 8 11 -10 14 -4 19 18 -2 -12 -3 21 -14 25 -5 -8 28 -21 -25 -1 27 -9 29 -18
right_child=1 16 7 4 -6 -7 17 26 9 -11 15 -13 13 -15 -16 -17 22 -19 -20 23 -22 -23 -24 24 -26 -27 -28 -29 -30 -31
leaf_value=0.19953816198568611 0.16031811682901231 0.010385194356965138 0.1494623541892823 -0.052361909957348324 0.11000857515784582 0.153178317635147 0.016383354043818035 0.14991333415196365 0.021647792437638903 0.14670766011249484 0.098052008490769602 0.10554971938042623 -0.043758445953043373 0.14240933304418285 -0.022570593762360459 0.021834299246121087 0.14835394480142478 0.14863847541335348 0.19477871351432907 -0.052742203895191631 0.034632581302629722 0.11176690864424157 0.14658535078313009 0.035795009481362036 -0.049580525305531531 -0.0042689041103403606 0.14955266661970779 0.096522261169562057 0.1395537330601061 0.091125980706640658
leaf_weight=3.4384680539369565 15.72633086889982 15.620088364928959 487.38603077083826 884.00582029297948 305.35302329063416 188.7622329518199 37.891656238585711 135.56897029280663 400.29926893115044 91.991233766078949 150.5697004199028 913.35701108723879 65.202083930373192 28.813156336545944 410.68283024802804 147.81744121015072 43.239699009805918 48.801837861537933 5.0253637656569472 36633.712334066629 14.122318275272844 14.46965306252241 9458.2052997723222 82.34518551081419 1277.9390300810337 4.9780246503651142 1063.301973849535 91.869520843029022 625.76745661348104 79.86995667219162
leaf_count=24 107 164 2493 16998 1847 867 399 646 3670 415 1014 6112 1156 152 4860 1124 207 243 37 719155 166 112 42724 1118 24346 77 4861 531 2874 426
internal_value=-0.00158173 0.133198 0.102452 -0.0505601 -0.00208167 0.043957 -0.036333 0.119237 0.101114 0.0450169 0.015512 0.120829 -0.0522201 0.0225055 -0.0158255 0.0602947 0.145521 0.0938272 -0.0266891 -0.0524149 -0.050994 0.0427419 0.145728 -0.052444 -0.0444123 0.0789943 0.145816 0.128347 0.134897 0.111226
internal_weight=53726.1 14320 4097.33 39406.1 1304.64 913.559 999.291 3183.77 1893.03 492.291 724.796 1400.74 38101.5 99.0406 426.409 298.387 10222.7 101.163 70.2274 38002.4 898.128 52.3613 10207.1 37994 1360.28 8.41649 1290.74 227.438 748.877 123.11
internal_count=838925 73095 26700 765830 19765 7972 17918 18728 12690 4085 7105 8605 746065 1345 4967 2138 46395 754 1193 744720 17164 511 46231 744619 25464 101 6038 1177 3507 633
is_linear=0
shrinkage=0.05


Tree=7
num_leaves=31
num_cat=0
split_feature=13 3 6 10 13 13 13 6 0 6 1 10 14 0 11 13 0 23 6 0 13 17 6 10 14 7 11 14 6 6
split_gain=125707 1281.94 1241.6 1745.2 697.205 471.201 459.696 521.991 355.275 315.786 213.522 197.788 98.3307 91.554 67.224 58.9598 53.9268 51.0364 50.6404 58.2995 48.6479 337.666 169.643 45.2325 44.2846 37.6756 214.742 35.601 35.3791 27.5102
threshold=0.65485893416927909 0.7748518762343648 0.63068181818181823 0.98611111111111127 0.54847926267281111 0.86284463023788216 0.93764952153110059 0.95000000000000007 0.16843971631205676 0.78888888888888908 0.96168010752688182 0.98611111111111127 0.11882352941176472 0.059714795008912663 0.86784613958684831 0.9979423868312759 0.079473684210526321 1.0000000180025095e-35 0.43650793650793657 0.45534290271132377 0.9979423868312759 0.87500000000000011 0.95000000000000007 0.86219390304847587 0.13840996168582378 0.58571428571428574 1.0000000180025095e-35 0.12310606060606062 0.11437908496732027 0.95000000000000007
decision_type=2 2 2 2 2 2 2 2 2 2 2 2 2 2 2 2 2 2 2 2 2 2 2 2 2 2 2 2 2 2
left_child=2 5 10 4 24 14 7 8 13 -10 16 12 -12 -3 -2 18 -1 27 28 -20 21 23 -23 -8 -4 -18 -27 -6 -7 -5
right_child=1 6 3 29 17 15 20 -9 9 -11 11 -13 -14 -15 -16 -17 25 -19 19 -21 -22 22 -24 -25 -26 26 -28 -29 -30 -31
leaf_value=0.071355683839603543 -0.046162015353124038 0.15480552155283248 -0.051678415806781224 0.085107514932574624 0.0078101563688410969 0.097094519146725913 0.13075586327416636 0.13362080469364637 0.094039205157289293 0.03585097974519131 -0.050403044504076913 0.1265750647575071 0.12196541144145448 0.11582206217522872 0.076148486869410795 0.12100758599785805 -0.052590989805996538 -0.018755863907056979 0.031656420423265601 0.12864252086212091 0.13250492002432021 0.069932554027478347 0.13307676199668511 0.069179332088892181 0.020904665367804054 0.032987128427540369 -0.049283114767320411 0.11597672167042763 0.0017658367311849535 0.11438991829964232
leaf_weight=8.8220184259116632 149.04713126271963 188.79998198896646 847.68844621628523 179.10566014796495 8.4436818771064264 12.773349933326243 4112.3439105451107 1562.9349804371595 1830.0017570853233 267.21010626107454 58.739357564598322 30.741967156529427 9.6305027008056623 744.5952261313796 12.149819336831568 60.619739167392254 34944.730484556407 9.1907819546759111 25.692811854183674 39.03756257891655 5353.2819571048021 376.96055227518082 148.17932067811489 30.041494973003864 21.548824701458216 84.819846790283918 1222.7650270834565 76.774147022515535 40.888014055788517 145.26000352203846
leaf_count=101 2250 882 17022 1085 114 97 18793 6695 11149 1810 1127 152 66 3875 75 304 719155 119 162 227 22912 2755 634 165 190 1118 24346 473 310 762
internal_value=-0.0016252 0.121014 -0.0503398 -0.00209597 -0.0358629 0.0250669 0.123248 0.11015 0.0980462 0.0866253 -0.0520488 0.0212398 -0.0261234 0.123707 -0.0369432 0.080906 -0.0522491 0.0931862 0.0603729 0.0901468 0.129252 0.125521 0.08775 0.130309 -0.049879 -0.0522792 -0.0439464 0.105259 0.0244575 0.098221
internal_weight=52602.8 14954.6 37648.3 1288.01 963.646 340.208 14614.3 4593.54 3030.61 2097.21 36360.2 99.1118 68.3699 933.395 161.197 179.011 36261.1 94.4086 118.392 64.7304 10020.8 4667.53 525.14 4142.39 869.237 36252.3 1307.58 85.2178 53.6614 324.366
internal_count=838925 73095 765830 19765 17918 3425 69670 24411 17716 12959 746065 1345 1193 4757 2325 1100 744720 706 796 389 45259 22347 3389 18958 17212 744619 25464 587 407 1847
is_linear=0
shrinkage=0.05


Tree=8
num_leaves=31
num_cat=0
split_feature=13 15 13 7 1 10 13 0 11 7 11 13 0 11 13 17 3 15 23 3 5 15 15 0 3 3 8 5 15 3
split_gain=112376 1862.74 1214.54 1086.66 1022.98 1140.15 577.588 332.171 296.208 269.126 929.671 305.37 235.272 231.171 326.085 292.742 211.945 102.771 94.9838 88.119 79.6036 66.4947 64.3605 55.5579 53.3896 50.7187 46.8004 75.8856 38.3251 30.8555
threshold=0.65485893416927909 1.0000000180025095e-35 0.94148770619358868 0.89444444444444449 0.93348815322499534 0.98611111111111127 0.53866082104424085 0.13921188630490958 0.79261711247172417 0.64583333333333337 1.0000000180025095e-35 0.58434262366846645 0.059714795008912663 0.9201073044602458 0.974521259331386 0.70833333333333337 0.86425061425061434 1.0000000180025095e-35 1.0000000180025095e-35 0.3275707898658719 0.77618722350963065 1.0000000180025095e-35 1.0000000180025095e-35 0.059714795008912663 0.7435215946843855 0.87026647966339421 1.0000000180025095e-35 0.57783260057793318 1.0000000180025095e-35 0.72871572871572876
decision_type=2 2 2 2 2 2 2 2 2 2 2 2 2 2 2 2 2 2 2 2 2 2 2 2 2 2 2 2 2 2
left_child=4 2 3 7 9 6 21 20 23 -1 18 28 -10 24 15 -15 -9 -13 -11 -3 -2 -6 -8 -5 -4 26 27 -21 -12 -28
right_child=1 19 13 8 5 -7 22 16 12 10 11 17 -14 14 -16 -17 -18 -19 -20 25 -22 -23 -24 -25 -26 -27 29 -29 -30 -31
leaf_value=-0.052410306930021189 0.16727186506780301 0.0043988004903950384 0.027822204631141535 0.1315902372860249 -0.051570645907811977 0.094985579106942206 0.051617680162587679 -0.039972863474118533 0.13151582224033753 0.083033104169177613 -0.051920976660364493 0.020704286807409763 0.044061587060651219 0.10696879696813606 0.11336503745753464 -0.0081019797794116468 0.018980256388544385 0.17342911452624776 -0.0045248656012741454 0.099859452077855848 0.045975238185213471 0.076117338487524042 0.14692920262211978 0.098431725645351201 0.11861761111016189 0.12289178282719369 0.082118720544336235 0.0093312776710184047 0.0058240473342620344 0.12822039633407042
leaf_weight=33506.159209210426 39.001770056784153 15.881604965776203 16.342475850135088 161.1848821491003 551.07929609715939 244.20920860767365 33.464819431304932 210.35842775180936 91.356116451323032 170.45593844354153 1297.7645979933441 28.464896488934755 486.12871108949184 89.468370847404003 323.38250131905079 144.60043536126614 553.89514892548323 17.968567848205566 37.852337852120399 118.5663988776505 20.707872904837132 10.388132374733685 37.626987718045712 584.13999047130346 1744.7190124318004 10620.288856990635 45.861266113817692 28.76510588824749 29.38443736359477 173.98695551976562
leaf_count=722771 219 156 116 696 11434 1300 320 3014 401 1257 27146 354 3096 536 1518 1353 4473 105 438 566 126 112 178 3073 8079 44561 221 127 415 764
internal_value=-0.00165605 0.111037 0.0838 0.0567005 -0.0501258 0.00322027 -0.0322071 0.0116272 0.0847761 -0.0514588 -0.0313057 -0.0462327 0.0578965 0.108892 0.0808305 0.0358816 0.00275359 0.0798049 0.0671227 0.12209 0.125205 -0.0492082 0.102064 0.105603 0.117775 0.12226 0.10399 0.0821847 -0.0506424 0.118603
internal_weight=51433.5 15468.6 4465.29 2146.77 35964.8 876.768 632.559 823.963 1322.81 35088 1581.89 1373.58 577.485 2318.51 557.451 234.069 764.254 46.4335 208.308 11003.4 59.7096 561.467 71.0918 745.325 1761.06 10987.5 367.18 147.332 1327.15 219.848
internal_count=838925 73095 26700 15098 765830 13344 12044 7832 7266 752486 29715 28020 3497 11602 3407 1889 7487 459 1695 46395 345 11546 498 3769 8195 46239 1678 693 27561 985
is_linear=0
shrinkage=0.05


Tree=9
num_leaves=31
num_cat=0
split_feature=14 15 2 11 14 14 7 11 14 12 0 15 0 4 11 0 14 7 7 10 15 15 17 14 2 14 23 10 7 23
split_gain=100762 1619.8 1156.23 1679.11 1055.67 1006.4 725.883 388.246 342.671 287.61 156.013 154.917 139.739 123.924 113.517 106.584 144.841 97.3594 83.4682 198.398 152.188 62.7486 53.5007 46.639 45.8944 42.5658 42.0569 38.5022 36.216 35.938
threshold=0.22902097902097904 1.0000000180025095e-35 0.86391694725028068 1.0000000180025095e-35 0.13100686498855837 0.44949494949494956 0.89444444444444449 0.90567728650512891 0.71714285714285719 0.97315315315315332 0.13921188630490958 1.0000000180025095e-35 0.079473684210526321 0.093668211860703954 0.79261711247172417 0.15184453227931491 0.73798627002288331 0.38750000000000007 0.64583333333333337 0.98611111111111127 1.0000000180025095e-35 1.0000000180025095e-35 1.0000000180025095e-35 0.8973684210526317 0.7590571802706243 0.11651583710407241 1.0000000180025095e-35 0.71887913223140509 0.89444444444444449 1.0000000180025095e-35
decision_type=2 2 2 2 2 2 2 2 2 2 2 2 2 2 2 2 2 2 2 2 2 2 2 2 2 2 2 2 2 2
left_child=2 5 18 29 21 6 10 15 9 -9 -2 27 -8 -3 -14 -7 -17 -12 -1 20 -20 -5 -23 -10 -15 -22 28 -6 -21 -4
right_child=1 13 3 4 11 7 12 8 23 -11 17 -13 14 24 -16 16 -18 -19 19 26 25 22 -24 -25 -26 -27 -28 -29 -30 -31
leaf_value=-0.052241984014686715 0.10403218417444648 -0.0072679855653934207 0.082186500733955059 -0.051846536107947531 0.0079858646428878216 0.11471164574373161 0.11738601465341979 0.017048878984075543 0.084638125196081049 0.11438498947159928 -0.049161214772363251 0.12520627153098704 0.083166937999935964 0.10469011896180916 0.033036038071684835 0.08068784746802822 0.1097722523556874 -0.00040147172561468296 -0.049334996384193072 0.11472145935263343 -0.011079901448928793 -0.011221330261761031 0.16189088727775588 0.12144396500431434 0.11461492071855016 0.12455598467271117 -0.024311141561131726 0.07937733611767471 0.022087464997131538 0.035167417086879281
leaf_weight=31863.839312165976 28.178601466119289 21.30197786539793 367.65682845935225 1393.7321654446423 57.718842204660177 874.99695370346308 134.79679962992668 409.25772982090712 222.88311599940062 93.169017754495144 156.2845010496676 90.163545329123735 238.1342157907784 1320.633944042027 214.77076678723097 985.33756357431412 756.88116037845612 296.78941873833537 464.42580079287291 27.086274847388268 8.9497563540935534 20.976285405457023 5.6694848909974089 140.21914078295231 9872.159652274102 16.354109469801188 12.777591623365877 28.07037964835763 17.283847980201244 45.689586382359266
leaf_count=720290 158 261 2128 30580 517 3774 583 3189 1240 433 2755 418 1298 5687 1340 5521 3319 2669 9960 219 140 308 32 582 40536 89 176 211 113 399
internal_value=-0.00167898 0.103004 -0.0496276 -0.0128261 -0.0360825 0.0778483 0.0354108 0.0908735 0.0618439 0.0350987 -0.0101211 0.0794425 0.0726956 0.113215 0.0593945 0.100474 0.0933231 -0.0172208 -0.0519096 -0.0325413 -0.0428289 -0.0503934 0.0256122 0.0988514 0.113444 0.0765828 0.0556189 0.0313453 0.078637 0.0769892
internal_weight=50186.2 15765.8 34420.4 2009.68 1596.33 4551.7 1068.95 3482.74 865.529 502.427 481.253 175.953 587.702 11214.1 452.905 2617.22 1742.22 453.074 32410.7 546.877 489.73 1420.38 26.6458 363.102 11192.8 25.3039 57.1477 85.7892 44.3701 413.346
internal_count=838925 73345 765580 34593 32066 26861 8803 18058 5444 3622 5582 1146 3221 46484 2638 12614 8840 5424 730987 10697 10189 30920 340 1822 46223 229 508 728 332 2527
is_linear=0
shrinkage=0.05


Tree=10
num_leaves=31
num_cat=0
split_feature=14 15 6 6 10 14 14 2 11 1 3 15 10 14 14 1 14 5 11 15 6 6 12 15 3 6 5 10 6 11
split_gain=91419 1497.76 1359.4 1181.03 1118.47 971.198 750.682 597.46 494.334 277.807 124.819 106.462 101.804 134.533 81.2258 76.7624 109.499 54.0269 202.826 186.369 69.6892 49.2049 48.6487 44.1714 43.4023 51.6949 38.9177 23.2333 21.7685 18.186
threshold=0.22902097902097904 1.0000000180025095e-35 0.63068181818181823 0.95000000000000007 0.98611111111111127 0.7231800766283526 0.11651583710407241 0.72595520421607385 0.79261711247172417 0.96168010752688182 0.58885448916408678 1.0000000180025095e-35 0.98611111111111127 0.11651583710407241 0.54195804195804198 0.93896677559912867 0.8973684210526317 0.64897080119270145 1.0000000180025095e-35 1.0000000180025095e-35 0.58571428571428574 0.95000000000000007 0.90335035496325822 1.0000000180025095e-35 0.87585616438356173 0.32051282051282054 0.57783260057793318 0.26172161172161179 0.95000000000000007 0.56653086439842681
decision_type=2 2 2 2 2 2 2 2 2 2 2 2 2 2 2 2 2 2 2 2 2 2 2 2 2 2 2 2 2 2
left_child=2 3 9 5 6 7 23 14 -9 17 22 21 13 -11 -2 16 -7 -1 20 -20 -19 -8 -3 -4 25 27 -27 -12 -6 -25
right_child=1 10 4 -5 28 15 11 8 -10 12 24 -13 -14 -15 -16 -17 -18 18 19 -21 -22 -23 -24 29 -26 26 -28 -29 -30 -31
leaf_value=-0.05215318745995328 -0.038190570026042259 -0.0145595270257739 -0.051686734113394563 0.11215661307834482 0.064044811898871637 0.069366676003551828 0.00031901867001162096 0.074434725788161168 0.023880602065927105 -0.04737796035220844 0.064020658087414334 0.10835592585143039 0.10026038943799583 0.10321656643474149 0.017240755022901715 0.11373998149222607 0.1110988032185557 0.0022111437145425137 -0.051052886721941929 0.065453206972857933 0.097774982497580626 0.079789993217269359 0.081013611366039351 0.15365408734647903 0.10694787918445013 0.10516664582114815 0.066370165974347459 -0.01909508494533909 0.088578878200995317 0.0094348564771769231
leaf_weight=30269.382078144699 247.27918478101492 28.665188658982515 730.12912320718169 1329.152234017849 202.35087018460035 400.09210892766714 55.118948113173246 950.69416630640626 984.10939288139343 51.980739187449217 22.289685532450676 81.386434815824032 34.129781618714333 20.750479348003864 90.19327600300312 390.40312322229147 258.8954613506794 70.530476864427328 1093.8909161910415 35.437373630702496 26.150711193680763 30.121467068791389 24.864447735249996 2.6550098061561576 10932.526914771646 266.17664445191622 85.372581224888563 13.500229746103285 163.4392107874155 12.371471557766197
leaf_count=717721 3743 317 16862 5414 1085 2028 594 5329 6917 1128 95 348 152 106 675 1696 1059 916 24907 425 227 182 130 21 44329 1139 364 110 762 144
internal_value=-0.00169491 0.0962298 -0.0494192 0.0723251 0.00114526 0.0563866 -0.0284867 0.0380135 0.0487211 -0.0514634 0.106005 0.0674542 0.0290182 -0.0044128 -0.0233759 0.0961705 0.0857619 -0.0517364 -0.0414466 -0.047397 0.0280596 0.0284017 0.0298341 -0.0499403 0.106365 0.0899168 0.095745 0.0326688 0.0750069 0.0349168
internal_weight=48904 16024.2 32879.8 4650.82 1277.57 3321.67 911.782 2272.28 1934.8 31602.3 11373.4 166.627 106.861 72.7312 337.472 1049.39 658.988 31495.4 1226.01 1129.33 96.6812 85.2404 53.5296 745.156 11319.9 387.339 351.549 35.7899 365.79 15.0265
internal_count=838925 73345 765580 26861 19998 21447 18151 16664 12246 745582 46484 1124 1386 1234 4418 4783 3087 744196 26475 25332 1143 776 447 17027 46037 1708 1503 205 1847 165
is_linear=0
shrinkage=0.05


Tree=11
num_leaves=31
num_cat=0
split_feature=13 15 2 11 13 7 14 0 0 14 11 15 5 7 10 15 4 13 23 2 9 8 13 13 14 1 13 7 23 15
split_gain=83977.9 1437.65 957.647 1473.53 872.396 843.895 708.379 366.669 273.589 237.294 194.444 89.5938 67.9868 60.446 205.971 75.4731 60.2159 48.7488 47.5733 38.6728 54.3997 39.5031 33.246 32.7214 64.2285 82.9072 31.3369 29.4754 28.0037 20.6309
threshold=0.65485893416927909 1.0000000180025095e-35 0.86391694725028068 1.0000000180025095e-35 0.9805186590765339 0.89444444444444449 0.13100686498855837 0.13921188630490958 0.059714795008912663 0.44949494949494956 0.89043787753465187 1.0000000180025095e-35 0.77618722350963065 0.58571428571428574 0.98611111111111127 1.0000000180025095e-35 0.093668211860703954 0.54847926267281111 1.0000000180025095e-35 0.81120250685468098 0.26138716356107666 1.0000000180025095e-35 0.61004928476980413 0.9979423868312759 0.7633053221288516 0.93348815322499534 0.61004928476980413 0.89444444444444449 1.0000000180025095e-35 1.0000000180025095e-35
decision_type=2 2 2 2 2 2 2 2 2 2 2 2 2 2 2 2 2 2 2 2 2 2 2 2 2 2 2 2 2 2
left_child=2 4 13 28 5 7 22 12 -7 -9 -10 26 -2 -1 15 -15 -3 -17 27 20 21 -18 29 24 -6 -26 -8 -16 -4 -5
right_child=1 16 3 6 23 8 11 9 10 -11 -12 -13 -14 14 18 17 19 -19 -20 -21 -22 -23 -24 -25 25 -27 -28 -29 -30 -31
leaf_value=-0.052042172799555447 0.13785601075497303 0.0051030498657984869 0.069559250110982948 -0.051957207513999841 0.10429839224012416 0.10890488065413029 0.0027650736774074381 -0.017316873708006959 0.073201227064797009 0.030462003308838276 0.034787351602003656 0.11492035182302632 0.0476074083663331 -0.050226174302604655 0.095123996650340006 -0.015483019979020157 0.045672656639811904 0.14768949649403351 -0.030251583912511912 0.10156334330849758 0.096865294066731153 0.088143213719647465 0.1008261131625664 0.10276150419557313 0.025055996114087781 0.11607562132405583 0.073148908687890521 0.016487807579559342 0.029090891777397279 -0.0030514294499977713
leaf_weight=28887.77366964519 69.472532831132412 16.647722419351339 392.65713168308139 1263.3481243513525 156.33140701055527 403.68250638246536 38.831789739429951 449.76766057685018 1255.3201485723257 615.49332777410746 446.63479759544134 63.062376704066992 29.827825956046581 508.65820290520787 34.782733753323555 11.152653910219671 92.662018842995167 7.7637125588953486 15.982378125190733 9561.3107156604528 1686.702023755759 133.82505666464567 3.6099724508821955 1211.9484438449144 76.330088689923286 37.217104539275169 26.679610766470432 18.127008117735386 47.971599727869034 21.938877787441015
leaf_count=718543 338 164 2128 30523 646 1664 424 5145 6078 4344 2905 307 164 12111 272 170 395 47 236 38423 6854 559 36 4885 368 163 206 113 399 315
internal_value=-0.00170552 0.0905613 -0.0495228 -0.0147077 0.0674298 0.0530087 -0.039533 0.018855 0.071898 0.0102891 0.0631205 0.0723795 0.110747 -0.0517169 -0.0359617 -0.0465792 0.100127 0.0514867 0.0453471 0.100265 0.0937758 0.0707674 -0.0506968 0.0992554 0.0835103 0.0548893 0.031429 0.068183 0.0651534 -0.0511224
internal_weight=47585.5 16243.2 31342.3 1858.1 4752.03 3270.2 1417.47 1164.56 2105.64 1065.26 1701.95 128.574 99.3004 29484.2 596.467 527.575 11491.1 18.9164 68.8921 11474.5 1913.19 226.487 1288.9 1481.83 269.879 113.547 65.5114 52.9097 440.629 1285.29
internal_count=838925 73095 765830 34338 26700 20638 31811 9991 10647 9489 8983 937 502 731492 12949 12328 46395 217 621 46231 7808 954 30874 6062 1177 531 630 385 2527 30838
is_linear=0
shrinkage=0.05


Tree=12
num_leaves=31
num_cat=0
split_feature=14 15 6 6 10 14 14 2 11 7 11 15 14 6 15 6 12 14 14 2 2 15 6 14 2 9 8 6 6 11
split_gain=76407.9 1316.83 1293.15 1047.96 899.496 797.451 649.188 465.367 392.372 128.471 314.523 275.771 96.0878 92.2081 83.446 77.6336 65.6074 59.8772 57.7968 62.4714 49.6009 41.3356 40.4964 39.4433 31.8781 45.1022 40.5134 20.8701 18.9766 16.7156
threshold=0.22902097902097904 1.0000000180025095e-35 0.63068181818181823 0.95000000000000007 0.98611111111111127 0.7231800766283526 0.11651583710407241 0.70087719298245621 0.79261711247172417 0.58571428571428574 1.0000000180025095e-35 1.0000000180025095e-35 0.11651583710407241 0.24038461538461542 1.0000000180025095e-35 0.47727272727272735 0.83621460506706424 0.54195804195804198 0.8973684210526317 0.81120250685468098 0.83096903096903107 1.0000000180025095e-35 0.95000000000000007 0.1526806526806527 0.81120250685468098 0.19803921568627456 1.0000000180025095e-35 0.58571428571428574 0.95000000000000007 0.89043787753465187
decision_type=2 2 2 2 2 2 2 2 2 2 2 2 2 2 2 2 2 2 2 2 2 2 2 2 2 2 2 2 2 2
left_child=2 3 9 5 6 7 21 17 -9 29 15 23 -13 16 22 -11 20 -2 19 -7 -3 -4 -8 -12 25 26 -15 -17 -6 -1
right_child=1 13 4 -5 28 18 14 8 -10 10 11 12 -14 24 -16 27 -18 -19 -20 -21 -22 -23 -24 -25 -26 -27 -28 -29 -30 -31
leaf_value=-0.051878187487069051 -0.039806197269180235 -0.027588394739818223 -0.051388916866653624 0.10094914627030199 0.054422217222261482 0.04484335709137701 -0.00032278638970222392 0.062971794716230281 0.019309998622602777 -0.020962996935255402 -0.051943998028418752 -0.023088119040667293 0.11858306243502997 0.037203884740797083 0.09554450130988569 0.036034644757271625 0.077644990361920435 0.011149965121671157 0.099150983002144366 0.083013750026420655 0.11504180643219092 0.031825334245072501 0.070897541312072307 0.00090048523692933728 0.096393564659576908 0.091853920255978674 0.084645656366691732 0.083196649501015657 0.076728657354743712 0.17735400581924479
leaf_weight=27557.327435377985 216.12684713304043 32.758182112127542 664.70701647177339 1344.3321090191603 213.9426845908165 134.13570846617222 55.244549490511417 1020.6634146906435 1037.7110492512584 40.835936613380909 978.68150847405195 18.632661011070013 33.464519381523132 73.925041984766722 83.207888588309288 43.368100583553314 77.462648048996925 78.62376519292593 412.5182640850544 533.6751723960042 7.4889697432517996 15.266161546111105 31.249750424176455 36.633048702031374 9497.6450710743666 1674.346716709435 115.01117548719049 51.093115210533142 171.99670745432377 0.79528753459453483
leaf_count=718711 3533 367 16862 5414 1085 698 594 5496 7063 492 24626 306 187 321 348 445 346 572 1657 2428 31 165 182 482 38132 6808 479 329 762 4
internal_value=-0.00171228 0.0855833 -0.0490217 0.0635258 0.00106453 0.0488732 -0.027687 0.0325459 0.0409601 -0.0511735 -0.0351773 -0.0442805 0.0679141 0.0947643 0.0597974 0.0366415 0.0507382 -0.0262138 0.0844364 0.0753469 -0.00104855 -0.0495207 0.0254086 -0.0500373 0.0952204 0.0892408 0.0660831 0.0615441 0.0643632 -0.0518716
internal_weight=46252.9 16256.4 29996.4 4777.79 1235.61 3433.45 849.675 2353.13 2058.37 28760.8 1202.71 1067.41 52.0972 11478.6 169.702 135.297 117.71 294.751 1080.33 667.811 40.2472 679.973 86.4943 1015.31 11360.9 1863.28 188.936 94.4612 385.939 27558.1
internal_count=838925 73345 765580 26861 19998 21447 18151 16664 12559 745582 26867 25601 493 46484 1124 1266 744 4105 4783 3126 398 17027 776 25108 45740 7608 800 774 1847 718715
is_linear=0
shrinkage=0.05


Tree=13
num_leaves=31
num_cat=0
split_feature=13 15 6 6 13 10 1 13 6 1 0 10 13 7 11 13 6 6 13 1 15 15 13 2 2 9 1 1 6 0
split_gain=70738.3 1294.51 1087.51 997.9 914.367 905.852 494.794 453.396 265.928 183.484 118.364 101.934 61.2238 50.9158 171.884 138.87 49.857 48.4775 47.7391 49.8993 43.9135 40.2486 33.9343 30.1279 29.8487 34.5972 32.4796 24.3798 16.7916 20.8492
threshold=0.65485893416927909 1.0000000180025095e-35 0.63068181818181823 0.95000000000000007 0.9805186590765339 0.98611111111111127 0.95754013329469723 0.54847926267281111 0.43650793650793657 0.96168010752688182 0.059714795008912663 0.98611111111111127 0.49890829694323152 0.58571428571428574 1.0000000180025095e-35 0.57544101704937434 0.24038461538461542 0.47727272727272735 0.9979423868312759 0.92840996168582379 1.0000000180025095e-35 1.0000000180025095e-35 0.84877072612921667 0.70997889659330737 0.83096903096903107 0.26365441906653431 0.87360588972431097 0.95754013329469723 0.95000000000000007 0.40129870129870138
decision_type=2 2 2 2 2 2 2 2 2 2 2 2 2 2 2 2 2 2 2 2 2 2 2 2 2 2 2 2 2 2
left_child=2 3 9 4 6 7 8 21 -2 13 -8 12 -11 -1 17 -16 22 -15 19 -6 27 -4 23 -3 25 26 -18 -9 29 -7
right_child=1 16 5 -5 18 28 10 20 -10 11 -12 -13 -14 14 15 -17 24 -19 -20 -21 -22 -23 -24 -25 -26 -27 -28 -29 -30 -31
leaf_value=-0.051824779231431584 -0.021411954407677149 -0.05015969484379882 -0.050722012418569766 0.096151852528322548 0.043065915490452779 0.059388201141188562 0.12143365789423793 0.0076924187855093584 0.026043876979320264 -0.050073040762789303 0.059119588478035216 0.085057999358273517 0.07610202500557596 -0.025360965717951846 -0.050942657503083077 0.056095547996147833 0.053025609021031664 0.044908952937926398 0.092243953701778097 0.095563723267725276 0.09594711867656365 0.019815598274746417 0.068899240136632386 0.095340775127620792 0.091998735601042381 0.087776471472172046 0.089329587973336136 0.081281810893654882 0.07126085969546192 0.023682249822544479
leaf_weight=26272.918210666627 366.2323182374239 12.163215938955547 646.61930003017187 1350.490654617548 112.45777373015881 164.43961280584335 88.456297174096107 35.466841042041779 1522.1741266436875 44.264779459685087 550.24723518639803 35.901144430041313 12.28176189213991 38.353091575205326 913.41983140259981 31.341648396104574 148.54339541494846 68.166363228112459 782.24246557056904 75.755055159330368 52.298362299799919 20.876090906560421 92.460407573729753 5.0287062451243392 9278.6548054367304 1837.6240305379033 105.26931810379028 16.486651659011841 175.82932807505131 54.41162545979023
leaf_count=719167 4135 114 17018 5440 507 772 383 378 9940 1103 2833 152 90 484 23995 423 617 651 3145 317 215 194 422 22 37373 7421 426 113 762 313
internal_value=-0.00171586 0.0813098 -0.0491434 0.0596456 0.0455497 -0.00185976 0.0297073 -0.0333702 0.0168404 -0.0511551 0.0677497 0.0191662 -0.0226681 -0.051393 -0.0406031 -0.0473918 0.0904589 0.0196078 0.0868043 0.0641961 0.0636034 -0.0485159 0.0569052 -0.00760022 0.0907825 0.0853865 0.0680828 0.0310449 0.0597549 0.0505109
internal_weight=44910.9 16327.8 28583.1 4848.06 3497.57 1166.43 2527.11 771.747 1888.41 27416.6 638.704 92.4477 56.5465 27324.2 1051.28 944.761 11479.7 106.519 970.455 188.213 104.252 667.495 109.652 17.1919 11370.1 2091.44 253.813 51.9535 394.681 218.851
internal_count=838925 73095 765830 26700 21260 19765 17291 17918 14075 746065 3216 1345 1193 744720 25553 24418 46395 1135 3969 824 706 17212 558 136 45837 8464 1043 491 1847 1085
is_linear=0
shrinkage=0.05


Tree=14
num_leaves=31
num_cat=0
split_feature=13 15 6 6 10 13 1 3 14 1 0 10 3 0 13 14 15 6 13 14 12 6 15 1 0 1 8 3 4 13
split_gain=65233.1 1358.81 1002.64 927.777 911.922 895.748 473.708 308.567 253.375 152.599 104.853 104.666 81.0116 47.8561 47.2835 75.8613 43.427 42.9819 45.2659 36.8049 35.0021 174.689 23.1569 21.2769 21.0555 24.7271 18.7002 73.5272 26.3145 16.8929
threshold=0.62782210151077933 1.0000000180025095e-35 0.95000000000000007 0.63068181818181823 0.98611111111111127 0.9805186590765339 0.95754013329469723 0.86425061425061434 0.12310606060606062 0.96168010752688182 0.059714795008912663 0.98611111111111127 0.81165540540540559 0.079473684210526321 0.9979423868312759 0.7633053221288516 1.0000000180025095e-35 0.43650793650793657 0.8865422123154082 0.13423423423423428 1.0000000180025095e-35 0.43650793650793657 1.0000000180025095e-35 0.83240728309592282 0.45049019607843144 0.90498325035343308 1.0000000180025095e-35 0.97498436522826781 0.70713825151378018 0.49890829694323152
decision_type=2 2 2 2 2 2 2 2 2 2 2 2 2 2 2 2 2 2 2 2 2 2 2 2 2 2 2 2 2 2
left_child=3 2 5 9 8 6 7 -2 22 13 -8 19 17 -1 15 -7 -10 18 23 -11 21 -15 -5 -3 25 -19 27 28 -14 -24
right_child=1 12 -4 4 -6 14 10 -9 16 11 -12 -13 26 20 -16 -17 -18 24 -20 -21 -22 -23 29 -25 -26 -27 -28 -29 -30 -31
leaf_value=0.064792947598552308 -0.035916939384455338 -0.048196294379358913 0.091976715354388172 -0.051449695524586538 0.055695205977845809 0.090806866155112853 0.11294556338195672 0.021860266565290977 0.0089819057174311597 -0.048779524613420638 0.055039011829167997 0.079501773531623798 0.069683290363255379 -0.04973503317658054 0.087961143072169221 0.027701035377598889 0.079220736401925229 0.027950622037124385 0.051823050141149345 0.073281861712552271 -0.051743337074426368 0.016612690611046511 -0.019539737817736807 0.076962819758525078 0.091798562010447268 0.093986075867937391 0.087879070864794073 0.085742937717140477 0.024871534709958388 0.10547303555423121
leaf_weight=8.8675221316516382 267.33113674819469 19.821309376508001 1348.8783980086446 604.01538922265172 402.07093788683414 98.13380092382431 90.662850871682167 1704.4698506854475 49.535265944898129 43.633214667439461 567.54378359019756 36.473871737718582 61.841877035796642 858.10484870523214 779.37416751682758 92.525120690464973 39.597508102655411 37.18487411737442 78.406099453568459 7.1939500570297232 25006.601211354136 112.17912063002586 9.9711065329611284 4.0976326018571845 84.946304105222225 22.910410076379776 10066.428089857101 987.43981101363897 69.666043046861887 3.70693490281701
leaf_count=101 4556 210 5469 16873 1847 400 384 11111 521 1133 2862 152 251 24057 3145 424 170 153 364 42 717023 1899 130 20 348 92 40865 4013 283 27
internal_value=-0.00171683 0.0770972 0.05521 -0.0492154 -0.00442329 0.0414341 0.0262872 0.014027 -0.0386211 -0.0511204 0.0630152 0.014874 0.0865715 -0.0513422 0.0825012 0.0601822 0.0401857 0.0582692 0.0334551 -0.0315033 -0.0513818 -0.0420643 -0.0499929 -0.0267549 0.0757752 0.0531256 0.0871975 0.0810655 0.0459444 0.0143404
internal_weight=43563.6 16381.7 4948.92 27182 1108.9 3600.04 2630.01 1971.8 706.826 26073.1 658.207 87.301 11432.7 25985.8 970.033 190.659 89.1328 247.367 102.325 50.8272 25976.9 970.284 617.693 23.9189 145.042 60.0953 11185.4 1118.95 131.508 13.678
internal_count=838925 74950 28351 763975 19568 22882 18913 15667 17721 744407 3246 1327 46599 743080 3969 824 691 1187 594 1175 742979 25956 17030 230 593 245 45412 4547 534 157
is_linear=0
shrinkage=0.05


Tree=15
num_leaves=31
num_cat=0
split_feature=13 15 6 6 10 13 2 14 0 7 0 10 3 14 13 14 15 6 13 11 5 23 15 2 7 3 8 0 2 11
split_gain=60312.2 1304.4 941.483 908.307 831.302 826.113 420.712 239.794 223.453 193.475 145.971 151.146 79.4181 54.567 46.6404 67.9787 39.0985 38.7103 40.307 35.0356 168.716 47.6392 22.5472 20.2739 20.0547 19.6369 32.4711 18.6175 33.4452 16.1255
threshold=0.62782210151077933 1.0000000180025095e-35 0.95000000000000007 0.63068181818181823 0.98611111111111127 0.9805186590765339 0.86391694725028068 0.12310606060606062 0.059714795008912663 0.89444444444444449 0.15184453227931491 0.98611111111111127 0.81165540540540559 0.19615384615384621 0.9979423868312759 0.7633053221288516 1.0000000180025095e-35 0.43650793650793657 0.8865422123154082 1.0000000180025095e-35 0.60412511091216492 1.0000000180025095e-35 1.0000000180025095e-35 0.83096903096903107 0.58571428571428574 0.88416815742397159 1.0000000180025095e-35 0.45049019607843144 0.72850122850122856 0.86784613958684831
decision_type=2 2 2 2 2 2 2 2 2 2 2 2 2 2 2 2 2 2 2 2 2 2 2 2 2 2 2 2 2 2
left_child=3 2 5 10 7 6 9 22 -8 -2 11 13 17 -1 15 -7 -9 18 -3 20 24 -22 -5 25 -12 26 -14 28 -19 -21
right_child=1 12 -4 4 -6 14 8 16 -10 -11 19 -13 23 -15 -16 -17 -18 27 -20 29 21 -23 -24 -25 -26 -27 -28 -29 -30 -31
leaf_value=-0.046570876149079593 -0.0079540359911638887 -0.026014424070246574 0.088232414862093295 -0.051327937868481867 0.051990494714733194 0.085563140371531718 0.1108866051500951 0.0084799155243561221 0.034479221548692103 0.11211301854515505 -0.049810929089295158 0.079027844913352685 0.026460642188019218 0.10843823226584551 0.08419812576318457 0.026077173057533681 0.074966785864961832 0.011843907778314259 0.048661107739932437 -0.051655629536769936 0.040377372232680668 -0.036428891663316219 0.01354605295171115 0.084720199970643589 0.047480605606667552 0.080281320113897825 0.082339614404102993 0.086744595291658733 0.086457792607262191 0.12295202316498624
leaf_weight=81.495578531175852 857.34886777028441 23.403029017150402 1336.1234602332115 575.88584975898266 408.9980081692338 98.917995244264603 101.53509482741356 49.836282543838024 1661.4752723798156 34.918458051979542 825.27874801307917 42.622391846030951 45.883372955024242 6.1026285886764517 773.63328416645527 93.35042916238308 39.747790843248367 29.043771252036095 79.301614493131638 23797.822457950562 73.265095453709364 27.868169028311968 13.712348908185957 9164.5617067366838 5.3309107087552539 1796.648117236793 59.987661324441433 85.387543052434921 31.101665824651718 1.3223645016551007
leaf_count=2202 9188 230 5469 16873 1847 400 428 521 9115 182 24712 205 188 38 3145 424 170 119 364 716030 694 453 157 37626 64 7354 244 348 126 9
internal_value=-0.00171574 0.0737478 0.0523604 -0.0490384 -0.00432548 0.0391246 0.0247208 -0.0382385 0.0388797 -0.00325527 -0.0509955 0.00180304 0.0831178 -0.035772 0.0787208 0.0566814 0.0379796 0.0551486 0.031645 -0.0512736 -0.0417623 0.0192127 -0.0498192 0.0837451 -0.0491865 0.0790482 0.0581223 0.0717355 0.0504273 -0.0516459
internal_weight=42221.9 16272.6 4957.3 25949.3 1088.18 3621.18 2655.28 679.182 1763.01 892.267 24861.1 130.221 11315.3 87.5982 965.902 192.268 89.5841 248.238 102.705 24730.9 931.743 101.133 589.598 11067.1 830.61 1902.52 105.871 145.533 60.1454 23799.1
internal_count=838925 74950 28351 763975 19568 22882 18913 17721 9543 9370 744407 2445 46599 2240 3969 824 691 1187 594 741962 25923 1147 17030 45412 24776 7786 432 593 245 716039
is_linear=0
shrinkage=0.05


Tree=16
num_leaves=31
num_cat=0
split_feature=14 6 15 6 14 10 14 17 14 1 1 3 3 1 10 14 15 7 10 15 0 6 10 6 15 10 2 3 4 6
split_gain=55514 1157.76 1110.69 807.049 601.136 597.764 489.681 244.131 253.03 243.952 232.074 162.354 92.9973 89.908 73.8006 107.935 61.7297 55.9686 125.354 128.145 53.4562 45.4226 44.0907 38.7747 35.3064 32.0797 22.7599 20.206 39.0729 15.8186
threshold=0.22902097902097904 0.63068181818181823 1.0000000180025095e-35 0.95000000000000007 0.56385869565217395 0.98611111111111127 0.11651583710407241 0.87500000000000011 0.79057017543859665 0.96168010752688182 0.95302231237322521 0.89725545390570038 0.81165540540540559 0.94395499108734415 0.98611111111111127 0.11651583710407241 1.0000000180025095e-35 0.64583333333333337 0.93969696969696981 1.0000000180025095e-35 0.059714795008912663 0.32051282051282054 0.26172161172161179 0.42261904761904767 1.0000000180025095e-35 0.69705627705627726 0.83096903096903107 0.88416815742397159 0.69346300319273613 0.95000000000000007
decision_type=2 2 2 2 2 2 2 2 2 2 2 2 2 2 2 2 2 2 2 2 2 2 2 2 2 2 2 2 2 2
left_child=1 10 3 4 9 6 24 13 -9 11 17 -2 21 -6 15 -12 25 -1 19 -19 -11 22 -4 -20 -3 -8 27 28 -14 -7
right_child=2 5 12 -5 7 29 16 8 -10 20 14 -13 26 -15 -16 -17 -18 18 23 -21 -22 -23 -24 -25 -26 -27 -28 -29 -30 -31
leaf_value=-0.051474726899841144 -0.03952521879933199 -0.050860298250971631 0.050650851797898515 0.08479457905558406 0.057075646282204955 0.039975303933664476 -0.0063543570430051148 0.0037579504518633088 0.066324070347241734 0.1030355618001452 -0.047537952773117065 0.010897376878971162 0.074797315767287445 0.082481464325492582 0.070767606010593176 0.074936621378619075 0.078871825834818263 -0.04983530935016886 -0.030692526580093544 0.051061097965480265 0.043705062680238528 0.062031860412484013 -0.033958188060650547 0.037287862453804436 0.02449254618606124 0.054563617148996858 0.081631322128894512 0.076842206622244169 0.0092892526991910467 0.059633481973750652
leaf_weight=22842.624762095511 195.29730735719204 551.03752333298326 34.485506288707256 1304.9246651083231 946.35784644633532 231.91412665694952 52.263370212167501 385.37949251383543 278.28834173828363 44.406050577759743 58.909313719719648 874.47443091124296 73.013104069977999 550.98135241866112 42.218752816319466 25.897543624043465 82.414474844932556 699.05983149632812 30.91661287099123 32.953078716993332 261.73304166644812 191.19172327592969 27.818407412618399 65.237461790442467 15.996400013566015 36.848161306232214 8976.7466029375792 1763.5702286325395 33.074179492890835 183.15210011601448
leaf_count=721373 3499 16862 165 5414 4506 1085 494 2732 1191 183 1686 5733 306 2339 186 140 348 20802 409 392 1264 802 347 594 165 282 37395 7329 140 762
internal_value=-0.00171307 -0.0482787 0.0711698 0.0511872 0.038788 0.000639153 -0.0263425 0.0552359 0.0299931 0.0129549 -0.0506501 0.00169224 0.0798864 0.0664243 0.0167523 -0.0101378 0.0476817 -0.0510118 -0.038243 -0.0452932 0.0523111 0.0499497 0.0128733 0.01543 -0.0487345 0.0188356 0.080586 0.0755673 0.0543743 0.0486497
internal_weight=40893.2 24951.4 15941.7 4841.84 3536.92 1153.63 738.56 2161.01 663.668 1375.91 23797.8 1069.77 11099.9 1497.34 127.026 84.8069 171.526 23670.8 828.167 732.013 306.139 253.496 62.3039 96.1541 567.034 89.1115 10846.4 1869.66 106.087 415.066
internal_count=838925 765580 73345 26861 21447 19998 18151 10768 3923 10679 745582 9232 46484 6845 2012 1826 1124 743570 22197 21194 1447 1314 512 1003 17027 776 45170 7775 446 1847
is_linear=0
shrinkage=0.05


Tree=17
num_leaves=31
num_cat=0
split_feature=13 11 4 3 13 13 0 17 14 1 7 13 17 1 14 2 14 7 11 2 23 13 11 17 0 5 23 17 0 2
split_gain=51878.2 851.655 1002.59 630.472 303.133 286.739 225.335 206.197 113.159 102.906 99.959 92.4724 233.637 96.3406 61.3536 60.6857 56.1904 150.479 50.8992 47.7529 39.6562 38.7785 30.3525 29.2363 28.2691 29.9802 26.8093 25.8641 22.3768 20.8576
threshold=0.62782210151077933 1.0000000180025095e-35 0.74403493302006318 0.81557067271353001 0.93764952153110059 0.83096903096903107 0.13921188630490958 0.55000000000000016 0.26969696969696971 0.88800900900900914 0.89444444444444449 0.9979423868312759 0.70833333333333337 0.96168010752688182 0.44949494949494956 0.65733855185909984 0.1526806526806527 0.58571428571428574 0.83661171569565984 0.7590571802706243 1.0000000180025095e-35 0.9979423868312759 0.89043787753465187 0.18333333333333338 0.079473684210526321 0.77618722350963065 1.0000000180025095e-35 0.63333333333333341 0.28730158730158734 0.90070422535211281
decision_type=2 2 2 2 2 2 2 2 2 2 2 2 2 2 2 2 2 2 2 2 2 2 2 2 2 2 2 2 2 2
left_child=1 2 9 5 6 22 24 10 16 -1 -8 12 18 -14 -9 -10 -3 29 -6 21 -4 27 -2 -19 -5 -26 -11 -7 -22 -18
right_child=3 8 20 4 11 19 7 14 15 26 -12 -13 13 -15 -16 -17 17 23 -20 -21 28 -23 -24 -25 25 -27 -28 -29 -30 -31
leaf_value=-0.049298247763249765 -0.042517208300059839 -0.051475871808714414 0.046607445552527681 0.079955570265673695 0.064617632664854471 0.028813047055694742 0.045758167532545982 -0.0034931048239826403 -0.052631045782250946 0.1205080102608348 0.065269147625623178 0.079257501409082637 0.033552028046776497 0.073621532384428284 0.034499493262001794 0.080539036692386795 -0.049769729563071657 0.055954760301175889 0.077450655414976755 0.083096547674784027 0.039969281588290467 0.060389959544674188 0.057627868829542163 -0.004460207743560333 0.087897656642013766 0.06115398202949443 -0.014587698240080367 -0.01821714830480765 -0.019260937292358518 0.15876373049345746
leaf_weight=753.6391713898629 171.83913712576032 21926.709998805076 486.73788404650986 1028.3732018917799 1015.4186582565308 133.80723133683205 1041.8481119759381 138.6641960144043 12.981909200549124 11.215953897684814 1774.6083607487381 5354.6647465080023 557.68023663014174 205.20974239706993 454.76430496573448 25.086309183388948 280.54310676828027 44.112843610346317 3232.045730240643 55.992779053747654 27.192690892145038 81.787161141633987 7.9146508127450934 36.672574903815985 131.63113323226571 513.96800744533539 5.4600654728710643 37.405966620892286 38.554927617311478 1.2042385451495636
leaf_count=24543 3679 725720 2504 4384 4395 775 5861 1055 305 108 7986 22766 3062 956 2450 154 9052 331 13796 251 179 348 39 428 559 2290 113 298 528 10
internal_value=-0.00170953 -0.0486965 -0.00971518 0.0680152 0.069784 0.0121042 0.0597834 0.0524079 -0.051006 -0.0465798 0.0580518 0.0746892 0.0698069 0.0443303 0.0256219 0.0351258 -0.0511531 -0.0316292 0.0743827 0.0413145 0.0416841 0.0320675 -0.0381078 0.0285294 0.0748073 0.0666067 0.0762749 0.0185381 0.00523621 -0.0488784
internal_weight=39587.7 23650.1 1322.8 15937.6 15448.9 488.747 5083.86 3409.88 22327.3 770.315 2816.46 10365 5010.35 762.89 593.429 38.0682 22289.2 362.533 4247.46 308.993 552.486 253 179.754 80.7854 1673.97 645.599 16.676 171.213 65.7476 281.747
internal_count=838925 763975 27975 74950 69560 5390 24585 17352 736000 24764 13847 44975 22209 4018 3505 459 735541 9821 18191 1672 3211 1421 3718 759 7233 2849 221 1073 707 9062
is_linear=0
shrinkage=0.05


Tree=18
num_leaves=31
num_cat=0
split_feature=13 15 6 6 13 10 17 14 13 0 10 3 0 6 13 14 14 11 6 3 13 15 15 0 11 0 6 0 11 4
split_gain=48136.3 1294.47 874.764 853.637 735.461 639.781 335.712 431.417 206.259 137.734 116.629 76.9259 75.076 53.98 48.4255 67.5307 44.1802 38.0864 152.128 72.0601 32.4277 31.0502 28.2591 18.7182 17.1894 15.1912 14.3631 17.058 14.2493 13.9949
threshold=0.62782210151077933 1.0000000180025095e-35 0.95000000000000007 0.63068181818181823 0.9805186590765339 0.98611111111111127 0.70833333333333337 0.44949494949494956 0.53866082104424085 0.15184453227931491 0.98611111111111127 0.87026647966339421 0.059714795008912663 0.43650793650793657 0.9979423868312759 0.7633053221288516 0.14907407407407411 1.0000000180025095e-35 0.43650793650793657 0.93063352044907788 0.83096903096903107 1.0000000180025095e-35 1.0000000180025095e-35 0.33630952380952389 0.645706733468 0.39811320754716989 0.95000000000000007 0.40129870129870138 0.60686155538423681 0.86107775762885541
decision_type=2 2 2 2 2 2 2 2 2 2 2 2 2 2 2 2 2 2 2 2 2 2 2 2 2 2 2 2 2 2
left_child=3 2 4 9 6 8 7 -2 22 10 16 13 -8 20 15 -6 -1 18 23 -20 -3 24 -5 -11 -10 -22 27 -7 -24 -12
right_child=1 11 -4 5 14 26 12 -9 21 17 29 -13 -14 -15 -16 -17 -18 -19 19 -21 25 -23 28 -25 -26 -27 -28 -29 -30 -31
leaf_value=-0.048168979668228869 0.00053756462637819457 -0.030884512807908538 0.079877077144149822 -0.050204650905110795 0.076899791537728635 0.042700566094977563 0.1148461274696484 0.044838465468302148 0.050613394176906981 0.0017095560757677951 0.11496396666053384 0.075894009654133718 -0.022392916498345208 0.066816064299965963 0.075817901015293079 0.018204967965888857 0.066947503407969108 -0.051370738427451573 -0.041604524849097518 0.043262968741106224 0.066062624378078291 0.077821683684161827 0.082757202698829288 -0.050149169762876838 -0.015913528851199826 0.027174503121858956 0.053482551392666916 0.011833770328526711 -0.014192656890154282 0.050775219422913548
leaf_weight=68.817805446684361 927.43058103322983 19.547538947314024 1277.1762548089027 510.02523488551378 99.158405810594559 177.98239870369434 10.183794707059858 1348.7973624616861 16.806662946939468 17.844296764582396 11.527532029896973 10378.395722329617 464.25257114879787 279.55217237770557 745.82002951204777 96.888552233576775 9.4833122137933952 20599.47626734525 38.122312998399138 72.732025461271405 35.424941673874855 32.911062344908714 5.0634951293468502 699.48547986522317 22.994151240214705 86.271780155599117 186.16190291941166 59.797684900462627 15.069466620683668 32.243868552148342
leaf_count=2179 8153 209 5469 16942 400 772 46 6653 194 398 62 44692 4061 1155 3145 424 61 716039 1138 730 147 140 49 23657 258 396 762 313 138 143
internal_value=-0.00170517 0.0653261 0.0442084 -0.0485241 0.0318713 -0.00398375 0.0188137 0.0267884 -0.0370802 -0.0506464 0.00231371 0.0750443 -0.0194471 0.0540868 0.0700052 0.0478922 -0.0342268 -0.0509481 -0.0404349 0.0140774 0.0288928 0.0418902 -0.0479111 -0.0488591 0.0121788 0.0384945 0.0430814 0.0349381 0.0101905 0.0676798
internal_weight=38345.4 15768.9 4969.71 22576.5 3692.53 1026.81 2750.66 2276.23 602.87 21549.7 122.073 10799.2 474.436 420.796 941.867 196.047 78.3011 21427.7 828.184 110.854 141.244 72.7119 530.158 717.33 39.8008 121.697 423.942 237.78 20.133 43.7714
internal_count=838925 74950 28351 763975 22882 19568 18913 14806 17721 744407 2445 46599 4107 1907 3969 824 2240 741962 25923 1868 752 592 17129 24055 452 543 1847 1085 187 205
is_linear=0
shrinkage=0.05


Tree=19
num_leaves=31
num_cat=0
split_feature=13 15 6 6 13 10 1 6 14 1 10 3 6 6 11 6 3 15 1 1 13 15 15 13 1 5 1 1 18 13
split_gain=44805.7 1259.14 835.344 834.126 689.952 587.68 347.518 246.231 195.513 131.648 88.417 77.6555 66.681 49.7828 41.3882 162.718 66.2154 36.0838 31.6835 29.5753 29.2151 27.305 21.7897 20.2243 26.759 19.0683 19.5985 18.8219 19.9462 18.8374
threshold=0.62782210151077933 1.0000000180025095e-35 0.63068181818181823 0.95000000000000007 0.98469347910972294 0.98611111111111127 0.96168010752688182 0.43650793650793657 0.12310606060606062 0.95302231237322521 0.98611111111111127 0.87026647966339421 0.78888888888888908 0.43650793650793657 1.0000000180025095e-35 0.43650793650793657 0.90366769774635458 1.0000000180025095e-35 0.88800900900900914 0.89333845366103437 0.8865422123154082 1.0000000180025095e-35 1.0000000180025095e-35 0.9979423868312759 0.94395499108734415 0.5963828510317023 0.8343909897292251 0.93896677559912867 1.0000000180025095e-35 0.9979423868312759
decision_type=2 2 2 2 2 2 2 2 2 2 2 2 2 2 2 2 2 2 2 2 2 2 2 2 2 2 2 2 2 2
left_child=2 3 9 4 6 8 7 -2 22 14 17 13 -8 18 15 19 -17 -11 20 -1 -3 -10 -4 24 -6 -15 -27 28 -13 -30
right_child=1 11 5 -5 23 -7 12 -9 21 10 -12 27 -14 25 -16 16 -18 -19 -20 -21 -22 -23 -24 -25 -26 26 -28 -29 29 -31
leaf_value=-0.05009038946706558 -0.024840689298983587 -0.031680977031986211 -0.05088314363449066 0.077505592095380743 0.031763081666439499 0.040590144927652012 0.062160925382420712 0.017494728588720497 0.0069466610401525165 -0.044935730845539687 0.060530911766861407 0.072731432106010491 0.025989553317974607 0.071655147947832926 -0.051274503896691109 -0.040637666614560586 0.041611031823230817 0.093390607897563857 0.079700055491665797 0.038640939559646183 0.029631088668995709 0.062653634083557883 0.012991666418948092 0.073334646872356496 0.09169664492708772 0.011526048837336531 0.064556868095726486 0.075918056948048679 0.056212440069328254 0.073742665556348216
leaf_weight=674.87743453495204 423.17343669198453 24.606523284688592 476.47522279433906 1251.1003995388746 66.613594099879265 427.36893562972546 442.95367931574583 1823.2787412982434 50.290972534567118 55.541218092665076 42.984389379620552 4711.038195848465 178.86052443832159 206.46712947636843 19641.230426505208 35.680919662117958 77.884485460817814 5.1518898755311957 24.091438755393028 9.523594440892337 92.342559203505516 39.098392143845558 13.736447799950836 732.84891095757484 25.851349040865898 30.708185717463493 40.2689169049263 4817.7615829855204 379.03841837495565 257.25165539979935
leaf_count=23903 5570 241 16873 5469 286 1847 1980 10938 521 1714 186 20599 857 863 716529 1124 770 36 101 145 410 170 157 3145 106 125 167 21322 1623 1148
internal_value=-0.00169939 0.0630504 -0.0483564 0.0422202 0.0302683 -0.00389299 0.0186764 0.00951983 -0.0366926 -0.0505359 0.00566408 0.0727824 0.0517565 0.0516739 -0.050821 -0.0396583 0.0157695 -0.033194 0.0274867 -0.0488557 0.0167308 0.0313126 -0.0490933 0.0705544 0.0485193 0.0639697 0.0416131 0.0736514 0.0716092 0.0632999
internal_weight=37078.1 15528.3 21549.8 4944.68 3693.58 1006.97 2868.27 2246.45 579.601 20542.9 103.677 10583.6 621.814 418.485 20439.2 797.966 113.565 60.6931 141.041 684.401 116.949 89.3894 490.212 825.314 92.4649 277.444 70.9771 10165.1 5347.33 636.29
internal_count=838925 74950 763975 28351 22882 19568 19345 16508 17721 744407 1936 46599 2837 1907 742471 25942 1894 1750 752 24048 651 691 17030 3537 392 1155 292 44692 23370 2771
is_linear=0
shrinkage=0.05


Tree=20
num_leaves=31
num_cat=0
split_feature=14 7 11 3 14 14 0 17 14 14 17 11 0 14 22 14 0 10 23 11 12 14 2 0 10 4 9 17 14 17
split_gain=41502.4 829.2 839.993 583.636 404.339 252.048 201.604 203.17 196.997 102.587 207.481 131.098 82.8809 66.3104 44.2337 34.1221 31.9442 37.8897 30.6195 29.8567 27.4463 24.3806 18.7238 18.104 15.9512 14.5366 21.3482 10.8405 10.7252 17.9512
threshold=0.21240601503759401 0.58571428571428574 1.0000000180025095e-35 0.7748518762343648 0.11651583710407241 0.56385869565217395 0.097800095648015326 0.22500000000000003 0.41421568627450983 0.8973684210526317 0.87500000000000011 0.93315273186398617 0.16843971631205676 0.43303571428571436 1.0000000180025095e-35 0.36602870813397131 0.16843971631205676 0.98611111111111127 1.0000000180025095e-35 0.89043787753465187 0.43043651018902201 0.13423423423423428 0.57932875667429451 0.28730158730158734 0.51530771633864425 0.82300358116475347 0.31180555555555561 0.18333333333333338 0.87083333333333346 0.87500000000000011
decision_type=2 2 2 2 2 2 2 2 2 2 2 2 2 2 2 2 2 2 2 2 2 2 2 2 2 2 2 2 2 2
left_child=1 16 18 8 24 6 -5 15 -2 10 12 -12 -7 -9 20 -8 17 21 25 22 -6 -1 -10 -20 -4 -3 -27 -16 29 -21
right_child=3 2 4 5 14 9 7 13 19 -11 11 -13 -14 -15 27 -17 -18 -19 23 28 -22 -23 -24 -25 -26 26 -28 -29 -30 -31
leaf_value=-0.048032777316370595 -0.042631041297692428 0.069990011209361089 0.038394556517937328 0.072537187756948632 0.074541624605190274 0.073247416765900561 0.048352269057185891 0.021797520794977713 -0.012241535576611605 0.07308637197928948 0.060199499449215543 0.025504239266931308 0.061661963233223871 0.042311672316260332 0.022248528948888169 0.065984760442229992 -0.051163864750386825 0.097386119304177565 0.034318873320020267 0.044618248610156591 0.028274436817914458 0.087382709567364963 0.033061202983968974 -0.019411475430159957 -0.049804744066161699 0.038512882533981913 -0.015647469856777282 -0.035716210092052246 0.065785900679421375 -0.018199620447383991
leaf_weight=24.894446695223454 158.44130119308829 34.424883920699358 5.1500800102949134 843.4564965441823 53.189804702997208 2576.6843486875296 416.00597548484802 731.08057798631489 50.638492852449417 3668.5337537527084 540.01411551237106 549.12978208065033 3850.7340681776404 854.18338011205196 12.260709822177885 805.93261399120092 18727.933036917821 7.3327079489827147 26.237783063203096 77.905779860913754 80.664206616580486 3.8361000809818497 41.499554704874754 38.951629143208265 1109.565359948203 451.8112996853888 18.957855518907309 23.576682489365339 42.801079094409943 13.316778186708687
leaf_count=918 4234 225 52 3804 330 11626 2522 4460 377 16696 2560 3228 17208 4262 181 3724 717150 48 143 359 699 38 240 457 40440 2139 106 425 185 89
internal_value=-0.00169246 -0.0479209 -0.0160287 0.0609324 -0.0384517 0.0625089 0.0511014 0.0446608 0.000122155 0.0662321 0.0628869 0.0427067 0.0663064 0.0328511 0.0334507 0.0599818 -0.0510733 -0.00406055 0.0344639 0.0300736 0.0466597 -0.0299521 0.0081631 0.0022142 -0.0493973 0.0386254 0.0363318 -0.0158853 0.0451366 0.035448
internal_weight=35839.1 20618.8 1854.79 15220.4 1284.41 14835.8 3650.66 2807.2 384.603 11185.1 7516.56 1089.14 6427.42 1585.26 169.691 1221.94 18764 36.0633 570.383 226.162 133.854 28.7305 92.138 65.1894 1114.72 505.194 470.769 35.8374 134.024 91.2226
internal_count=838925 763351 45197 75574 42127 70090 18772 14968 5484 51318 34622 5788 28834 8722 1635 6246 718154 1004 3070 1250 1029 956 617 600 40492 2470 2245 606 633 448
is_linear=0
shrinkage=0.05


Tree=21
num_leaves=31
num_cat=0
split_feature=13 15 6 6 13 10 1 14 13 1 10 6 6 15 8 14 7 10 14 7 15 6 15 11 2 13 1 9 11 1
split_gain=38882.8 1295.52 823.629 803.51 649.628 500.391 298.258 204.816 179.452 126.9 113.122 61.2848 58.2574 55.7944 45.5328 41.0177 33.9748 100.976 59.6654 26.0607 25.9316 25.5807 25.5795 23.5465 22.3118 21.9511 24.8748 20.6694 15.2212 13.9194
threshold=0.62782210151077933 1.0000000180025095e-35 0.95000000000000007 0.63068181818181823 0.98469347910972294 0.98611111111111127 0.96168010752688182 0.43303571428571436 0.53866082104424085 0.93348815322499534 0.98611111111111127 0.43650793650793657 0.78888888888888908 1.0000000180025095e-35 1.0000000180025095e-35 0.76696832579185525 0.58571428571428574 0.93969696969696981 0.13100686498855837 0.38750000000000007 1.0000000180025095e-35 0.47727272727272735 1.0000000180025095e-35 0.86784613958684831 0.83910792512943055 0.9979423868312759 0.94395499108734415 0.19292803970223329 0.645706733468 0.93348815322499534
decision_type=2 2 2 2 2 2 2 2 2 2 2 2 2 2 2 2 2 2 2 2 2 2 2 2 2 2 2 2 2 2
left_child=3 2 4 9 6 8 7 -2 20 16 13 14 -8 -11 15 19 -1 18 -18 -3 -5 -19 28 29 -13 26 -6 -17 -10 -16
right_child=1 11 -4 5 25 -7 12 -9 22 10 -12 24 -14 -15 23 27 17 21 -20 -21 -22 -23 -24 -25 -26 -27 -28 -29 -30 -31
leaf_value=-0.051137889607549759 -0.015033883150428482 -0.018625791625078016 0.073808593070663092 -0.049788091227325089 0.027395008131939558 0.036355327723116344 0.055320781889442533 0.017054953166334121 0.046436724916582399 -0.046910854266223462 0.047523753585168596 0.064927254062086201 0.021785896824898579 0.098575646708031373 0.02870080898479373 0.0084609495923653414 -0.051025080050313434 -0.029124848135473815 0.025759110805363958 0.037260175695931971 0.0082254520177917102 0.025833689544574753 0.07109080410622208 0.067466421081918068 0.071311019600943035 0.06915246366578523 0.085231880781215352 0.06193083231478233 -0.015848381548773802 0.071490332504374129
leaf_weight=17818.420927710831 729.68738141283393 42.604095652699471 1197.6807131320238 444.51781294681132 67.494882524013519 432.91126296669245 449.19914643466473 1561.2470313310623 17.252469902858138 102.9237501360476 60.512451928108931 1666.7125779464841 181.97264953702688 7.0408046878874293 69.702611070126295 21.521146208047867 559.44172229245305 31.534767232835293 26.498239394277334 40.872966520488262 20.134953707456589 64.437117477878928 31.835174471139908 490.31864663958549 7656.1290566250682 704.25418192148209 25.657390370965004 112.83100906014442 22.73487295769155 26.130870744585991
leaf_count=717238 7891 323 5469 16942 286 1847 1980 8617 194 3661 301 7451 857 58 319 93 21586 468 518 178 187 577 140 2209 35390 3145 106 519 258 117
internal_value=-0.00168545 0.0588032 0.0377466 -0.0480186 0.0261347 -0.00363469 0.015219 0.00683431 -0.0359048 -0.050323 -0.0073817 0.0690275 0.0456524 -0.0375957 0.0557822 0.0362633 -0.0507187 -0.0397658 -0.0475526 0.00873772 -0.0472742 0.00777523 0.0376487 0.063036 0.0701697 0.0661354 0.0433253 0.0533658 0.0110244 0.0403682
internal_weight=34684.2 15044 4917.19 19640.2 3719.51 969.387 2922.11 2290.93 536.475 18670.8 170.477 10126.8 631.172 109.965 803.981 217.829 18500.3 681.912 585.94 83.4771 464.653 95.9719 71.8225 586.152 9322.84 797.406 93.1523 134.352 39.9873 95.8335
internal_count=838925 74950 28351 763975 22882 19568 19345 16508 17721 744407 4020 46599 2837 3719 3758 1113 740387 23149 22104 501 17129 1045 592 2645 42841 3537 392 612 452 436
is_linear=0
shrinkage=0.05


Tree=22
num_leaves=31
num_cat=0
split_feature=13 12 3 3 13 17 13 0 0 7 13 7 12 4 2 13 1 23 4 17 23 0 0 4 1 8 1 23 0 13
split_gain=36302.5 792.28 711.96 484.728 342.594 336.913 207.227 195.549 145.552 103.55 89.5756 166.702 80.8324 64.5818 48.6762 36.2834 28.1666 28.1333 32.6631 24.6467 24.5659 21.5771 16.8308 13.3201 11.9527 11.3863 11.0903 9.37412 9.19194 36.8218
threshold=0.62782210151077933 1.0000000180025095e-35 0.90366769774635458 0.82097069597069605 0.9979423868312759 0.63333333333333341 0.77568613652357499 0.16843971631205676 0.079473684210526321 0.89444444444444449 0.57544101704937434 0.58571428571428574 0.97315315315315332 0.61399195922185446 0.7590571802706243 0.9979423868312759 0.90498325035343308 1.0000000180025095e-35 0.82300358116475347 0.63333333333333341 1.0000000180025095e-35 0.079473684210526321 0.29758481886141469 0.57739470467585774 0.91731416549789635 1.0000000180025095e-35 0.94395499108734415 1.0000000180025095e-35 0.15184453227931491 0.48397370043147736
decision_type=2 2 2 2 2 2 2 2 2 2 2 2 2 2 2 2 2 2 2 2 2 2 2 2 2 2 2 2 2 2
left_child=1 2 16 6 5 7 -2 21 -7 -9 28 24 -10 26 15 19 -1 18 -15 -8 25 -5 -19 -16 -12 -13 -4 -18 29 -3
right_child=3 10 13 4 -6 8 14 9 12 -11 11 20 -14 17 23 -17 27 22 -20 -21 -22 -23 -24 -25 -26 -27 -28 -29 -30 -31
leaf_value=-0.050230482683943124 -0.044484668396596094 -0.048799764031778638 -0.039132270451953791 0.070677423699143191 0.069644551448801009 0.069668750966931189 0.017017370839948857 0.041657484728619319 0.019757309984440131 0.056795197279111781 -0.048360653847768498 0.13766199939155752 0.052419064497706717 0.078546356750428301 0.090807947331483396 0.047216986383105904 0.12496227347992739 0.031770418144297936 0.032608669571691729 -0.025434030516458303 -0.042443223550315955 0.062542830484532547 -0.018658323780701574 0.045790864622715761 0.085979213759761017 0.050706515293191479 0.18123493631166021 -0.010202708763261722 -0.051059052067595125 0.014809099919991579
leaf_weight=557.83529916405678 135.79873117990792 165.45801157876849 36.479164747521281 1679.7493943870068 4744.0825687497854 216.86989822983742 159.95134220272303 1866.9727404210716 1085.3885794524103 2860.8018859140575 161.53080957755446 4.0317878909409037 229.4791119620204 42.098674779757857 30.991786763072014 82.720085449516773 2.9611556641757488 28.197085127234459 478.65437396988273 43.48702859506011 6.9995117466896764 1583.8435488343239 40.042134234681726 34.977187465876341 1.6729035861790169 56.826115600764751 0.58001749217510123 2.263114431872963 17136.129906224087 26.378697393462062
leaf_count=23097 3408 6463 1346 8044 22738 1013 1018 9793 6155 13328 6524 42 1045 396 141 358 30 160 2266 394 126 7342 644 173 20 446 5 31 721948 431
internal_value=-0.00167711 -0.04785 -0.00835254 0.0569911 0.058667 0.0531984 0.00798619 0.0573158 0.0317172 0.0508174 -0.0505248 -0.0195987 0.0254576 0.0283384 0.0282217 0.0192959 -0.0491483 0.0323666 0.0363224 0.00794295 0.0462646 0.0667297 0.00217931 0.0669396 -0.0469836 0.0564672 -0.0356833 0.0664098 -0.0509372 -0.0400532
internal_weight=33503.3 18748.1 1189.11 14755.1 14267.2 9523.11 487.926 7991.37 1531.74 4727.77 17559 231.061 1314.87 626.051 352.127 286.158 563.06 588.992 520.753 203.438 67.8574 3263.59 68.2392 65.969 163.204 60.8579 37.0592 5.22427 17328 191.837
internal_count=838925 763975 27975 74950 69458 46720 5492 38507 8213 23121 736000 7158 7200 4817 2084 1770 23158 3466 2662 1412 614 15386 804 314 6544 488 1351 61 728842 6894
is_linear=0
shrinkage=0.05


Tree=23
num_leaves=31
num_cat=0
split_feature=14 15 6 6 14 12 15 3 11 0 3 10 14 15 14 0 6 5 10 15 7 8 6 14 6 11 5 8 10 4
split_gain=33650.6 1286.7 850.854 790.433 477.8 379.539 224.569 211.237 278.817 142.736 101.717 74.5034 64.5206 62.7127 60.2641 71.32 57.2387 50.2487 111.087 88.4891 43.5439 32.4823 22.4245 21.8109 19.3199 27.6771 19.033 39.459 16.5674 14.3799
threshold=0.21240601503759401 1.0000000180025095e-35 0.63068181818181823 0.95000000000000007 0.7231800766283526 0.22660960902548141 1.0000000180025095e-35 0.83484848484848495 0.79261711247172417 0.16843971631205676 0.87026647966339421 0.98611111111111127 0.11651583710407241 1.0000000180025095e-35 0.94281045751633996 0.25227272727272732 0.43650793650793657 0.63669284681712146 0.93969696969696981 1.0000000180025095e-35 0.52272727272727282 1.0000000180025095e-35 0.43650793650793657 0.53137254901960795 0.42261904761904767 0.83661171569565984 0.5963828510317023 1.0000000180025095e-35 0.70980054173848817 0.86107775762885541
decision_type=2 2 2 2 2 2 2 2 2 2 2 2 2 2 2 2 2 2 2 2 2 2 2 2 2 2 2 2 2 2
left_child=2 3 9 4 7 -4 12 22 -9 11 16 13 -7 -1 15 -6 21 -11 19 -19 -20 23 -2 -3 25 -12 -18 -28 -14 -13
right_child=1 10 5 -5 14 6 -8 8 -10 17 24 29 28 -15 -16 -17 26 18 20 -21 -22 -23 -24 -25 -26 -27 27 -29 -30 -31
leaf_value=-0.043690327308054396 -0.046936545437208571 -0.041938702811495948 0.032469879732046743 0.070525538685980452 0.062815283641063757 -0.05026318310605149 0.05768046127863552 0.032935180830331014 -0.00067160247829773289 -0.050981713271932294 0.031465133315164415 0.093516977783508412 -0.015949818134167511 0.077939657335463958 0.071379108951040424 0.031346443553141659 0.063198228827378841 -0.04970888888599815 0.2224487688500382 0.04483426050306169 0.0052748779672296816 0.043847257938042609 -0.0079218430532073357 0.013065037652086645 0.067328580582094719 0.062441499721586774 -0.016548413664143925 0.061874859310438117 0.037108896747582741 0.032798753651445474
leaf_weight=78.008396629244089 152.91000911034644 25.834695791825652 441.24590453691781 1135.8827821165323 306.35592771321535 394.64889930747449 63.296573374420404 1204.157978175208 1266.0785941500217 16141.110539685935 84.912808202207088 13.160182064399121 37.973759695887566 12.263851756229995 284.58664272725582 436.70430533587933 196.6639988347888 574.38303320296109 2.3613272905349723 25.864151442423463 102.37098493054509 62.580575454980135 48.516152447089553 59.606629870831966 8650.9482666179538 478.28628449514508 25.590642258524895 42.97654327750206 24.017460972070694 37.644304327666759
leaf_count=2920 4177 532 1953 5461 1400 16763 391 6192 7475 714866 449 74 406 82 1354 2029 866 24017 65 378 1064 301 559 274 41944 2267 105 189 201 171
internal_value=-0.00166884 0.0550869 -0.047402 0.0340426 0.0228405 -0.00163605 -0.0305802 0.0116959 0.0157106 -0.0499916 0.065656 9.22529e-05 -0.0428143 -0.0271664 0.051814 0.0443207 0.0413881 -0.050411 -0.0373445 -0.0456351 0.0101713 0.0164792 -0.0375393 -0.00356632 0.0667444 0.0577712 0.0552895 0.0326057 0.00460689 0.0485269
internal_weight=32410.9 14462.6 17948.3 4835.19 3699.31 961.183 519.937 2671.66 2470.24 16987.2 9627.4 141.077 456.64 90.2722 1027.65 743.06 413.253 16846.1 704.979 600.247 104.732 148.022 201.426 85.4413 9214.15 563.199 265.231 68.5672 61.9912 50.8045
internal_count=838925 75574 763351 28647 23186 19714 17761 18403 13667 743637 46927 3247 17370 3002 4783 3429 2267 740390 25524 24395 1129 1107 4736 806 44660 2716 1160 294 607 245
is_linear=0
shrinkage=0.05


Tree=24
num_leaves=31
num_cat=0
split_feature=13 15 6 11 6 13 1 6 3 1 15 6 3 1 6 13 1 12 13 14 1 13 14 13 5 11 1 5 5 22
split_gain=31659.7 1363.1 799.213 778.532 650.487 598.134 269.414 194.333 85.7268 61.2715 57.1287 129.647 52.6366 50.4682 41.7445 35.5373 27.2192 25.9615 24.0588 23.2297 22.5485 24.5817 55.5959 21.0703 18.0396 17.846 17.4444 17.0237 23.9599 16.4609
threshold=0.61004928476980413 1.0000000180025095e-35 0.95000000000000007 1.0000000180025095e-35 0.43650793650793657 0.98469347910972294 0.95754013329469723 0.43650793650793657 0.87026647966339421 0.97336652441915616 1.0000000180025095e-35 0.47727272727272735 0.86425061425061434 0.89333845366103437 0.43650793650793657 0.48220618034447826 0.88800900900900914 0.30807500956754696 0.9979423868312759 0.78416149068322993 0.93896677559912867 0.9979423868312759 0.71714285714285719 0.8865422123154082 0.5963828510317023 0.60686155538423681 0.86919323469113097 0.77618722350963065 0.88909309034438833 1.0000000180025095e-35
decision_type=2 2 2 2 2 2 2 2 2 2 2 2 2 2 2 2 2 2 2 2 2 2 2 2 2 2 2 2 2 2
left_child=3 2 5 4 13 6 7 -2 14 -8 -5 -12 -6 -1 16 17 23 -13 19 -7 21 22 -10 -3 -16 -17 -26 -14 -29 -15
right_child=1 8 -4 10 12 18 9 -9 20 -11 11 15 27 29 24 25 -18 -19 -20 -21 -22 -23 -24 -25 26 -27 -28 28 -30 -31
leaf_value=-0.049420211989355062 -0.027517360978152744 -0.030619723341382906 0.069094460919933168 -0.050930262866821077 -0.037931396707908849 0.067579562375178009 0.025930560075331011 0.0094792060372039955 0.063942650813082605 0.055588736279746198 -0.048613007694092839 0.27300646687521507 0.051710044836592028 0.091281572320404597 0.06136361397979169 0.14805563032801075 0.069893636249556954 -0.023245912968213926 0.064119810718847967 0.016698029115295124 0.068054881226606231 0.067174159121274127 0.047201773911830981 0.021093187176346204 0.007241041557938685 0.051664718937085088 0.058016085453898962 -0.0051317835887974726 0.031995346904655907 -0.011966089574311597
leaf_weight=536.31986830756068 440.52481344714761 25.04208873398602 1109.914100073278 15657.196489922702 28.249161422252655 37.343208059668541 469.94860508665442 1827.1723720654845 2064.8067442048341 276.6662419885397 165.94322678633034 0.7654104251414563 91.791079215705395 8.1140442006289941 193.43203004449606 5.6209525875747195 22.67864716053009 21.856870204210281 657.37237323820591 56.176365047693253 4230.4141008704901 2049.6030298918486 652.70794370770454 92.294544383883476 35.559114947915077 32.952362285926938 32.264432594180107 48.448651701211929 421.61845166236162 7.3639217894524327
leaf_count=23903 6923 302 5485 726204 1069 156 2172 10623 9846 1205 7278 16 714 76 863 31 101 474 3145 236 21363 10490 3083 410 148 252 144 258 1858 97
internal_value=-0.00165958 0.0532613 0.0318074 -0.0477024 -0.00782579 0.0208158 0.0108694 0.00229222 0.0643894 0.0369207 -0.0505691 -0.0256734 0.0286663 -0.0468514 0.0417776 0.0365315 0.0197485 -0.0132224 0.0607441 0.0370155 0.0653978 0.0630399 0.0599217 0.0100566 0.0535837 0.0657109 0.0313953 0.0320147 0.0281687 0.0421596
internal_weight=31300.2 14273.9 4875.12 17026.2 1141.91 3765.2 3014.31 2267.7 9398.8 746.615 15884.3 227.139 590.107 551.798 401.271 61.1956 140.015 22.6223 750.892 93.5196 8997.53 4767.12 2717.51 117.337 261.256 38.5733 67.8235 561.858 470.067 15.478
internal_count=838925 76695 29945 762230 27975 24460 20923 17546 46750 3377 734255 8051 3899 24076 1968 773 813 490 3537 392 44782 23419 12929 712 1155 283 292 2830 2116 173
is_linear=0
shrinkage=0.05


Tree=25
num_leaves=31
num_cat=0
split_feature=13 11 6 6 13 17 6 6 0 1 6 14 4 1 4 17 13 23 7 1 22 2 4 11 9 6 4 1 4 7
split_gain=29622.8 766.935 606.85 554.283 637.358 366.599 315.817 196.402 113.162 110.89 59.9475 57.1969 110.639 47.9651 46.551 25.6593 22.6914 16.7654 43.6037 14.3007 13.8919 13.8657 12.3442 7.58002 5.29129 5.21922 4.69263 4.25875 9.03846 4.03255
threshold=0.61004928476980413 1.0000000180025095e-35 0.43650793650793657 0.95000000000000007 0.9979423868312759 0.63333333333333341 0.32051282051282054 0.78888888888888908 0.43826219512195125 0.96524758454106296 0.43650793650793657 0.1526806526806527 0.68582346837865193 0.89333845366103437 0.56840092477010129 0.18333333333333338 0.9455954897815364 1.0000000180025095e-35 0.58571428571428574 0.72103136953706226 1.0000000180025095e-35 0.92907444668008055 0.093668211860703954 0.645706733468 0.91458966565349553 0.95000000000000007 0.76290944104691372 0.8661951447245565 0.4800029589897411 0.61250000000000016
decision_type=2 2 2 2 2 2 2 2 2 2 2 2 2 2 2 2 2 2 2 2 2 2 2 2 2 2 2 2 2 2
left_child=1 2 13 4 5 6 8 -8 -2 10 -7 -3 24 27 -4 19 -11 18 -16 -14 -15 -19 -6 -17 25 -13 -22 -1 -29 -24
right_child=3 11 14 -5 22 9 7 -9 -10 16 -12 12 15 20 17 23 -18 21 -20 -21 26 -23 29 -25 -26 -27 -28 28 -30 -31
leaf_value=-0.049911094358125546 0.05032894489965592 -0.050895564004622786 -0.04010205114444311 0.067128227428547113 6.0316859078204092e-05 -0.022868084923042167 0.04875269761361218 0.021024753414193381 -0.030832639144407981 0.026971959371917483 0.010501038710638998 -0.050213379001953731 -0.024503917258929447 0.082506718613458166 0.1355618742258394 0.011678714754253456 0.059048386380032326 -0.027433814335374614 0.030947266598107894 0.059297102697964787 0.062863660302832455 0.022441679425856058 0.061471530175764191 -0.033903837121953967 0.084646004700215105 0.07788680694951336 -0.033047333405190442 0.081846753176908482 -0.039900153631074867 0.065631570904286618
leaf_weight=501.75505521334708 55.218341380357742 14874.497710656375 24.684870902448893 4133.5914928242564 7.4395117238163939 159.54610289633274 4567.1538829561323 742.44836139678955 193.26782261021435 102.17599554359913 860.55407856404781 176.72671852447093 5.8963049091398707 8.5170315708965045 10.164789531379936 20.131956955417991 119.75789278745651 21.076663866639137 495.45904732868075 37.273334654048085 1.6458869390189637 41.125846982002258 788.25301147997379 16.67437581717968 0.73664402775466342 0.79873758554458518 5.6644209232181311 1.8805690277367819 8.0507402401417476 2232.1619227975607
leaf_count=23539 342 725143 955 21674 42 1840 23564 3693 3944 479 4904 8135 105 76 130 260 563 384 2215 289 41 215 3966 284 35 4 56 90 274 11684
internal_value=-0.00164963 -0.0475356 -0.00761197 0.0517666 0.0453056 0.0368091 0.0422971 0.0448755 -0.012797 0.0122505 0.00528203 -0.0504905 -0.0271609 -0.0466177 0.0271149 0.0217004 0.0442807 0.030037 0.0330504 0.0478512 0.0391086 0.0055419 0.0643875 -0.00897155 -0.0490821 -0.049637 -0.0114534 -0.0492693 -0.0168464 0.0645459
internal_weight=30214.3 16252.8 1120.02 13961.6 9827.98 6800.12 5558.09 5309.6 248.486 1242.03 1020.1 15132.7 258.238 527.514 592.511 79.976 221.934 567.826 505.624 43.1696 15.8273 62.2025 3027.85 36.8063 178.262 177.525 7.31031 511.686 9.93131 3020.41
internal_count=838925 762230 27975 76695 55021 39329 31543 27257 4286 7786 6744 734255 9112 24076 3899 938 1042 2944 2345 394 173 599 15692 544 8174 8139 97 23903 364 15650
is_linear=0
shrinkage=0.05


Tree=26
num_leaves=31
num_cat=0
split_feature=13 15 6 11 6 13 1 6 0 2 15 6 1 13 14 4 6 13 13 13 14 11 5 5 23 18 14 5 11 23
split_gain=27675.9 1389.16 767.548 755.34 566.555 557.706 222.438 152.098 73.8216 69.8938 58.0181 120.903 45.6849 45.5142 68.2422 42.1923 41.2652 31.3361 30.3806 29.8429 34.9915 20.2942 14.9641 24.0039 19.9928 12.9697 12.4528 35.469 14.5905 12.0283
threshold=0.61004928476980413 1.0000000180025095e-35 0.95000000000000007 1.0000000180025095e-35 0.43650793650793657 0.9805186590765339 0.95754013329469723 0.43650793650793657 0.059714795008912663 0.83096903096903107 1.0000000180025095e-35 0.47727272727272735 0.89333845366103437 0.9979423868312759 0.7633053221288516 0.56840092477010129 0.24038461538461542 0.93116609634114245 0.51013559786330653 0.9979423868312759 0.71714285714285719 0.60686155538423681 0.77618722350963065 0.88909309034438833 1.0000000180025095e-35 1.0000000180025095e-35 0.16397849462365593 0.62148641413763051 0.64153977421091646 1.0000000180025095e-35
decision_type=2 2 2 2 2 2 2 2 2 2 2 2 2 2 2 2 2 2 2 2 2 2 2 2 2 2 2 2 2 2
left_child=3 2 5 4 12 6 7 -2 -8 16 26 -12 -1 14 -7 -6 17 -3 21 20 -18 -13 24 -24 -17 -15 -5 -28 -29 -14
right_child=1 9 -4 10 15 13 8 -9 -10 -11 11 18 29 25 -16 22 19 -19 -20 -21 -22 -23 23 -25 -26 -27 27 28 -30 -31
leaf_value=-0.049117622372918418 -0.027166579038578727 -0.028525490171973242 0.066411608432437944 -0.05095948284893434 -0.039569389872157162 0.063725614028490155 0.074296313175330614 0.0062612196322155761 0.025835758413251898 0.064076538600046043 -0.048234389901892397 0.06527585950404069 0.062489219381154162 0.064041451609847977 0.0047177896779918025 0.057401418964001541 0.054750605050173595 0.040011948298910055 0.069854546042414603 0.062521365894803935 0.03378563412612156 -0.027758212210427305 -0.0078497914658557273 0.028641311496260782 -0.0017547543522082648 0.043549373142071794 -0.050078188595202335 0.031911514732974704 -0.0298420645686098 -0.034715305530472022
leaf_weight=488.21310874074697 419.86044150777161 25.431727150455117 1044.2547588571906 14041.900211140513 23.789131557568908 95.491306066513062 89.671435475349426 1795.5568700265139 635.7101173736155 7111.2590296491981 151.18713005073369 8.1852864418178815 11.814511483535172 532.32997465133667 100.63334499299526 77.53733291849494 736.39391789585352 48.448676362633705 31.180038871243596 699.73419293761253 272.74317184090614 20.649579595774412 50.410452529788017 425.06118179112673 17.507798766717315 90.314676865935326 124.54424164071679 21.683552518486977 17.114524094387889 4.3559036869555703
leaf_count=23903 6870 304 5485 719677 955 400 387 10356 2878 37696 7278 151 94 2688 424 469 3528 229 204 3694 1299 418 281 1858 336 457 6036 251 240 79
internal_value=-0.00163954 0.0501551 0.0284893 -0.0473675 -0.00740473 0.017956 0.00779466 -7.39346e-05 0.0318264 0.0618573 -0.0504131 -0.0243996 -0.046379 0.0544529 0.0334482 0.0256725 0.0530047 0.0164194 0.035644 0.0545864 0.0490843 -0.00134885 0.0283929 0.0247725 0.0465045 0.0610691 -0.0507998 -0.0370738 0.00467091 0.0363048
internal_weight=29213 13697.8 4803.82 15515.1 1098.69 3759.57 2940.8 2215.42 725.382 8894.01 14416.4 211.202 504.384 818.769 196.125 594.306 1782.75 73.8804 60.0149 1708.87 1009.14 28.8349 570.517 475.472 95.0451 622.645 14205.2 163.342 38.7981 16.1704
internal_count=838925 76695 29945 762230 27975 24460 20491 17226 3265 46750 734255 8051 24076 3969 824 3899 9054 533 773 8521 4827 569 2944 2139 805 3145 726204 6527 491 173
is_linear=0
shrinkage=0.05


Tree=27
num_leaves=31
num_cat=0
split_feature=13 15 11 6 6 13 2 0 4 2 15 6 9 1 4 4 1 13 0 13 12 11 23 4 18 11 2 9 1 8
split_gain=25921 1352.52 744.124 735.315 529.343 523.201 223.664 156.114 136.403 72.0342 57.5992 113.702 44.11 43.5844 39.9812 38.2932 31.8269 31.801 31.2969 27.7146 21.6576 18.3584 14.1226 26.9479 12.6865 12.976 11.7701 11.665 11.6424 19.1936
threshold=0.61004928476980413 1.0000000180025095e-35 1.0000000180025095e-35 0.95000000000000007 0.43650793650793657 0.9979423868312759 0.86391694725028068 0.059714795008912663 0.89170110672052882 0.83096903096903107 1.0000000180025095e-35 0.47727272727272735 0.26365441906653431 0.89333845366103437 0.093668211860703954 0.56840092477010129 0.88283236087583938 0.9979423868312759 0.32583417593528824 0.47836488454337434 0.30684824434824437 0.60686155538423681 1.0000000180025095e-35 0.82300358116475347 1.0000000180025095e-35 0.86784613958684831 0.92907444668008055 0.34428879310344834 0.93896677559912867 1.0000000180025095e-35
decision_type=2 2 2 2 2 2 2 2 2 2 2 2 2 2 2 2 2 2 2 2 2 2 2 2 2 2 2 2 2 2
left_child=2 3 4 5 13 6 8 -8 -2 12 -4 -12 16 -1 -14 -6 18 -16 -3 20 -13 -21 23 -17 -7 -26 -24 -15 -11 -30
right_child=1 9 10 -5 15 24 7 -9 -10 28 11 19 14 27 17 22 -18 -19 -20 21 -22 -23 26 -25 25 -27 -28 -29 29 -31
leaf_value=-0.048963990684452646 -0.013797048801312696 -0.030530271498324192 -0.050738595589761008 0.065214947524937311 -0.039027904472075034 0.062702227173694433 0.077202126449701577 0.015170873412185759 0.077611975794835378 0.060680253165010134 -0.048038387900482697 0.23094414320970236 -0.01995800367641418 0.018589443167163724 0.049448958407029703 0.067082375821348281 0.05734030377296763 0.064308499930531698 0.028705897551639405 0.14077506051378816 -0.023074038254495895 0.044427091510239741 -0.026505807121725664 0.02608303820717341 0.025488530940925576 0.064116611693809764 0.01966322528804415 0.14963383634292296 -0.0059368159791896536 0.064986800950263768
leaf_weight=465.8233903888613 995.22270390763879 26.723643988370895 13528.403500596061 1011.0873293280602 22.935001796111465 516.90693673491478 106.87747088074684 1989.4676647819579 42.557053234428167 3177.7567235156894 144.3857647459954 0.87564111873507755 17.71231403015554 14.481150047853591 868.41189210861921 43.84450825676322 80.78877218067646 615.07501311600208 134.64698299951851 5.8089167345315209 20.116030275821686 33.210673173889518 20.619772722944617 466.59460704401135 50.194631651043892 38.352336049079895 41.765637069940567 1.9237939585000265 9.5639085024595243 3700.2698437720537
leaf_count=23903 10950 117 726204 5485 955 2688 468 9697 200 17118 7278 15 207 133 4311 302 390 3389 640 34 462 262 384 2043 259 198 215 40 51 20527
internal_value=-0.00162885 0.04881 -0.0472006 0.0273841 -0.00719907 0.0171556 0.00893549 0.0183334 -0.0100486 0.0606033 -0.0503406 -0.0239964 0.051524 -0.0461431 0.0547183 0.0243236 0.0317218 0.0556099 0.0188961 0.0338482 -0.012478 0.0587706 0.0268601 0.0296047 0.0597067 0.0422195 0.00440333 0.0339569 0.0629014 0.064804
internal_weight=28192.4 13381.6 14810.8 4750.67 1077.99 3739.58 3134.12 2096.35 1037.78 8630.95 13732.8 204.397 1743.36 482.228 1501.2 595.76 242.159 1483.49 161.371 60.0113 20.9917 39.0196 572.825 510.439 605.454 88.547 62.3854 16.4049 6887.59 3709.83
internal_count=838925 76695 762230 29945 27975 24460 21315 10165 11150 46750 734255 8051 9054 24076 7907 3899 1147 7700 757 773 477 296 2944 2345 3145 457 599 173 37696 20578
is_linear=0
shrinkage=0.05


Tree=28
num_leaves=31
num_cat=0
split_feature=13 15 11 13 4 0 17 14 2 14 4 23 9 4 13 14 1 13 1 0 4 1 2 17 4 9 1 0 1 1
split_gain=24284.4 1319.92 733.248 519.382 468.564 344.825 247.913 291.872 73.9972 58.9181 101.188 46.7267 43.2612 37.2793 33.6562 58.9953 56.472 32.9616 30.1742 29.0035 23.1641 23.1549 21.6145 20.8255 15.9732 16.5266 15.4005 12.4212 12.921 12.2358
threshold=0.61004928476980413 1.0000000180025095e-35 1.0000000180025095e-35 0.9805186590765339 0.64550842683270859 0.079473684210526321 0.70833333333333337 0.56385869565217395 0.83096903096903107 0.1526806526806527 0.68582346837865193 1.0000000180025095e-35 0.26365441906653431 0.093668211860703954 0.9979423868312759 0.7633053221288516 0.93348815322499534 0.9979423868312759 0.88283236087583938 0.39173060528559256 0.89170110672052882 0.92284702886618086 0.85215543412264738 0.18333333333333338 0.82300358116475347 0.31180555555555561 0.73838232398952042 0.059714795008912663 0.96168010752688182 0.72103136953706226
decision_type=2 2 2 2 2 2 2 2 2 2 2 2 2 2 2 2 2 2 2 2 2 2 2 2 2 2 2 2 2 2
left_child=2 3 4 5 21 27 7 -7 12 -4 -11 24 18 -14 15 -5 -17 -15 19 -3 -8 -1 -13 29 26 -26 -6 -2 -29 -12
right_child=1 8 9 14 11 6 20 -9 -10 10 23 22 13 17 -16 16 -18 -19 -20 -21 -22 -23 -24 -25 25 -27 -28 28 -30 -31
leaf_value=-0.048071789736495035 0.065061892356075152 -0.016170298588343547 -0.050718306977985753 0.062140567925776838 0.00037517919690335523 0.0041148119378085378 -0.031973217995111505 0.038125090207402262 0.06180442377385359 -0.04865363621472063 -0.024196062012574314 -0.04229888131420792 -0.019207381737221984 0.047923669765538621 0.060292572986073434 -0.0081340915932298138 0.066889558868792706 0.063265454299199067 0.055751837316740396 0.031202037421178653 -0.010714253800033413 0.084287370546367715 0.0075937174602546649 -0.0071703150025760748 0.025431363257927393 -0.02127240939949478 0.069097704784848196 0.092858484287229981 0.035476148985730351 0.0553224398723689
leaf_weight=428.69874569587409 318.12614953517914 44.774647232145071 12849.325588801876 137.26215146481991 10.459150230512021 1596.1466257013381 233.09576549567282 1043.0754449591041 6665.0204923227429 154.98644398152828 5.5686493571847668 36.603593086823821 17.490061895921826 851.67833963409066 884.14002031087875 84.421680241823196 35.685516163706779 594.47749383747578 78.982235223054886 116.06500476971269 284.56478500366211 3.3299342449754468 53.341980533674359 35.121650071814656 469.09533985704184 19.738812301307917 36.960299175232649 11.367875143885611 71.597687289118767 36.853281261399388
leaf_count=23325 1743 197 725143 646 204 12623 2662 4734 37696 8174 105 1424 207 4311 4885 368 163 3389 390 560 1716 24 412 544 2161 107 318 56 349 289
internal_value=-0.00161738 0.0475194 -0.0470286 0.0263144 -0.00699588 0.0168992 0.0113509 0.0175564 0.0594275 -0.0502669 -0.0253232 0.0206395 0.0501274 0.0533527 0.0556604 0.0397477 0.0141565 0.0542303 0.0304428 0.0180145 -0.0202869 -0.0470516 -0.0127102 0.0213073 0.0262332 0.0235455 0.0539398 0.0605684 0.0433386 0.0448842
internal_weight=27208.1 13068 14140.1 4699.48 1058.23 3557.97 3156.88 2639.22 8368.49 13081.9 232.53 626.199 1703.47 1463.65 1141.51 257.369 120.107 1446.16 239.822 160.84 517.661 432.029 89.9456 77.5436 536.254 488.834 47.4194 401.092 82.9656 42.4219
internal_count=838925 76695 762230 29945 27975 23883 21735 17357 46750 734255 9112 4626 9054 7907 6062 1177 531 7700 1147 757 4378 23349 1836 938 2790 2268 522 2148 405 394
is_linear=0
shrinkage=0.05


Tree=29
num_leaves=31
num_cat=0
split_feature=13 15 11 6 13 6 14 17 3 3 14 4 3 6 0 0 13 14 8 5 17 5 8 3 8 3 0 3 5 5
split_gain=22748.5 1294.66 723.144 702.508 471.175 466.75 194.77 230.338 102.31 97.8573 59.1929 96.0802 40.5411 37.2128 25.879 23.5247 31.6363 55.7964 20.5456 24.5984 18.5559 17.9771 35.1342 14.7502 12.8597 33.8358 12.1588 11.9995 11.7766 17.7121
threshold=0.61004928476980413 1.0000000180025095e-35 1.0000000180025095e-35 0.95000000000000007 0.9979423868312759 0.42261904761904767 0.43303571428571436 0.63333333333333341 0.89512961508248245 0.87026647966339421 0.1526806526806527 0.68582346837865193 0.86425061425061434 0.43650793650793657 0.31866537717601556 0.18274582560296851 0.9979423868312759 0.71714285714285719 1.0000000180025095e-35 0.54773682183573624 0.18333333333333338 0.5963828510317023 1.0000000180025095e-35 0.7435215946843855 1.0000000180025095e-35 0.99350649350649356 0.36626016260162603 0.6066017316017317 0.77618722350963065 0.88909309034438833
decision_type=2 2 2 2 2 2 2 2 2 2 2 2 2 2 2 2 2 2 2 2 2 2 2 2 2 2 2 2 2 2
left_child=2 3 5 4 6 14 8 -8 -2 13 -4 -12 -7 18 -1 24 17 -17 19 -3 -13 27 -23 -6 25 -11 -20 -15 -14 -30
right_child=1 9 10 -5 23 12 7 -9 -10 15 11 20 28 21 -16 16 -18 -19 26 -21 -22 22 -24 -25 -26 -27 -28 -29 29 -31
leaf_value=0.017055989880372033 -0.044041036152324076 0.0034711619710929725 -0.05066141178923883 0.063487008691950134 -0.0074399572583043671 -0.037459535874861526 0.027591702336737984 -0.0070220339341771076 -0.0029151109679282283 -0.031415774897086926 -0.04846900027920082 0.042256670530857167 0.040444781538036212 0.010849150851942893 -0.048548342796180678 0.057740592081610247 0.062146418130101001 0.040683242609321005 0.06745234485495101 -0.10369381922811245 -0.0068426198986197839 -0.023679927326677147 0.052339040688335871 0.058163418772136183 0.063180381989453277 0.063920748125888882 0.018995379231869645 0.057392460855594511 -0.0067502761773611392 0.024604666651437006
leaf_weight=15.589496510103343 187.6947016119957 70.579821478575468 12236.038567468524 954.38693433254957 8.7007614970207197 27.647438878193498 1446.5404880866408 719.7813333645463 778.32914718799293 13.095174878835676 147.97525385580957 42.791333511471748 96.653093751519918 15.141965016722677 420.52068791352212 2007.638976983726 1887.2147195786238 629.83225899934769 19.064976334571838 5.7943854853510848 34.967492820695043 25.050259441137314 38.651311412453651 561.97318913042545 3162.0840757787228 32.169785037636757 40.330968458205462 162.05595094710588 50.323213718831539 429.01227347552776
leaf_count=270 5365 504 725143 5485 38 1235 6656 4371 4923 70 8174 394 747 66 23580 10888 11442 3369 94 25 544 105 187 3107 18839 174 190 797 281 1862
internal_value=-0.00160561 0.0462461 -0.0468509 0.0252363 0.0153779 -0.00679034 0.00776511 0.016091 -0.0109057 0.0583135 -0.0501934 -0.0248224 0.0216844 0.0334274 -0.0462032 0.0595259 0.0572039 0.0536673 0.0124934 -0.00465927 0.0201771 0.0452257 0.022445 0.0571632 0.0628016 0.0363398 0.0345491 0.0534152 0.0245233 0.0213129
internal_weight=26267.6 12766.1 13501.5 4657.41 3703.02 1039.75 3132.35 2166.32 966.024 8108.7 12461.8 225.734 603.636 376.67 436.11 7732.03 4524.69 2637.47 135.77 76.3742 77.7588 240.899 63.7016 570.674 3207.35 45.265 59.3959 177.198 575.989 479.335
internal_count=838925 76695 762230 29945 24460 27975 21315 11027 10288 46750 734255 9112 4125 1968 23850 44782 25699 14257 813 529 938 1155 292 3145 19083 244 284 863 2890 2143
is_linear=0
shrinkage=0.05


Tree=30
num_leaves=31
num_cat=0
split_feature=13 15 11 6 13 6 17 13 2 15 6 6 0 13 13 0 12 23 0 9 0 17 2 0 11 7 5 18 6 8
split_gain=21325.1 1264.65 712.965 674.021 446.038 436.781 196.161 205.44 79.1695 60.0362 105.593 43.8942 43.8028 39.8533 33.4248 35.3246 32.9733 32.5598 25.2771 29.3115 25.0571 23.334 22.7523 22.5282 17.2211 15.6295 15.1478 13.2508 12.7478 12.5674
threshold=0.61004928476980413 1.0000000180025095e-35 1.0000000180025095e-35 0.95000000000000007 0.9805186590765339 0.42261904761904767 0.70833333333333337 0.93764952153110059 0.83096903096903107 1.0000000180025095e-35 0.47727272727272735 0.42261904761904767 0.059714795008912663 0.9979423868312759 0.9979423868312759 0.39173060528559256 0.97315315315315332 1.0000000180025095e-35 0.33630952380952389 0.37965517241379315 0.36626016260162603 1.0000000180025095e-35 0.92907444668008055 0.16843971631205676 0.73189775068251162 0.68333333333333346 0.77618722350963065 1.0000000180025095e-35 0.6515151515151516 1.0000000180025095e-35
decision_type=2 2 2 2 2 2 2 2 2 2 2 2 2 2 2 2 2 2 2 2 2 2 2 2 2 2 2 2 2 2
left_child=2 3 5 4 6 18 7 -2 11 -4 -11 14 -8 16 15 -3 -6 25 19 -1 23 24 -19 -13 -12 26 -7 -15 -23 -10
right_child=1 8 9 -5 13 17 12 -9 29 10 21 20 -14 27 -16 -17 -18 22 -20 -21 -22 28 -24 -25 -26 -27 -28 -29 -30 -31
leaf_value=-0.0047494718397192853 0.0029523094976338809 0.05066018784740034 -0.050565287488939792 0.062496409603916704 0.0024267121403820004 0.054037821507446952 0.076226155837071485 0.035697568484275286 0.050385207206560124 -0.047435211961169219 -0.0047939068108099753 0.062463540718039501 -0.025203682617644909 0.059239044193335227 0.050349735264093365 0.0019663458752287202 0.045332541570156169 -0.035894522096010482 -0.048602100394902106 0.25992473561465634 0.055909220368186241 0.1518395405066631 0.016768587116055448 0.034449688690816126 0.06787541063187566 0.021952833948008406 -0.058318104482522982 0.037447575513968483 0.055535469230270043 0.060360302987467009
leaf_weight=17.402634548023347 1792.6271193288267 52.933726076036692 11687.909483702853 921.86405718326569 70.623518094420433 60.22247469983995 10.88586865365505 653.64790872484446 333.62183694541454 125.50185994245112 30.507514929398894 93.450134485960007 479.33281807228923 471.80984902381897 122.01906766742468 125.66633022762835 122.36058409512043 39.717861531302333 398.59024125151336 1.1129557136446226 918.02053231745958 5.0048962365835896 42.407664425671101 309.28698340058327 11.125879112631081 459.02020107209682 3.1571017280220977 81.864335805177689 10.963861167430876 5896.1772401258349
leaf_count=346 13310 269 726204 5485 296 559 46 2902 1910 7278 581 532 4233 2688 685 799 528 1351 23472 32 5086 69 215 1683 71 1982 18 457 52 35786
internal_value=-0.00159356 0.0450632 -0.0466709 0.0242608 0.0146908 -0.00659069 0.00591688 0.0117019 0.0572647 -0.0501202 -0.0217115 0.0474228 -0.0229513 0.0491972 0.0301789 0.0163983 0.0296309 0.0205656 -0.0459492 0.0111599 0.0513477 0.0343346 -0.00870055 0.04095 0.0146258 0.0251665 0.0484411 0.056017 0.0857189 0.0598261
internal_weight=25348.8 12456.2 12892.6 4605.02 3683.15 1021.63 2936.49 2446.28 7851.18 11871 183.104 1621.38 490.219 746.658 300.619 178.6 192.984 604.525 417.106 18.5156 1320.76 57.6022 82.1255 402.737 41.6334 522.4 63.3796 553.674 15.9688 6229.8
internal_count=838925 76695 762230 29945 24460 27975 20491 16212 46750 734255 8051 9054 4279 3969 1753 1068 824 4125 23850 378 7301 773 1566 2215 652 2559 577 3145 121 37696
is_linear=0
shrinkage=0.05


Tree=31
num_leaves=31
num_cat=0
split_feature=13 15 11 13 3 0 3 11 3 15 2 2 13 2 13 13 23 0 13 18 5 8 0 12 3 3 11 0 8 8
split_gain=19993.7 1234.78 703.132 454.199 412.441 305.672 200.91 226.374 102.372 59.6813 94.186 43.0135 33.5764 34.5415 30.3159 29.1938 29.1506 25.5467 37.3195 35.7954 19.52 28.04 17.6611 16.9392 15.5217 14.4523 13.4124 12.8785 12.6228 12.536
threshold=0.61004928476980413 1.0000000180025095e-35 1.0000000180025095e-35 0.9805186590765339 0.86526825332795487 0.079473684210526321 0.86425061425061434 0.90567728650512891 0.87585616438356173 1.0000000180025095e-35 0.72850122850122856 0.77849927849927869 0.9979423868312759 0.80901722391084108 0.84877072612921667 0.53866082104424085 1.0000000180025095e-35 0.18274582560296851 0.9979423868312759 1.0000000180025095e-35 0.57783260057793318 1.0000000180025095e-35 0.29758481886141469 0.97315315315315332 0.7435215946843855 0.58885448916408678 0.60686155538423681 0.059714795008912663 1.0000000180025095e-35 1.0000000180025095e-35
decision_type=2 2 2 2 2 2 2 2 2 2 2 2 2 2 2 2 2 2 2 2 2 2 2 2 2 2 2 2 2 2
left_child=2 3 4 5 -1 27 14 -8 11 -4 -11 20 13 -5 -7 26 -6 29 19 -19 25 -22 -18 -15 -14 -3 -12 -2 -13 -10
right_child=1 8 9 12 16 6 7 -9 17 10 15 28 24 23 -16 -17 22 18 -20 -21 21 -23 -24 -25 -26 -27 -28 -29 -30 -31
leaf_value=-0.04876388802264657 0.062391800949697443 0.0023821921365403021 -0.050508159939657682 -0.0021617430134343858 0.022024277034595741 -0.046979623930849895 0.021506655946868399 -0.010555460655410024 0.034293640233675426 -0.046833878516741041 0.054481776182332492 0.027843514684354115 -0.0097038157203213713 0.023538572102402913 -0.010297246761425682 0.072693678092885766 0.020757405836138203 0.053480704404680605 0.060690345809710083 0.035649448714440403 -0.049994762099014455 0.028810182613779597 -0.026579352946687188 0.054889652743315011 0.057856331543425545 0.033023959724199602 -0.017216675749090929 0.039696222349842387 0.06365136597981752 0.061533078706854732
leaf_weight=365.42259042151272 292.25390104949474 50.729737162590027 11130.14238835685 47.658686593174934 553.74759977683425 157.5554169472307 2144.5333195962012 740.67433200776577 42.854690968990326 119.09456611424685 8.7457659151405078 32.98907944560051 8.5936398208141309 62.436094656586647 87.662689862772822 24.186093915253878 30.938184630125761 2162.3747507389635 1750.4343740344048 323.56613018363714 22.586155090481043 22.565191395580769 54.265970960259438 139.01627193391323 793.32599860429764 159.3804119322449 25.661210891790688 79.512196779251099 96.916492335498333 2935.149108543992
leaf_count=22880 1743 386 726204 207 3348 5084 11274 4598 242 7199 172 156 38 285 779 151 196 12412 11408 1806 95 108 1551 685 4847 788 529 405 543 18806
internal_value=-0.00158118 0.0439149 -0.0464881 0.0233246 -0.00639572 0.0146735 0.00958304 0.0132758 0.0562515 -0.0500492 -0.0213003 0.0311359 0.0521514 0.0361172 -0.0338661 0.0305985 0.017835 0.0575924 0.0550978 0.0511598 0.0192161 -0.0106106 -0.00939107 0.045173 0.0571323 0.0256257 0.00100805 0.0575377 0.0545581 0.0611411
internal_weight=24465 12152.8 12312.2 4553.22 1004.37 3502.19 3130.43 2885.21 7599.55 11307.8 177.688 385.167 1051.03 249.111 245.218 58.5931 638.952 7214.38 4236.38 2485.94 255.261 45.1513 85.2042 201.452 801.92 210.11 34.407 371.766 129.906 2978
internal_count=838925 76695 762230 29945 27975 23883 21735 15872 46750 734255 8051 2076 6062 1177 5863 852 5095 44674 25626 14218 1377 203 1747 970 4885 1174 701 2148 699 19048
is_linear=0
shrinkage=0.05


Tree=32
num_leaves=31
num_cat=0
split_feature=13 15 12 13 3 0 17 14 3 14 14 4 2 13 14 1 1 13 14 8 23 5 8 5 0 23 3 1 4 0
split_gain=18741.5 1212.17 694.033 432.948 387.694 287.85 197.883 179.796 102.826 100.856 62.3609 90.8504 41.2042 34.6374 55.1467 51.7701 33.0381 42.5872 60.1772 31.4862 26.1515 17.7407 25.2645 17.1162 16.1717 15.6608 14.9729 14.8579 13.9989 13.173
threshold=0.61004928476980413 1.0000000180025095e-35 1.0000000180025095e-35 0.9805186590765339 0.86526825332795487 0.079473684210526321 0.36666666666666675 0.39444444444444454 0.87585616438356173 0.44949494949494956 0.1526806526806527 0.68582346837865193 0.77849927849927869 0.9979423868312759 0.7633053221288516 0.93348815322499534 0.93896677559912867 0.9979423868312759 0.71714285714285719 1.0000000180025095e-35 1.0000000180025095e-35 0.57783260057793318 1.0000000180025095e-35 0.57061572686338069 0.29758481886141469 1.0000000180025095e-35 0.75181159420289878 0.88800900900900914 1.0000000180025095e-35 0.059714795008912663
decision_type=2 2 2 2 2 2 2 2 2 2 2 2 2 2 2 2 2 2 2 2 2 2 2 2 2 2 2 2 2 2
left_child=2 3 4 5 27 29 7 -7 12 -8 -4 -12 21 14 -5 -16 17 18 -10 23 -6 28 -23 -18 -22 -13 -15 -1 -3 -2
right_child=1 8 10 13 20 6 9 -9 16 -11 11 25 -14 26 15 -17 19 -19 -20 -21 24 22 -24 -25 -26 -27 -28 -29 -30 -31
leaf_value=-0.049663943728649573 0.061247134114086312 -0.023543869696674952 -0.050506445673523359 0.05737938690994035 0.020861961567416449 -0.0016149074270060818 -0.022666417413365728 0.035920095910561424 0.05372207136963536 0.0049138313059441151 -0.047959080891239167 0.030507520434575459 0.053298332508830641 -0.0056649727764767743 -0.011005640028817685 0.061993165058844946 -0.11647275663844665 0.059836364457778894 0.034487068677379683 0.060659512301981293 0.019624495302852776 -0.047243607861230788 0.027649925083268419 0.019900879057503783 -0.025769029060847159 -0.036837999020423083 0.056965349559997117 0.053154640941629618 0.027989243457856264 0.038119435029945831
leaf_weight=345.0747905569151 283.06399804353714 14.135244008153675 10568.185587783344 128.28719308972359 555.32734526880085 487.06796159222722 448.88231949880719 924.82140756398439 1657.9258011188358 1267.2533958703279 128.61265669949353 64.370002631098032 126.42575857788324 9.6632553488016111 84.19290865957737 34.134919047355652 3.5307803601026517 1546.1340750604868 538.75184786319733 3217.8454087972641 31.084140131250024 22.703146055340767 22.342262100428343 6.6049610823392868 53.201303641311824 9.9695164039731008 765.69326019287109 3.549762829206883 194.67798933945596 78.682589396834373
leaf_count=22776 1743 167 725143 646 3348 5042 5191 4373 9816 7129 8174 628 699 43 368 163 19 10452 3078 21271 196 95 108 38 1551 310 4842 104 1007 405
internal_value=-0.00156833 0.0427732 -0.0462999 0.0223718 -0.00619771 0.01399 0.00910658 0.0229714 0.0552946 -0.00230022 -0.0499792 -0.0225257 0.0299764 0.0509934 0.0346718 0.0100529 0.0566758 0.0534791 0.0490045 0.0603824 0.0169232 0.0183617 -0.0100968 -0.0276048 -0.00902808 0.021476 0.0561848 -0.048617 0.0245008 0.0562167
internal_weight=23622.2 11862.8 11759.4 4511.74 988.237 3489.77 3128.03 1411.89 7351.08 1716.14 10771.1 202.952 380.284 1021.97 246.615 118.328 6970.79 3742.81 2196.68 3227.98 639.613 253.859 45.0454 10.1357 84.2854 74.3395 775.357 348.625 208.813 361.747
internal_count=838925 76695 762230 29945 27975 23883 21735 9415 46750 12320 734255 9112 2076 6062 1177 531 44674 23346 12894 21328 5095 1377 203 57 1747 938 4885 22880 1174 2148
is_linear=0
shrinkage=0.05


Tree=33
num_leaves=31
num_cat=0
split_feature=13 15 11 6 13 6 1 14 3 14 4 6 1 1 13 6 1 8 3 6 5 2 13 6 5 3 15 13 2 1
split_gain=17569.8 1189.79 685.031 639.981 382.752 365.362 189.211 134.467 103.323 62.6534 86.0463 49.8983 40.2087 34.2918 44.6366 64.8127 34.2177 30.1043 28.1949 24.7016 24.0853 16.7128 16.6706 15.7675 14.5451 13.3655 12.7174 44.988 18.5109 16.139
threshold=0.61004928476980413 1.0000000180025095e-35 1.0000000180025095e-35 0.95000000000000007 0.9979423868312759 0.42261904761904767 0.96168010752688182 0.43303571428571436 0.87585616438356173 0.1526806526806527 0.68582346837865193 0.58571428571428574 0.90498325035343308 0.93896677559912867 0.9979423868312759 0.86607142857142871 0.86919323469113097 1.0000000180025095e-35 0.86425061425061434 0.43650793650793657 0.5963828510317023 0.83096903096903107 0.8865422123154082 0.42261904761904767 0.57061572686338069 0.7435215946843855 1.0000000180025095e-35 0.53866082104424085 0.73765182186234834 0.91112278244631195
decision_type=2 2 2 2 2 2 2 2 2 2 2 2 2 2 2 2 2 2 2 2 2 2 2 2 2 2 2 2 2 2
left_child=2 3 5 4 6 16 7 -2 12 26 -11 -8 19 14 15 -10 -1 24 21 22 -21 -7 -3 -12 -15 -6 -4 29 -29 -28
right_child=1 8 9 -5 25 18 11 -9 13 10 23 -13 -14 17 -16 -17 -18 -19 -20 20 -22 -23 -24 -25 -26 -27 27 28 -30 -31
leaf_value=-0.048999241138432792 -0.017959321044360856 -0.032796556425408109 -0.050648153349994042 0.060612187461273032 -0.0088936863605875854 -0.041137327461380491 0.067286910671338532 0.0072813219803904905 0.042140705831774754 -0.047756981245272591 -0.037758004038449137 0.024743940726977998 0.058940187899455244 -0.10466143074749867 0.059148670192378454 0.061099458918340982 0.016501511547771557 0.059938598770860642 0.020127582097345081 0.043598836192640461 0.001326147295090465 0.2544427490811349 0.012399275252237777 0.02937877404304548 0.019115875094191704 0.053862755546357305 -0.047498630910759128 -0.017170866534325136 0.15225762035492152 0.02307279022891924
leaf_weight=347.38692287355661 762.16144593432546 26.134244922548532 9945.9033733010292 846.10491784662008 8.6322502046823484 23.549123678356413 78.473812974989414 1714.9551189430058 1491.8863379079849 122.84495254140347 10.114791450090705 566.36212281882763 85.698945477604866 3.7272735685110074 1487.3932883739471 645.99341383576393 21.152837257832289 3096.7886454313993 580.13315920345485 124.4527509957552 46.205642178654671 0.48814649507403274 93.037532992660999 64.598124671727419 6.5342282652854919 494.5608000010252 101.02098655421287 2.5577178224921218 4.3604924734681845 8.8077166480943543
leaf_count=23416 9453 307 718303 5485 38 1219 354 8943 8528 8174 359 2565 500 19 10452 4366 434 21271 2890 628 210 16 431 579 38 3107 6539 135 29 137
internal_value=-0.00155468 0.0416649 -0.0461063 0.021457 0.0123182 -0.00600436 0.00579558 -0.000484742 0.0543769 -0.0499081 -0.0220229 0.0299212 0.0288523 0.0558007 0.0524971 0.0478694 -0.0452397 0.0596553 0.0179289 0.0199557 0.0321535 -0.0351347 0.00248788 0.0202897 -0.0258436 0.0527862 -0.0504556 -0.0340492 0.0896186 -0.0418392
internal_weight=22812 11579.1 11232.9 4471.25 3625.15 972.71 3121.95 2477.12 7107.85 10260.2 197.558 644.836 375.529 6732.32 3625.27 2137.88 368.54 3107.05 604.17 289.83 170.658 24.0373 119.172 74.7129 10.2615 503.193 10062.7 116.747 6.91821 109.829
internal_count=838925 76695 762230 29945 24460 27975 21315 18396 46750 734255 9112 2919 2076 44674 23346 12894 23850 21328 4125 1576 838 1235 738 938 57 3145 725143 6840 164 6676
is_linear=0
shrinkage=0.05


Tree=34
num_leaves=31
num_cat=0
split_feature=13 15 12 6 13 3 2 7 7 3 14 4 2 6 6 13 14 0 6 5 0 18 14 6 15 6 17 6 7 12
split_gain=16483.5 1162.32 675.884 613.578 361.478 343.848 162.334 145.702 124.504 103.199 62.9156 81.5246 38.6438 36.5623 31.0612 36.0006 59.1387 17.352 37.1928 21.6901 15.042 14.3589 19.9726 14.274 12.8144 42.6048 36.0257 11.1134 13.0571 10.4104
threshold=0.61004928476980413 1.0000000180025095e-35 1.0000000180025095e-35 0.95000000000000007 0.9979423868312759 0.86526825332795487 0.86391694725028068 0.73214285714285732 0.89444444444444449 0.87585616438356173 0.1526806526806527 0.68582346837865193 0.7590571802706243 0.42261904761904767 0.86607142857142871 0.9979423868312759 0.71714285714285719 0.40129870129870138 0.43650793650793657 0.57783260057793318 0.35781671159029654 1.0000000180025095e-35 0.88348416289592768 0.42261904761904767 1.0000000180025095e-35 0.47727272727272735 1.0000000180025095e-35 0.95000000000000007 0.68333333333333346 0.53975277426604873
decision_type=2 2 2 2 2 2 2 2 2 2 2 2 2 2 2 2 2 2 2 2 2 2 2 2 2 2 2 2 2 2
left_child=2 3 5 4 6 -1 8 -8 -2 12 24 -12 17 20 15 16 -11 19 -19 -3 -7 -6 -23 -13 -4 -26 -27 28 -15 -25
right_child=1 9 10 -5 21 13 7 -9 -10 14 11 23 -14 27 -16 -17 -18 18 -20 -21 -22 22 -24 29 25 26 -28 -29 -30 -31
leaf_value=-0.048337599197507221 -0.014595357217246668 0.013958099987373502 -0.050609623687512678 0.059801987783555027 0.055426620415179997 0.021023082153005065 0.055848293945008613 0.0093753713067521536 0.070279457168092724 0.053063410389193225 -0.047549319729020122 -0.037153623241699713 0.048945365747870007 0.033983887005303595 0.05977550287607325 0.058378073855038848 0.035555775002641864 -0.00031280177468695123 0.045278286813169831 -0.052150330389958026 -0.037020335132657199 -0.0077060866256233821 0.048841931229640367 0.014412156029953022 -0.050173515397046897 -0.008453757762620636 0.13500451741063058 0.029149291763822291 0.010123475229008087 0.057810883917151848
leaf_weight=317.69754870049655 975.69617839716375 35.352485541254282 9467.8569891247898 815.46682558953762 414.15586131811142 14.970311332494019 184.98184804618359 1911.1596596203744 45.210202485322952 2037.4169809892774 117.35134274326265 9.7740646833553892 136.63782737404108 69.651938168331981 2215.3051165044308 1613.9322481378913 631.95478789508343 87.537964699789882 91.485479585826397 19.11706830561161 43.876799538731575 22.575272381305695 50.645213738083839 45.336170041933656 87.253779328428209 19.572046821936969 5.6365643776953211 186.8266079723835 324.2697404846549 19.876533385366201
leaf_count=22880 10946 169 718303 5485 2688 154 934 9231 204 12732 8174 359 782 624 16221 11843 3878 590 450 85 2055 135 322 421 6266 526 48 762 1500 158
internal_value=-0.00154102 0.0406362 -0.0459143 0.0206356 0.0117745 -0.00581923 0.00551338 0.0134765 -0.0108367 0.0535062 -0.0498419 -0.021528 0.0278258 0.0153003 0.0549689 0.0524829 0.0489186 0.0154669 0.0229854 -0.00924384 -0.0222545 0.0518181 0.0314071 0.0191945 -0.0504103 -0.0336319 0.0236231 0.0191058 0.0143424 0.0276399
internal_weight=22018.6 11288.6 10730 4419.89 3604.42 957.293 3117.05 2096.14 1020.91 6868.74 9772.66 192.338 370.131 639.595 6498.61 4283.3 2669.37 233.493 179.023 54.4696 58.8471 487.376 73.2205 74.9868 9580.32 112.462 25.2086 580.748 393.922 65.2127
internal_count=838925 76695 762230 29945 24460 27975 21315 10165 11150 46750 734255 9112 2076 5095 44674 28453 16610 1294 1040 254 2209 3145 457 938 725143 6840 574 2886 2124 579
is_linear=0
shrinkage=0.05


Tree=35
num_leaves=31
num_cat=0
split_feature=14 7 6 14 12 1 6 14 6 6 9 14 1 14 12 3 6 8 5 10 10 17 14 18 22 10 9 0 6 6
split_gain=15422.2 698.187 580.066 422.45 299.599 272.264 219.763 213.012 210.68 101.25 167.648 72.719 39.6789 38.5783 26.6076 21.8052 21.327 19.2854 27.1148 18.0006 13.1453 12.8261 11.4273 10.9847 10.6868 10.0228 9.96655 12.0457 9.3773 8.36445
threshold=0.21240601503759401 0.58571428571428574 0.95000000000000007 0.88348416289592768 0.22660960902548141 0.94839989759344612 0.43650793650793657 0.11651583710407241 0.78888888888888908 0.76388888888888895 0.15047169811320757 0.36602870813397131 0.92284702886618086 0.51190476190476197 0.43341543513957315 0.88416815742397159 0.58571428571428574 1.0000000180025095e-35 0.57783260057793318 0.98611111111111127 0.70608802961744155 0.29166666666666669 0.098387096774193564 1.0000000180025095e-35 1.0000000180025095e-35 0.55705244122965658 0.16515151515151519 0.079473684210526321 0.95000000000000007 0.95000000000000007
decision_type=2 2 2 2 2 2 2 2 2 2 2 2 2 2 2 2 2 2 2 2 2 2 2 2 2 2 2 2 2 2
left_child=1 12 3 5 16 6 11 25 -8 13 -11 -2 29 -7 20 17 26 18 -5 22 -9 -16 -14 28 -21 -6 27 -3 -18 -1
right_child=2 4 -4 15 7 9 8 14 -10 10 -12 -13 19 -15 21 -17 23 -19 -20 24 -22 -23 -24 -25 -26 -27 -28 -29 -30 -31
leaf_value=-0.050286657752718469 -0.035131372331775372 0.042534268760892238 0.059175457728542651 0.029173831406167146 0.0120504234965237 0.036375262496356191 0.029746470309810143 -0.031998141027362252 -0.005812775609701221 0.034414106146399635 -0.046712187780183781 0.0030397387777077092 -0.050686260362185223 0.052326304029940963 0.017020099308148805 0.057312940898343469 0.01126825336448865 0.052684122494249322 -0.064789168241457071 0.11282209051825515 0.061850293328554434 -0.026971012139923319 0.038276026518735289 0.041548725148108451 0.013401897254261958 -0.048013874948139683 0.019122959512811726 -0.02477974361176008 0.02610752304569737 0.062295822441278029
leaf_weight=9048.7326752385125 163.91535471193492 7.4927916722372165 2894.6224246397614 42.546346470713615 7.0358078135177484 563.18481573462486 3029.3990075206384 4.0994797991588703 482.94738390296698 366.84867024421692 77.058366917073727 522.49603615514934 11.488787235692145 1159.4091210067272 71.331239365972579 1519.2496982514858 284.34146739076823 68.018871665000916 9.3682821840047819 5.0794457942247409 41.541554792784154 21.582768924534321 5.2634772611781946 49.850981582887471 5.7771872449666262 540.32231287565082 26.463598129339516 58.806973646394908 170.1791383260861 1.6501185987144698
leaf_count=717028 5087 32 21580 217 146 3088 17926 87 2786 2010 477 3249 874 7326 808 11373 1331 412 43 36 368 364 121 224 39 40104 297 712 724 56
internal_value=-0.001527 -0.045204 0.0399939 0.0330573 -0.0106795 0.0272283 0.0198002 -0.0332229 0.0248571 0.0416242 0.0203313 -0.00607554 -0.0500836 0.0471113 0.0221582 0.0556927 0.0152156 0.0351677 0.0122177 0.00976643 0.0534208 0.00680151 -0.0227348 0.019268 0.0599172 -0.0472418 -0.00681798 -0.0171723 0.0168243 -0.0502661
internal_weight=21260.1 10361 10899.1 8004.44 1283.05 6365.26 4198.76 685.913 3512.35 2166.5 443.907 686.411 9077.99 1722.59 138.555 1639.18 597.135 119.934 51.9146 27.6089 45.641 92.914 16.7523 504.372 10.8566 547.358 92.7634 66.2998 454.521 9050.38
internal_count=838925 763351 75574 53994 45197 41949 29048 41877 20712 12901 2487 8336 718154 10414 1627 12045 3320 672 260 1070 455 1172 995 2279 75 40250 1041 744 2055 717084
is_linear=0
shrinkage=0.05


Tree=36
num_leaves=31
num_cat=0
split_feature=13 15 11 6 13 6 0 17 6 14 4 11 7 0 0 9 13 4 13 14 5 18 14 15 6 17 7 5 17 10
split_gain=14484.5 1168.11 659.303 583.523 338.164 302.357 152.551 141.78 85.4669 62.738 73.3149 42.7044 30.8113 24.5655 23.2827 21.7363 20.2919 19.5829 18.4163 31.5338 17.1527 14.7483 18.7673 13.5167 41.7651 30.3813 13.3628 23.7409 13.3523 16.0711
threshold=0.61004928476980413 1.0000000180025095e-35 1.0000000180025095e-35 0.95000000000000007 0.9979423868312759 0.42261904761904767 0.059714795008912663 0.36666666666666675 0.43650793650793657 0.1526806526806527 0.68582346837865193 0.86784613958684831 0.81666666666666676 0.34833164812942369 0.35781671159029654 0.38548951048951058 0.9979423868312759 0.60484876437115653 0.9979423868312759 0.71714285714285719 0.42945145574168192 1.0000000180025095e-35 0.88348416289592768 1.0000000180025095e-35 0.47727272727272735 1.0000000180025095e-35 0.5634920634920636 0.62148641413763051 0.18333333333333338 0.702836499866203
decision_type=2 2 2 2 2 2 2 2 2 2 2 2 2 2 2 2 2 2 2 2 2 2 2 2 2 2 2 2 2 2
left_child=2 3 5 4 6 14 -2 -8 11 23 -11 13 18 -3 15 -1 -15 -7 19 -10 -13 -6 -23 -4 -25 -26 27 -19 -12 -30
right_child=1 8 9 -5 21 17 7 -9 12 10 28 20 -14 16 -16 -17 -18 26 -20 -21 -22 22 -24 24 25 -27 -28 -29 29 -31
leaf_value=-0.0059150209389322653 0.065206944354097546 0.043660145775087644 -0.050537792068623515 0.058334833400994317 0.053882481020588548 -0.029648144876605192 0.014701124271266748 -0.0071966518630381011 0.04918011066532111 -0.047192087001089567 0.035960101609627183 0.023815594729300487 0.056188432209274997 -0.015422536768516286 -0.047814943405198658 0.20156201196549253 0.048486493588435965 0.041582773041280524 0.055097795213772165 0.0297242397533755 0.046487021707795173 -0.0089590178934241781 0.046679866985323885 -0.05004509190284559 -0.0063612666534718755 0.12453498819745526 0.016083138114176162 0.24055834809975246 -0.028440812817491112 0.048410410049059167
leaf_weight=18.193545867688957 98.939937144517899 35.408224761486053 8583.4211880723014 756.24489442259073 388.99855039268732 23.042251451872289 1285.9555908665061 1738.5064926473424 863.48866577073932 107.58353214152157 41.866648436523974 110.64937181770802 4085.9984173551202 78.236309224739671 303.32282378058881 1.3564855037257064 14.764375202357767 14.104377064853905 638.40991098433733 274.46154964715242 339.12884929031134 22.267575696110725 47.456256926059723 79.167790050618351 18.736319331452254 5.8068130984902373 563.79475052561611 1.677409455180167 23.783429707400501 9.5280011221766454
leaf_count=411 482 213 718303 5485 2688 1157 8633 12200 5422 8174 394 609 30958 588 23406 33 91 299 4865 1667 2337 135 322 6266 526 48 2648 21 435 109
internal_value=-0.00151245 0.0384804 -0.0455209 0.0184255 0.00999996 -0.00536268 0.00411255 0.00211395 0.0519895 -0.0497111 -0.0207195 0.0336491 0.0537984 0.00821749 -0.0444062 0.00848084 -0.00527662 0.0155562 0.0483008 0.0444876 0.0409097 0.0500869 0.0289106 -0.050321 -0.0323784 0.0246083 0.0173534 0.0627314 0.0171641 -0.00645921
internal_weight=20574.3 10778.9 9795.39 4338.37 3582.12 925.492 3123.4 3024.46 6440.55 8869.89 182.762 578.187 5862.36 128.409 322.873 19.55 93.0007 602.619 1776.36 1137.95 449.778 458.722 69.7238 8687.13 103.711 24.5431 579.577 15.7818 75.1781 33.3114
internal_count=838925 76695 762230 29945 24460 27975 21315 20833 46750 734255 9112 3838 42912 892 23850 444 679 4125 11954 7089 2946 3145 457 725143 6840 574 2968 320 938 544
is_linear=0
shrinkage=0.05


Tree=37
num_leaves=31
num_cat=0
split_feature=13 15 11 6 13 3 1 17 3 15 6 1 13 6 1 8 6 6 0 6 5 13 11 1 18 11 1 5 9 6
split_gain=13587.3 1138.46 651.097 559.237 318.898 289.833 155.518 127.946 107.122 61.8965 80.3557 40.1152 52.1303 69.9626 38.8894 32.0589 29.4344 26.2992 22.3403 47.0069 32.5632 15.6945 17.178 14.7246 14.532 14.791 14.3815 13.0394 11.0375 10.3876
threshold=0.61004928476980413 1.0000000180025095e-35 1.0000000180025095e-35 0.95000000000000007 0.9979423868312759 0.86526825332795487 0.96927447552447565 0.36666666666666675 0.87585616438356173 1.0000000180025095e-35 0.42261904761904767 0.93896677559912867 0.9979423868312759 0.86607142857142871 0.90498325035343308 1.0000000180025095e-35 0.58571428571428574 0.42261904761904767 0.39173060528559256 0.43650793650793657 0.57783260057793318 0.53866082104424085 0.60686155538423681 0.89333845366103437 1.0000000180025095e-35 0.86784613958684831 0.88800900900900914 0.57061572686338069 0.24283374283374287 0.27922077922077926
decision_type=2 2 2 2 2 2 2 2 2 2 2 2 2 2 2 2 2 2 2 2 2 2 2 2 2 2 2 2 2 2
left_child=2 3 5 4 6 26 7 -2 14 -4 -11 12 13 -10 18 27 -8 23 20 -20 -3 22 -12 -7 -6 -26 -1 -13 -28 -25
right_child=1 8 9 -5 24 17 16 -9 11 10 21 15 -14 -15 -16 -17 -18 -19 19 -21 -22 -23 -24 29 25 -27 28 -29 -30 -31
leaf_value=-0.049194354287964544 0.012256634093000247 0.017295002768321781 -0.050212829699793862 0.057647071636195993 0.053054202730094473 -0.035426874023130384 0.06665755935149463 -0.0096885581458276242 0.037705256546554357 -0.046368424344988161 0.067505480893436637 -0.10806711313597024 0.0568413121958544 0.058799422931181483 0.055884725665750049 0.057629725409887728 0.027509612607302225 0.016506973757401063 -0.0016873480817284695 0.045033942201829505 -0.057972130833527473 0.060175778456478507 -0.016262883485026011 0.12442719613504555 0.0083778816426382744 0.055532553610321882 0.0083035026610756152 0.011951918115747173 0.22976797455460063 0.0056567467346015764
leaf_weight=273.22497452516109 1153.3451860230416 38.443541526794434 8302.5989264948294 727.72716377675533 375.65736024081707 40.018338258378208 55.746335804462433 1566.0110359601676 1363.0456157550216 90.432692660018802 8.4047931618988532 3.6679669171571714 1273.5043044984341 552.37659706175327 77.268909022212029 2668.0274853408337 346.21488045156002 581.56607187353075 100.52703622914851 115.91004354506731 22.947687521576881 24.354234647937119 22.512923141010106 2.172924878075718 39.956268012523651 28.485494025051594 2.8233345765620466 5.9085400253534317 0.70261489320546378 12.049276120960711
leaf_count=22776 8046 197 726204 5485 2688 2084 263 11434 8528 7219 162 19 10452 4366 500 21271 1572 2886 659 619 101 166 504 26 259 198 85 38 19 99
internal_value=-0.00149736 0.0375089 -0.045312 0.0177031 0.00955028 -0.00518931 0.00390985 -0.000381068 0.0511757 -0.0496459 -0.0173395 0.0527898 0.0490011 0.0437885 0.0245087 0.0573019 0.0329389 0.0134014 0.0157825 0.0233336 -0.0108394 0.030156 0.00650904 -0.0198964 0.0491936 0.0280037 -0.0478995 -0.0340174 0.0524347 0.023803
internal_weight=19875.6 10514.8 9360.86 4293.14 3565.42 912.558 3121.32 2719.36 6221.63 8448.3 145.705 5866.53 3188.93 1915.42 355.097 2677.6 401.961 635.807 277.828 216.437 61.3912 55.272 30.9177 54.2405 444.099 68.4418 276.751 9.57651 3.52595 14.2222
internal_count=838925 76695 762230 29945 24460 27975 21315 19480 46750 734255 8051 44674 23346 12894 2076 21328 1835 5095 1576 1278 298 832 666 2209 3145 457 22880 57 104 125
is_linear=0
shrinkage=0.05


Tree=38
num_leaves=31
num_cat=0
split_feature=12 15 7 6 12 15 12 1 17 11 3 1 1 11 6 8 1 6 6 15 6 0 6 5 12 6 6 0 17 12
split_gain=11967.5 1106.94 1009.33 540.631 190.89 183.678 251.132 143.97 124.81 123.993 109.814 55.4178 41.1682 51.5142 34.1971 31.6452 31.4627 30.5445 27.218 27.1448 41.184 25.7876 35.5504 30.5203 21.7439 20.8174 17.3044 17.2325 13.8964 12.6606
threshold=0.55487600223755373 1.0000000180025095e-35 0.58571428571428574 0.95000000000000007 0.98312206238427591 1.0000000180025095e-35 0.22660960902548141 0.96927447552447565 1.0000000180025095e-35 0.90567728650512891 0.87026647966339421 0.90498325035343308 0.93896677559912867 0.86784613958684831 0.42261904761904767 1.0000000180025095e-35 0.88283236087583938 0.58571428571428574 0.58571428571428574 1.0000000180025095e-35 0.42261904761904767 0.41742424242424248 0.43650793650793657 0.57783260057793318 0.47895757780214226 0.86607142857142871 0.58571428571428574 0.15184453227931491 1.0000000180025095e-35 0.30517395182872437
decision_type=2 2 2 2 2 2 2 2 2 2 2 2 2 2 2 2 2 2 2 2 2 2 2 2 2 2 2 2 2 2
left_child=2 3 11 4 7 6 26 9 24 -2 16 19 13 14 -12 -14 21 -9 -10 -1 -21 23 -23 -3 -8 -15 -4 -13 29 -7
right_child=1 10 5 -5 -6 28 8 17 18 -11 12 27 15 25 -16 -17 -18 -19 -20 20 -22 22 -24 -25 -26 -27 -28 -29 -30 -31
leaf_value=-0.050223614603583967 0.0075106126538547124 0.0098917838675290498 -0.0070275670458252787 0.057217652841305269 0.051123479762869739 0.14897573992724486 -0.048507091790672141 0.066103394051055087 -0.022472715075734229 -0.016453353005637883 -0.0039042291345222275 0.045470144562223189 -0.034760171034328935 0.047988859859024818 0.037763767282252357 0.057086787578297542 0.047659468106231798 0.027129302980529874 0.028667090350602262 -0.040673331387077398 0.034981517854473287 -0.0011746651989031874 0.042985531822353623 -0.069801491296078363 -0.0045100353211221583 0.05796465878020423 0.01658920247420842 -0.016913825818109848 0.053995834261900945 0.017759132907666231
leaf_weight=7686.1313232248649 2071.8945773914456 33.780287336558104 91.682184456847608 685.12623399868608 245.48777312785387 1.9116325117647637 419.39756132941693 58.217061877250671 38.509459002874792 729.95372289046645 56.051067096181214 15.332702734507619 9.4134237319231016 1819.535362161696 405.26302894111723 2504.4589668884873 86.971793636679649 368.33132509887218 80.211987904272974 88.967891363427043 22.547357414849102 89.394618155434728 92.973789950832725 18.645079761743546 30.097337942570448 733.897844620049 503.6618520738557 39.816329602152109 125.65069802291691 47.92149493098259
leaf_count=705965 17400 167 1040 5398 1635 16 36895 304 1526 4685 349 316 55 13501 2849 20817 552 1792 1335 6983 428 663 507 79 1322 6208 2275 2321 921 621
internal_value=-0.00148144 0.0363458 -0.0426732 0.016625 0.0086192 -0.00254956 -0.00974115 0.00538717 -0.033518 0.00126738 0.0503653 -0.049515 0.0520179 0.048078 0.032701 0.0567429 0.0219702 0.0324486 0.012079 -0.0498683 -0.0253766 0.0124544 0.0213388 -0.0184511 -0.0455611 0.0508561 0.0129523 0.000430357 0.0451349 0.0227927
internal_weight=19201.2 10009.4 9191.84 4159.01 3473.88 1339.04 1163.56 3228.4 568.216 2801.85 5850.39 7852.8 5528.62 3014.75 461.314 2513.87 321.766 426.548 118.721 7797.65 111.515 234.794 182.368 52.4254 449.495 2553.43 595.344 55.149 175.484 49.8331
internal_count=838925 76961 761964 31214 25816 45951 44393 24181 41078 22085 45747 716013 43779 22907 3198 20872 1968 2096 2861 713376 7411 1416 1170 246 38217 19709 3315 2637 1558 637
is_linear=0
shrinkage=0.05


Tree=39
num_leaves=31
num_cat=0
split_feature=13 11 13 2 3 1 3 7 5 13 14 4 12 10 13 3 8 23 8 5 1 4 9 1 23 2 4 1 9 9
split_gain=11975 636.61 493.03 354.912 258.346 129.262 120.734 101.355 102.5 68.6769 64.0038 66.4044 58.6151 51.7609 36.423 32.2633 21.0419 17.7164 16.133 17.0875 13.7272 12.5446 12.2498 12.1193 11.2268 10.6539 9.44988 16.2436 12.2763 8.76784
threshold=0.61004928476980413 1.0000000180025095e-35 0.9979423868312759 0.88067796610169491 0.86526825332795487 0.97336652441915616 0.72871572871572876 0.89444444444444449 0.77618722350963065 0.93764952153110059 0.1526806526806527 0.68582346837865193 0.92068331397599701 0.11791443850267382 0.77568613652357499 0.87386363636363651 1.0000000180025095e-35 1.0000000180025095e-35 1.0000000180025095e-35 0.54482702015749418 0.88800900900900914 0.65249530481069651 0.28416149068322988 0.65872084814174037 1.0000000180025095e-35 0.85215543412264738 0.86107775762885541 0.70719487484193377 0.050641025641025648 0.91458966565349553
decision_type=2 2 2 2 2 2 2 2 2 2 2 2 2 2 2 2 2 2 2 2 2 2 2 2 2 2 2 2 2 2
left_child=1 4 3 6 20 9 14 8 -8 13 -3 29 -11 -5 -2 18 -16 26 19 -4 -1 -21 -22 -13 -25 -19 27 -6 -28 -12
right_child=2 10 15 5 17 -7 7 -9 -10 12 11 23 -14 -15 16 -17 -18 25 -20 21 22 -23 -24 24 -26 -27 28 -29 -30 -31
leaf_value=-0.048989901919894462 -0.047444167108676077 -0.050197779436401802 0.024440490096583316 -0.0086693352537312741 -0.0073691208656456236 0.051437238185787708 0.01946746667426006 0.060574152011120742 -0.0084573415627042653 0.049445873877071514 -0.047696341453422296 -0.031470712274819061 0.031357654256479538 0.02775161682033063 0.015780928355720144 0.055200947948781276 -0.026065528620970321 -0.035288851954963181 0.046029736260253633 0.023009998656533415 0.0053354182865786382 -0.080963307780913041 0.24245735462639578 0.03259999987645406 -0.036937812023155589 0.0032668701978149856 0.015720545375347807 0.042931151267507323 -0.0088999670417505786 0.1754474165077255
leaf_weight=248.12719886284322 91.540838338434696 7506.282360852696 49.738498218357563 102.36437274515629 21.246684849262238 1092.7763888686895 1459.5780864180997 119.99503162130713 424.09254181757569 789.9971340149641 94.113404829055071 11.051947699859737 1034.1975609958172 2075.3708973228931 58.835581932216883 2561.6222904026508 61.380690366029739 26.902381128631532 73.353241972625256 4.6851924210786802 2.9523763358592983 7.6181886047124863 0.66787069290876377 55.686702460050583 6.4797451496124259 53.646056645549834 408.16581424325705 65.62516063824296 57.800236824899912 0.44228217750787635
leaf_count=22776 3709 725143 264 692 602 8672 10797 742 2800 5449 8139 244 6935 12765 483 22430 435 1338 466 22 90 34 14 506 188 409 1849 609 288 35
internal_value=-0.00146465 -0.044884 0.0356723 0.0289312 -0.00473282 0.0361962 0.0122242 0.0160187 0.0131804 0.0320344 -0.0495151 -0.0189722 0.0391911 0.0260397 -0.0236805 0.0539437 -0.00558527 0.0122972 0.0301567 0.0113898 -0.0475796 -0.0413697 0.0490802 0.0167748 0.0253519 -0.00961036 0.0154891 0.030629 0.0126665 -0.0466526
internal_weight=18566.3 8559.19 10007.1 7310.13 885.134 5094.71 2215.42 2003.67 1883.67 4001.93 7674.06 167.774 1824.19 2177.74 211.757 2697.02 120.216 633.386 135.395 62.0419 251.747 12.3034 3.62025 73.2184 62.1664 80.5484 552.838 86.8718 465.966 94.5557
internal_count=838925 762230 76695 53479 27975 34513 18966 14339 13597 25841 734255 9112 12384 13457 4627 23216 918 5095 786 320 22880 56 104 938 694 1747 3348 1211 2137 8174
is_linear=0
shrinkage=0.05


Tree=40
num_leaves=31
num_cat=0
split_feature=13 15 11 6 13 6 0 14 7 14 6 6 8 0 13 0 14 11 6 13 14 9 18 14 9 15 6 17 23 7
split_gain=11204.9 1114.25 628.147 519.702 287.577 236.581 131.845 128.756 88.4834 64.1701 63.4412 53.8104 25.2884 24.8945 35.4008 22.0426 19.345 17.4938 15.7302 16.4061 30.8769 15.2721 14.9954 18.0429 14.7925 14.7623 38.2922 25.0285 14.7149 14.1043
threshold=0.61004928476980413 1.0000000180025095e-35 1.0000000180025095e-35 0.95000000000000007 0.9979423868312759 0.42261904761904767 0.059714795008912663 0.44949494949494956 0.68333333333333346 0.1526806526806527 0.43650793650793657 0.36931818181818188 1.0000000180025095e-35 0.16843971631205676 0.9979423868312759 0.35781671159029654 0.76696832579185525 0.81385202075554652 0.86607142857142871 0.9979423868312759 0.71714285714285719 0.38548951048951058 1.0000000180025095e-35 0.88348416289592768 0.93257575757575772 1.0000000180025095e-35 0.47727272727272735 1.0000000180025095e-35 1.0000000180025095e-35 0.68333333333333346
decision_type=2 2 2 2 2 2 2 2 2 2 2 2 2 2 2 2 2 2 2 2 2 2 2 2 2 2 2 2 2 2
left_child=2 3 5 4 6 15 -2 -8 11 25 24 12 16 -13 -15 21 -3 -14 19 20 -10 -1 -6 -24 -11 -4 -27 -28 29 -7
right_child=1 8 9 -5 22 28 7 -9 18 10 -12 13 17 14 -16 -17 -18 -19 -20 -21 -22 -23 23 -25 -26 26 27 -29 -30 -31
leaf_value=-0.0052582243936540639 0.061105749593188458 -0.024349636748638586 -0.050410271772587535 0.055979229884896953 0.051091146530295409 0.037671117675191101 -0.013965352978724661 0.0078355865603110097 0.051347154308335523 -0.047455744646808719 0.016250556956999146 0.055593744573873206 -0.0088242805029279479 0.032796545145686293 0.051052974351815439 -0.047130679739578574 0.019852373550463095 0.039761438484774564 0.056923412382253596 0.056170452076648482 0.034381603415075179 0.15453950032834932 -0.012718358243089332 0.043504141270715557 0.32671095097608044 -0.049814309129309509 -0.005448577091601528 0.11221491678929288 -0.0077334919481171979 0.012834120304752042
leaf_weight=17.731400669552389 92.396687529981136 49.189885027706623 7055.8259626356885 653.19461812824011 343.0842969045043 65.267573263496161 1022.5406043622643 2005.6956470273435 1155.0347918719053 90.63460963498801 72.890066584572196 309.11257356405258 22.368561869487166 713.53005353733897 422.92282067984343 253.30862866155803 49.82553056627512 107.88122097030282 1628.269821330905 828.30738420039415 349.28872729837894 1.6328911781311024 21.403730720281601 42.815904431045055 0.2649218887090673 66.251218801364303 18.379891746677462 5.9932105168700209 75.161705722101033 460.16721391677856
leaf_count=411 482 431 718303 5485 2688 577 10685 10148 8790 8020 1074 2531 135 4572 3647 23406 302 721 15235 7782 2604 33 135 322 18 6266 526 48 1566 1982
internal_value=-0.00144904 0.0345688 -0.0446557 0.0150117 0.00742662 -0.00457615 0.00226929 0.000474092 0.0490781 -0.0494435 -0.0184998 0.0394434 0.016939 0.0430126 0.0395905 -0.0432001 -0.00210675 0.0314175 0.053152 0.0505195 0.0474079 0.0082167 0.0469404 0.0247658 -0.0463653 -0.0501527 -0.0301009 0.0234842 0.0129593 0.0159193
internal_weight=18000.4 9816.86 8183.51 4181.13 3527.94 873.269 3120.63 3028.24 5635.73 7310.24 163.79 1674.83 229.265 1445.57 1136.45 272.673 99.0154 130.25 3960.9 2332.63 1504.32 19.3643 407.304 64.2196 90.8995 7146.45 90.6243 24.3731 600.596 525.435
internal_count=838925 76695 762230 29945 24460 27975 21315 20833 46750 734255 9112 12339 1589 10750 8219 23850 733 856 34411 19176 11394 444 3145 457 8038 725143 6840 574 4125 2559
is_linear=0
shrinkage=0.05


Tree=41
num_leaves=31
num_cat=0
split_feature=14 7 6 14 1 12 6 6 14 6 9 1 14 1 3 12 6 1 5 10 10 17 18 14 14 6 9 0 6 22
split_gain=10505.3 650.383 595.055 401.098 228.926 203.065 171.15 188.576 162.456 96.1756 139.972 54.6347 41.9006 36.9251 25.9233 23.6816 14.7169 12.2453 12.3673 11.6194 10.8274 10.4548 9.8613 9.47705 8.94165 8.8571 8.27147 10.4263 8.22565 7.99956
threshold=0.21240601503759401 0.58571428571428574 0.95000000000000007 0.88348416289592768 0.94839989759344612 0.22660960902548141 0.43650793650793657 0.78888888888888908 0.11651583710407241 0.76388888888888895 0.14119601328903655 0.91731416549789635 0.5590277777777779 0.92284702886618086 0.88416815742397159 0.43341543513957315 0.58571428571428574 0.87811943760860178 0.57783260057793318 0.98611111111111127 0.70608802961744155 0.36666666666666675 1.0000000180025095e-35 0.098387096774193564 0.049390243902439034 0.95000000000000007 0.16515151515151519 0.079473684210526321 0.95000000000000007 1.0000000180025095e-35
decision_type=2 2 2 2 2 2 2 2 2 2 2 2 2 2 2 2 2 2 2 2 2 2 2 2 2 2 2 2 2 2
left_child=1 13 3 4 6 16 11 -8 24 12 -11 -2 -6 28 17 20 26 18 -5 23 -10 -17 25 -15 -7 -18 27 -3 -1 -21
right_child=2 5 -4 14 9 8 7 -9 15 10 -12 -13 -14 19 -16 21 22 -19 -20 29 -22 -23 -24 -25 -26 -27 -28 -29 -30 -31
leaf_value=-0.050002427854065216 -0.014245328401207128 0.038975211366108035 0.056328530967491131 0.027058807248602736 0.030864799451355451 -0.05020926370787579 0.024027602568420962 -0.010438647310870172 -0.031897900088654688 0.028118480494384358 -0.046362086134978213 0.030148216514766762 0.047919227151473225 -0.050538174130576645 0.054138589718372689 0.011138522981899546 0.0069543334618743643 0.054083068040149146 -0.025127752684482044 0.091713761360423668 0.057367009970878874 -0.034232885765000887 0.035756930617363299 0.035422643803286191 -0.032834374784751354 0.021432905261038554 0.016106879360718977 -0.024145508620139974 0.067085656912879488 0.0073859833904406248
leaf_weight=6764.0959028471261 572.63821408525109 7.3893612613901487 2287.252361997962 60.249363400042057 585.36907562613487 320.12360844947398 2822.7017992539331 461.78537581861019 3.7374768666923037 337.90673457831144 77.559323415160179 78.848628799431026 936.08164488524199 8.9770776629447919 1204.7731796205044 73.81531900074333 285.81976747419685 32.356688275933266 13.988523967564104 5.4794476255774498 37.294491634704173 15.334226204082368 49.743089271709323 4.9878890896216044 96.330281344242394 167.54747382551432 26.881592948921025 57.067039013840258 1.5003109071403731 5.7777353748679161
leaf_count=717028 7821 32 21580 349 3474 32988 17926 2786 87 1991 496 515 6940 874 11373 889 1331 249 74 36 368 283 224 121 7262 724 297 712 56 39
internal_value=-0.00143237 -0.0438824 0.0341173 0.0270459 0.0214632 -0.00895478 0.0145382 0.0191818 -0.0309504 0.0355355 0.0142144 -0.00887243 0.0413576 -0.0497513 0.0520475 0.0178022 0.0112717 0.0284135 0.0172254 0.0106341 0.0492361 0.00333438 0.0146238 -0.0198354 -0.0461903 0.0123051 -0.00719232 -0.0169093 -0.0499765 0.0484326
internal_weight=17403.4 7931.9 9471.51 7184.26 5872.89 1141.08 3935.97 3284.49 546.635 1936.92 415.466 651.487 1521.45 6790.82 1311.37 130.182 594.448 106.595 74.2379 25.2221 41.032 89.1495 503.11 13.965 416.454 453.367 91.338 64.4564 6765.6 11.2572
internal_count=838925 763351 75574 53994 41949 45197 29048 20712 41877 12901 2487 8336 10414 718154 12045 1627 3320 672 423 1070 455 1172 2279 995 40250 2055 1041 744 717084 75
is_linear=0
shrinkage=0.05


Tree=42
num_leaves=31
num_cat=0
split_feature=13 6 13 13 1 3 6 6 6 9 14 13 3 13 3 6 8 5 1 2 8 1 9 9 0 5 5 5 22 14
split_gain=9848.18 618.379 613.657 551.334 229.025 218.703 182.15 143.419 122.674 141.577 63.9083 60.9406 57.7171 40.9918 31.8769 16.1294 15.482 15.2118 13.4104 12.2956 18.5232 12.1983 11.3928 9.42827 12.8994 8.97732 14.3363 9.18471 8.7701 6.55656
threshold=0.61004928476980413 0.95000000000000007 1.0000000180025095e-35 0.9979423868312759 0.94395499108734415 0.86526825332795487 0.43650793650793657 0.78888888888888908 0.76388888888888895 0.14119601328903655 0.1526806526806527 0.77568613652357499 0.89512961508248245 0.94148770619358868 0.87386363636363651 0.42261904761904767 1.0000000180025095e-35 0.54482702015749418 0.8661951447245565 0.65733855185909984 1.0000000180025095e-35 0.89333845366103437 0.93257575757575772 0.26365441906653431 0.46225071225071229 0.77618722350963065 0.88909309034438833 0.77219851408049234 1.0000000180025095e-35 0.94868421052631591
decision_type=2 2 2 2 2 2 2 2 2 2 2 2 2 2 2 2 2 2 2 2 2 2 2 2 2 2 2 2 2 2
left_child=2 3 5 4 6 18 11 -8 13 -10 -4 -2 22 -6 16 21 17 -5 -1 -14 -21 -7 -12 -20 -25 27 -27 -17 -23 -16
right_child=1 -3 10 14 8 15 7 -9 9 -11 12 -13 19 -15 29 25 -18 -19 23 20 -22 28 -24 24 -26 26 -28 -29 -30 -31
leaf_value=-0.049353851195357845 -0.039347764697044076 0.055881516059387973 -0.050073039860141381 0.020975244997384374 0.031244844268050704 -0.032780219416362374 0.020226838840236638 -0.011749400380260509 0.022888369645487659 -0.047511127254475642 -0.050161607230142957 -0.0044744534373841096 -0.04355800772543475 0.047748286672961104 0.0484932338411024 0.020153575879365518 0.043126605891813927 -0.041469430433342017 -0.011405607873896464 0.096885938161275179 0.010370118951159647 0.059420514150797556 0.2367958424156362 0.055625259504280301 0.40509350727007665 -0.014406564690164068 0.013345807534284543 0.061401298453312991 -0.019073547784601668 0.05521784467836071
leaf_weight=212.70562258921564 169.96309005375952 2201.9539406076074 6479.8121834630147 47.929323486983776 897.9887418076396 34.620979468338192 2484.6352492729202 408.28813286870718 333.35224715620279 90.886569477617741 76.364767362363636 476.44443245604634 8.9404450571164471 647.60953716933727 579.65037520974874 83.003328175283968 67.685009099543095 12.244307100772856 5.3935873759910455 6.8396986955776802 64.811446221545339 7.4953859187662584 0.34746204316615958 1.3356542475521562 0.3291215868666767 52.196161266416311 429.03204053640366 16.116496283560991 6.7751030381768942 967.48128473758698
leaf_count=22500 5409 21674 725143 262 5673 2084 15452 2398 1901 594 7610 3167 643 4735 5302 662 463 56 295 96 745 50 18 57 28 281 1862 81 75 9609
internal_value=-0.00141495 0.0327002 -0.0441886 0.0255951 0.0179576 -0.00416284 0.0103521 0.0157139 0.0316227 0.00780637 -0.0493086 -0.0136439 -0.0178187 0.0381598 0.0507155 0.0108345 0.0267216 0.00826882 -0.0471039 0.0117301 0.0186288 -0.0167458 -0.0488619 0.0206994 0.124714 0.013158 0.0103357 0.0268603 0.0221544 0.0526984
internal_weight=16872.2 9386.11 7486.12 7184.16 5509.17 849.003 3539.33 2892.92 1969.84 424.239 6637.12 646.408 157.304 1545.6 1674.99 629.239 127.859 60.1736 219.764 80.5916 71.6511 48.8915 76.7122 7.05836 1.66478 580.348 481.228 99.1198 14.2705 1547.13
internal_count=838925 76695 762230 55021 39329 27975 26426 17850 12903 2495 734255 8576 9112 10408 15692 5095 781 318 22880 1484 841 2209 7628 380 85 2886 2143 743 125 14911
is_linear=0
shrinkage=0.05


Tree=43
num_leaves=31
num_cat=0
split_feature=13 15 11 13 3 0 11 14 2 12 15 2 3 13 14 8 5 3 0 13 14 14 5 3 13 12 23 11 8 3
split_gain=9222.37 1116.28 605.213 313.625 206.086 203.002 121.373 151.044 108.69 86.5042 64.6105 64.333 59.4255 41.2107 32.7954 21.2723 38.3045 20.9244 20.2428 21.4076 33.6973 20.1261 27.1933 17.5111 16.3007 15.064 12.8976 12.7179 12.3594 32.4024
threshold=0.61004928476980413 1.0000000180025095e-35 1.0000000180025095e-35 0.9979423868312759 0.86526825332795487 0.059714795008912663 0.90567728650512891 0.47493734335839605 0.83096903096903107 0.97315315315315332 1.0000000180025095e-35 0.70997889659330737 0.90521114106019773 0.9979423868312759 0.71714285714285719 1.0000000180025095e-35 0.57783260057793318 0.72871572871572876 0.20881782945736438 0.9979423868312759 0.71714285714285719 0.16397849462365593 0.62148641413763051 0.75181159420289878 0.53866082104424085 0.30807500956754696 1.0000000180025095e-35 0.64153977421091646 1.0000000180025095e-35 0.99350649350649356
decision_type=2 2 2 2 2 2 2 2 2 2 2 2 2 2 2 2 2 2 2 2 2 2 2 2 2 2 2 2 2 2
left_child=2 3 4 5 -1 -2 7 -7 12 -8 21 -12 15 14 -14 16 -3 -17 28 20 -20 -4 -23 -5 25 -13 -6 -24 29 -10
right_child=1 8 10 23 26 6 9 -9 18 -11 11 24 13 -15 -16 17 -18 -19 19 -21 -22 22 27 -25 -26 -27 -28 -29 -30 -31
leaf_value=-0.046920755471900007 0.053542490695489012 0.014059380221249324 -0.050299648670445868 -0.02296417872759754 0.012995889271848922 -0.0058552694670251188 -0.018051517310700635 0.019686420442205005 -0.045210686042211921 0.027500192831973205 -0.045058591868566616 0.20757721402982107 0.039697389977311037 0.054568691082022294 0.012919550773928982 0.001559302841999264 -0.048074723250766047 0.043028035360896749 0.048185859623804124 0.054218969265567879 0.028573001920992838 -0.048335914236369203 0.03135115916568381 0.049146936609075993 0.060078493766433809 -0.0019451807766554211 -0.0087376567922970855 -0.027948381525039191 0.055267938007913936 0.057750562249164861
leaf_weight=209.8907921994105 217.9050405099988 122.73698121123016 6104.7954662386328 8.5565393567085248 550.619150117971 959.37154282722622 779.13815291598439 1459.2059070058167 11.124211706221102 120.31890308856964 69.111263541504741 0.88353016600013035 408.24906258285046 323.18437195569277 158.8235682323575 46.443947829306126 31.086962565779686 88.164564223960042 900.95716428756714 746.53001065552235 289.33669330179691 58.910480529069901 21.425707450136542 522.9722647741437 22.774289175868034 29.535295867361128 77.924291303381324 15.643333523534237 1976.4279163777828 24.40615389496088
leaf_count=22880 1911 819 719677 43 3348 10365 4885 7257 74 642 7100 12 2933 3275 1093 230 139 565 7473 7886 2234 6036 251 4842 162 777 1747 240 19840 189
internal_value=-0.00139769 0.0317364 -0.0439398 0.0121762 -0.00402336 0.00679325 0.00372309 0.00955486 0.0472528 -0.0119581 -0.0492326 -0.0132445 0.0339285 0.0403188 0.0321976 0.0142046 0.00150242 0.0287201 0.0512301 0.0475814 0.0434184 -0.0499425 -0.0272243 0.0479861 0.02809 0.0041405 0.0103015 0.00632644 0.0547425 0.0255144
internal_weight=16356.5 9194.94 7161.51 4067.47 838.434 3535.94 3318.03 2418.58 5127.47 899.457 6323.08 122.304 1178.69 890.257 567.073 288.432 153.824 134.609 3948.78 1936.82 1190.29 6200.77 95.9795 531.529 53.1931 30.4188 628.543 37.069 2011.96 35.5304
internal_count=838925 76695 762230 29945 27975 25060 23149 17622 46750 5527 734255 8051 9054 7301 4026 1753 958 795 37696 17593 9707 726204 6527 4885 951 789 5095 491 20103 263
is_linear=0
shrinkage=0.05


Tree=44
num_leaves=31
num_cat=0
split_feature=13 15 11 6 13 3 17 3 13 1 15 6 1 13 6 1 0 6 5 18 11 11 11 6 1 13 6 11 1 23
split_gain=8646.89 1081.2 597.807 473.402 241.612 194.129 115.344 105.134 95.4218 79.5492 63.8881 61.9799 49.0813 60.188 76.4303 33.8383 21.0322 29.7813 25.9741 16.5765 15.8859 14.6446 15.861 14.3317 13.6507 11.8937 23.436 17.1677 11.1789 8.52874
threshold=0.61004928476980413 1.0000000180025095e-35 1.0000000180025095e-35 0.95000000000000007 0.9979423868312759 0.86526825332795487 0.36666666666666675 0.87585616438356173 0.94148770619358868 0.96927447552447565 1.0000000180025095e-35 0.42261904761904767 0.93896677559912867 0.9979423868312759 0.86607142857142871 0.90498325035343308 0.42997198879551829 0.43650793650793657 0.57783260057793318 1.0000000180025095e-35 0.86784613958684831 0.60058806700046585 0.67772634321073399 0.42261904761904767 0.8661951447245565 0.58434262366846645 0.58571428571428574 0.64655293661186308 0.89333845366103437 1.0000000180025095e-35
decision_type=2 2 2 2 2 2 2 2 2 2 2 2 2 2 2 2 2 2 2 2 2 2 2 2 2 2 2 2 2 2
left_child=2 3 5 4 6 24 8 15 -2 -8 25 -12 13 14 -9 16 18 -18 -3 -6 -21 -13 -23 28 -1 -4 -27 -28 -7 -26
right_child=1 7 10 -5 19 23 9 12 -10 -11 11 21 -14 -15 -16 -17 17 -19 -20 20 -22 22 -24 -25 29 26 27 -29 -30 -31
leaf_value=-0.04918996670154005 0.0042536430540082446 0.010614341421347324 -0.050088322912776977 0.054102582163224638 0.048421760273490586 -0.032219804894306883 -0.011920236857497503 0.03147728515540358 0.036431725423325532 0.020636815855371513 -0.044719348379521455 0.080689645247465691 0.05424788855412116 0.053793335248305964 0.056200502853495683 0.051551099194924538 -0.00018696683907939266 0.03986140349303402 -0.050577062046593735 -0.0022958315632195404 0.051420480988239495 -0.014755287171013995 0.047018494546130996 0.011959117024953623 0.084506490950307239 -0.048922276995042785 0.092340196842187361 -0.020695030805106832 0.020397843736919233 -0.027061881999353523
leaf_weight=193.55060320161283 1032.4059510938823 48.854430532082915 5861.1110639665276 565.24963160604239 299.72396912425756 33.670835549011827 1569.1902532512322 1188.5976292714477 296.5758788138628 213.10295354574919 67.088732185773551 10.50829867646098 2051.667291469872 959.78016105294228 424.15982414782047 64.439526937901974 91.390583781525493 94.340184681117535 26.885701611638069 34.557317465543747 22.874458208680153 21.838401204906404 19.823583388701081 580.460285439156 3.0641995556652546 28.991558745503426 6.163994054310022 7.3819776987656951 14.416150044649838 3.8843741770833722
leaf_count=22500 7555 268 722855 5485 2688 2084 11434 8528 1315 1011 7219 156 21328 10452 4366 500 625 561 122 259 198 451 225 2886 131 3095 77 177 125 249
internal_value=-0.00137971 0.0308873 -0.0436859 0.0116718 0.00475689 -0.00387908 0.000285704 0.0465452 0.0114345 -0.0080275 -0.0491652 -0.0129333 0.0484797 0.0438795 0.0379796 0.0190977 0.0110995 0.0201552 -0.011107 0.0437065 0.0190988 0.0279422 0.0146379 0.00978603 -0.046718 -0.0498971 -0.0235538 0.0307408 -0.0164454 0.0221378
internal_weight=15835.7 8983.8 6851.95 4033.68 3468.43 829.046 3111.28 4950.12 1328.98 1782.29 6022.91 119.259 4624.2 2572.54 1612.76 325.91 261.471 185.731 75.7401 357.156 57.4318 52.1703 41.662 628.547 200.499 5903.65 42.5375 13.546 48.087 6.94857
internal_count=838925 76695 762230 29945 24460 27975 21315 46750 8870 12445 734255 8051 44674 23346 12894 2076 1576 1186 390 3145 457 832 676 5095 22880 726204 3349 254 2209 380
is_linear=0
shrinkage=0.05


Tree=45
num_leaves=31
num_cat=0
split_feature=14 6 6 14 1 12 6 6 14 0 6 9 1 14 3 8 5 14 11 9 6 11 14 23 12 2 23 5 5 1
split_gain=8107.94 602.619 594.311 376.892 197.609 143.843 132.142 182.891 113.014 68.8765 58.7653 64.9435 51.1315 30.9633 28.0094 40.0369 24.2836 19.1955 29.6769 19.6383 16.2476 27.7026 16.3662 15.9165 11.3959 10.8425 10.6846 8.88765 13.3056 9.90859
threshold=0.21240601503759401 0.58571428571428574 0.95000000000000007 0.8973684210526317 0.95754013329469723 0.22660960902548141 0.43650793650793657 0.76388888888888895 0.098387096774193564 0.25227272727272732 0.78888888888888908 0.15047169811320757 0.89992118226600992 0.51190476190476197 0.94826048171275656 1.0000000180025095e-35 0.57783260057793318 0.13423423423423428 1.0000000180025095e-35 0.30495169082125612 0.43650793650793657 1.0000000180025095e-35 0.13100686498855837 1.0000000180025095e-35 0.43043651018902201 0.64326765188834167 1.0000000180025095e-35 0.77618722350963065 0.88909309034438833 0.49119549033342141
decision_type=2 2 2 2 2 2 2 2 2 2 2 2 2 2 2 2 2 2 2 2 2 2 2 2 2 2 2 2 2 2
left_child=1 12 3 4 6 25 9 -8 -7 -2 13 -12 20 -6 15 16 -5 18 19 -14 -1 26 -23 24 -10 -3 -22 29 -29 -27
right_child=2 5 -4 14 10 8 7 -9 23 -11 11 -13 17 -15 -16 -17 -18 -19 -20 -21 21 22 -24 -25 -26 27 -28 28 -30 -31
leaf_value=-0.050086470592470234 0.03244679274134657 -0.041700335809251782 0.054884314012683455 0.013619617402340434 0.0286202422211944 -0.04810196196163341 0.021443711135335802 -0.010220094643439778 0.036310098067846741 -0.014150650157496489 0.024102743183598025 -0.045476659882833982 -0.0076745903942592427 0.0464252288000091 0.053724747774022807 0.050247506314288787 -0.067610060645304199 0.045106699820567982 -0.046850103213982641 0.082901221203706285 0.018816028200376738 -0.048952490739939451 0.006011350306214738 -0.034044184676669351 0.0038243312595134292 -0.020194185472515239 -0.032897679454777159 -0.015514958507215338 0.013690958818979105 0.03820083785716704
leaf_weight=5393.1463663238101 92.211629121564329 9.098732319660483 1940.3851511627436 40.011076152324677 374.44850674271584 248.53954216977581 3063.9403604241088 535.79282510653138 41.165394640993327 566.46786271780729 281.04777619987726 38.08017860352993 45.932632797397673 701.84856138378382 935.58313378691673 88.380125097930431 11.948350600898264 11.212070432025937 62.148999422322959 6.8808534052222958 27.008333087898791 177.6415661983192 14.661404004320501 19.193003633990884 78.430365493986756 8.3390514897182566 15.849830316379665 43.222992652095854 398.88527779839933 56.370728644542396
leaf_count=694431 631 250 21580 244 2352 30452 20381 3368 1057 7889 1718 232 295 5768 10503 839 69 156 7302 69 288 22450 561 1307 1423 58 941 220 1762 329
internal_value=-0.00136137 -0.0428601 0.0305051 0.0234759 0.0183141 -0.00489112 0.0129632 0.0167308 -0.0279194 -0.00762726 0.0346436 0.0158001 -0.0488198 0.0402308 0.0506002 0.0297706 -0.00505959 -0.0173413 -0.0234317 0.00412616 -0.0495255 -0.0366604 -0.044762 0.00822295 0.0150061 0.0123976 -0.000308765 0.0133688 0.0108356 0.0306756
internal_weight=15327.9 6657.73 8670.15 6729.76 5653.84 903.245 4258.41 3599.73 387.328 658.679 1395.43 319.128 5754.48 1076.3 1075.92 140.34 51.9594 126.175 114.962 52.8135 5628.31 235.161 192.303 138.789 119.596 515.917 42.8582 506.818 442.108 64.7098
internal_count=838925 763351 75574 53994 42339 36858 32269 23749 34239 8520 10070 1950 726493 8120 11655 1152 313 7822 7666 364 718671 24240 23011 3787 2480 2619 1229 2369 1982 387
is_linear=0
shrinkage=0.05


Tree=46
num_leaves=31
num_cat=0
split_feature=13 6 13 13 17 3 13 2 1 0 13 4 3 8 4 2 10 1 6 0 23 1 13 17 6 1 0 9 3 17
split_gain=7596.37 611.684 582.277 510.62 227.532 172.86 163.893 119.396 91.6936 45.4987 43.9215 62.7933 32.4824 42.5051 32.2923 31.6875 18.527 13.2923 11.8496 14.2461 11.8967 11.6371 26.0969 10.1046 9.38464 9.35413 9.23294 7.44311 10.3109 7.25718
threshold=0.61004928476980413 0.95000000000000007 1.0000000180025095e-35 0.9979423868312759 0.63333333333333341 0.86526825332795487 0.93764952153110059 0.69028213166144214 0.93896677559912867 0.059714795008912663 0.54847926267281111 0.68582346837865193 0.94826048171275656 1.0000000180025095e-35 0.78573924488759916 0.70087719298245621 0.64879240943070748 0.8661951447245565 0.95000000000000007 0.079473684210526321 1.0000000180025095e-35 0.93348815322499534 0.48220618034447826 1.0000000180025095e-35 0.95000000000000007 0.97789987789987798 1.0000000180025095e-35 0.26365441906653431 0.69282051282051282 0.29166666666666669
decision_type=2 2 2 2 2 2 2 2 2 2 2 2 2 2 2 2 2 2 2 2 2 2 2 2 2 2 2 2 2 2
left_child=2 3 5 4 6 17 7 -2 -8 -6 21 24 13 14 -5 -11 29 -1 19 25 -21 -4 -23 -18 -12 -7 -20 -19 -29 -13
right_child=1 -3 10 12 9 18 8 -9 -10 15 11 16 -14 -15 -16 -17 23 27 26 20 -22 22 -24 -25 -26 -27 -28 28 -30 -31
leaf_value=-0.049020451891347752 -0.017160026623455255 0.054500956881519839 -0.050108122859718246 0.0089008329538545258 0.052870774202279307 0.065867861353708021 0.023426797645457756 0.016366797045601785 0.047977965079371264 -0.031111973554273815 -0.048206488998799327 0.0074003912580157469 0.051514323710543181 0.047386130998656704 -0.11548127760592349 -0.0039802028841203485 0.0024350489481233654 -0.0093715146893936039 -0.0060030815920604115 0.0054907084187884722 -0.018869878148658453 -0.045032329542193592 0.018242670383172756 0.077780364654579909 0.11652234857236302 0.011732217878971302 0.024684236176220887 0.23623970167519973 -0.0022682830798595871 -0.057113835798689894
leaf_weight=175.83935897517949 300.43037532456219 1865.9485246837139 5210.4825404789299 66.636599488556385 32.62453918159008 14.766141995787619 997.92550463229418 2287.1059996346012 614.48686233907938 121.46223282627761 92.927864478435367 26.009399958420548 1245.3724618554115 124.1509257927537 5.6615771055221549 943.94376198761165 6.1998433996923294 5.1063359789550296 29.239590689539909 354.58041996322572 58.367621872574091 91.628990600351244 19.820191875100136 15.765123345423488 0.87272612564265628 17.361611723899841 151.56847022473812 0.84501665923744418 0.97710328176617622 5.2367689460515967
leaf_count=22500 5510 21674 709859 392 218 63 6211 14682 5140 1727 11601 463 14083 1173 44 5841 207 295 124 2520 1672 10964 632 276 6 78 638 35 50 247
internal_value=-0.00134238 0.0291664 -0.0431659 0.0221524 0.0149729 -0.00356462 0.020271 0.0124741 0.0327832 -0.00529232 -0.0490214 -0.0220617 0.0485337 0.0296379 -0.00083937 -0.00707338 0.0213245 -0.0463439 0.00892759 0.00454262 0.00204749 -0.0497662 -0.0337795 0.0565134 -0.0466738 0.0366133 0.0197216 0.0215858 0.108341 -0.00341201
internal_weight=14883.3 8605.75 6277.6 6739.8 5297.98 808.652 4199.95 2587.54 1612.41 1098.03 5468.94 147.012 1441.82 196.449 72.2982 1065.41 53.2111 182.768 625.884 445.076 412.948 5321.93 111.449 21.965 93.8006 32.1278 180.808 6.92846 1.82212 31.2462
internal_count=838925 76695 762230 55021 39329 27975 31543 20192 11351 7786 734255 12800 15692 1609 436 7568 1193 22880 5095 4333 4192 721455 11596 483 11607 141 762 380 85 710
is_linear=0
shrinkage=0.05


Tree=47
num_leaves=31
num_cat=0
split_feature=13 15 11 6 13 3 2 17 14 14 4 3 14 13 14 8 5 3 6 8 5 18 18 14 25 10 15 6 17 6
split_gain=7112.2 1064.45 573.902 429.926 211.228 163.002 113.48 104.936 115.066 66.4829 60.9988 52.8426 45.5766 42.3454 34.0896 23.2933 31.4043 21.2359 20.5011 22.594 50.8557 17.8292 17.6414 17.8831 11.9001 11.9976 11.8599 29.327 16.5565 10.7626
threshold=0.61004928476980413 1.0000000180025095e-35 1.0000000180025095e-35 0.95000000000000007 0.9979423868312759 0.86526825332795487 0.83096903096903107 0.18333333333333338 0.46410256410256417 0.13100686498855837 0.68582346837865193 0.99350649350649356 0.22902097902097904 0.9979423868312759 0.71714285714285719 1.0000000180025095e-35 0.57783260057793318 0.72871572871572876 0.86607142857142871 1.0000000180025095e-35 0.3339150686680849 1.0000000180025095e-35 1.0000000180025095e-35 0.88348416289592768 1.0000000180025095e-35 0.69705627705627726 1.0000000180025095e-35 0.47727272727272735 1.0000000180025095e-35 0.95000000000000007
decision_type=2 2 2 2 2 2 2 2 2 2 2 2 2 2 2 2 2 2 2 2 2 2 2 2 2 2 2 2 2 2
left_child=2 3 5 4 7 -1 11 12 -9 26 -11 15 -2 14 -13 16 -3 -17 19 20 -8 -21 -6 -24 25 -12 -4 -28 -29 -7
right_child=1 6 9 -5 22 29 18 8 -10 10 24 13 -14 -15 -16 17 -18 -19 -20 21 -22 -23 23 -25 -26 -27 27 28 -30 -31
leaf_value=-0.04614661923246114 -0.019940673773289713 0.011185189615808682 -0.050263189113722767 0.052605784173196335 0.046521734500145649 0.0043211620046085973 -0.071467336362238607 -0.020240037749229917 0.0021887560440750947 -0.045617510698833297 -0.0045017194528994605 0.037268037784226909 0.026876991004600878 0.05359141142724471 0.0088343470380118205 -0.00036688736520860071 -0.043293957746475702 0.041367266108883305 0.05467623288793403 0.049526921610419453 0.036379581957803386 0.034793005672975191 -0.02367471127163738 0.036771280091363184 0.096691692882903593 0.038293728273758154 -0.050410345733862411 -0.00086002935882403689 0.11302159076698644 0.01880964041504574
leaf_weight=174.61316072009504 59.652419976890087 123.38067251630127 4973.7094479161315 499.12341264635324 270.87175399810076 444.4814338972792 11.787195339798926 837.47575830295682 1802.8491205759346 93.374018635600805 49.596445911563933 367.15482653304935 404.32780077308416 268.64995622634888 147.86713638156652 45.4000558052212 33.671718638390303 92.754837477579713 1168.5941447168589 1870.6296560391784 150.50671175122261 230.63674911111593 19.122501060366631 33.978923581540585 4.1446518865413955 24.451301326509565 46.07238346664235 15.088040184229614 4.0477682016789904 180.11961655318737
leaf_count=22880 1285 842 714696 5485 2688 4333 76 8625 9301 11726 855 2860 2104 3221 1086 230 157 658 14883 19174 1258 2305 135 322 35 346 6049 513 35 762
internal_value=-0.00132277 0.028282 -0.0428919 0.00924988 0.00293769 -0.00343981 0.0448518 -0.00107172 -0.00492536 -0.0489433 -0.018335 0.0307072 0.0208578 0.0374988 0.0291045 0.0126779 -0.000495031 0.0276527 0.049298 0.0465214 0.0285468 0.0479097 0.0413557 0.0150039 0.0142446 0.00962976 -0.0499854 -0.0288003 0.0232292 0.00849928
internal_weight=14448.1 8438.44 6009.7 3927.4 3428.28 799.214 4511.03 3104.31 2640.32 5210.48 171.566 1078.88 463.98 783.672 515.022 295.207 157.052 138.155 3432.15 2263.56 162.294 2101.27 323.973 53.1014 78.1924 74.0477 5038.92 65.2082 19.1358 624.601
internal_count=838925 76695 762230 29945 24460 27975 46750 21315 17926 734255 12962 9054 3389 7167 3946 1887 999 888 37696 22813 1334 21479 3145 457 1236 1201 721293 6597 548 5095
is_linear=0
shrinkage=0.05


Tree=48
num_leaves=31
num_cat=0
split_feature=13 15 11 6 13 3 2 11 14 12 14 6 3 13 14 1 6 13 1 18 14 5 23 1 12 15 6 13 6 22
split_gain=6667.23 1023.55 566.484 408.772 197.419 153.582 114.265 101.051 117.239 76.1608 66.9329 58.246 50.8289 42.8294 32.353 26.3728 28.8557 31.7404 17.5866 17.224 16.5044 16.2007 14.6507 13.4963 13.1903 11.9414 27.9756 15.3375 10.4599 9.78252
threshold=0.61004928476980413 1.0000000180025095e-35 1.0000000180025095e-35 0.95000000000000007 0.9979423868312759 0.86526825332795487 0.83096903096903107 0.90567728650512891 0.47493734335839605 0.97315315315315332 0.13100686498855837 0.43650793650793657 0.99350649350649356 0.9979423868312759 0.71714285714285719 0.93896677559912867 0.86607142857142871 0.9979423868312759 0.88283236087583938 1.0000000180025095e-35 0.88348416289592768 0.57783260057793318 1.0000000180025095e-35 0.8661951447245565 0.39225068017637688 1.0000000180025095e-35 0.47727272727272735 0.48220618034447826 0.42261904761904767 1.0000000180025095e-35
decision_type=2 2 2 2 2 2 2 2 2 2 2 2 2 2 2 2 2 2 2 2 2 2 2 2 2 2 2 2 2 2
left_child=2 3 5 4 7 23 12 8 -2 -9 25 -12 18 14 -14 16 17 -8 21 -6 -21 -3 24 -1 -13 -4 -27 -28 29 -7
right_child=1 6 10 -5 19 28 15 9 -10 -11 11 22 13 -15 -16 -17 -18 -19 -20 20 -22 -23 -24 -25 -26 26 27 -29 -30 -31
leaf_value=-0.048841706523008455 -0.0094842215876094014 0.012317587403445171 -0.05024125619631134 0.052132511599011833 0.045841339551343091 0.011375577874594103 0.03370480421247167 -0.021388746860542637 0.013857757944179667 0.023239120133697722 -0.045543571037330983 0.097224798711163685 0.03629609111355115 0.053259690146596275 0.0084421773814670267 0.053106309841634607 0.054630247553350268 0.051110361574901099 0.035696503946957135 -0.022154001765479325 0.035936651751615555 -0.021059697669214009 -0.039369950286078315 0.023153897854002251 0.015755598685110818 -0.050390215673310014 -0.010437179190259846 0.083537140492790526 0.0098984581930444751 -0.035267253503409444
leaf_weight=160.12892919126898 894.73696691449732 185.40340686310083 4733.1523579014465 478.98241470009089 261.3890558630228 19.92187213152647 737.42056681960821 744.47746681421995 1349.0211365744472 109.68528873473406 89.040858482476324 5.3997969035990527 358.36336306482553 257.09922750294209 147.02142775803804 1689.9324833899736 467.58359953016043 406.20515985786915 62.381501711905003 19.405801460146904 33.053423017263412 45.223530538380146 11.245763375889508 6.7852748660370699 62.174492178950459 43.842472749296576 12.596866707317533 6.6255425838753572 578.55140315834433 25.799304585903883
leaf_count=22500 9903 1196 714696 5485 2688 821 5903 4614 6258 540 11469 54 2860 3221 1086 20578 6053 5162 464 135 322 227 747 380 692 6049 458 90 2886 1388
internal_value=-0.00130331 0.0275179 -0.0426046 0.00887874 0.00280629 -0.00331192 0.0441638 -0.00102195 0.00454974 -0.015658 -0.0488671 -0.0178326 0.0298434 0.0366452 0.0281931 0.0487426 0.0441657 0.0398871 0.0121434 0.0405939 0.0144477 0.00577265 0.0134718 -0.045915 0.0222657 -0.0499533 -0.0283395 0.0219537 0.00807903 -0.0149438
internal_weight=14002.7 8247.39 5755.26 3890.75 3411.77 791.187 4356.63 3097.92 2243.76 854.163 4964.08 167.861 1055.49 762.484 505.385 3301.14 1611.21 1143.63 293.008 313.848 52.4592 230.627 78.8201 166.914 67.5743 4796.22 63.0649 19.2224 624.273 45.7212
internal_count=838925 76695 762230 29945 24460 27975 46750 21315 16161 5154 734255 12962 9054 7167 3946 37696 17118 11065 1887 3145 457 1423 1493 22880 746 721293 6597 548 5095 2209
is_linear=0
shrinkage=0.05


Tree=49
num_leaves=31
num_cat=0
split_feature=13 15 11 6 13 3 0 3 17 14 1 13 6 4 1 0 6 5 18 14 1 1 15 6 10 16 0 6 23 14
split_gain=6250.27 982.69 558.965 388.516 184.458 144.781 104.492 100.197 97.3356 67.1429 56.2822 65.5677 77.6038 55.4145 29.3125 19.8661 26.6489 21.1722 16.8054 15.6886 13.0844 12.3294 12.0648 26.7021 14.8641 10.7264 10.22 11.1426 11.31 10.0525
threshold=0.61004928476980413 1.0000000180025095e-35 1.0000000180025095e-35 0.95000000000000007 0.9979423868312759 0.86526825332795487 0.059714795008912663 0.87585616438356173 0.45000000000000007 0.13100686498855837 0.93896677559912867 0.9979423868312759 0.86607142857142871 0.68582346837865193 0.90498325035343308 0.42997198879551829 0.43650793650793657 0.57783260057793318 1.0000000180025095e-35 0.94281045751633996 0.8661951447245565 0.65872084814174037 1.0000000180025095e-35 0.47727272727272735 0.59197099892588623 1.0000000180025095e-35 0.12632978723404256 0.95000000000000007 1.0000000180025095e-35 0.21807065217391305
decision_type=2 2 2 2 2 2 2 2 2 2 2 2 2 2 2 2 2 2 2 2 2 2 2 2 2 2 2 2 2 2
left_child=2 3 5 4 6 20 -2 14 -8 22 11 12 -9 -11 15 17 -17 -3 -6 -20 -1 -15 -4 -24 -25 -23 -7 28 -28 -5
right_child=1 7 9 29 18 26 8 10 -10 13 -12 -13 -14 21 -16 16 -18 -19 19 -21 -22 25 23 24 -26 -27 27 -29 -30 -31
leaf_value=-0.04874600755972118 0.055012985145919437 0.0071716820995297512 -0.0502199452545318 0.0035575014570576702 0.045166123337326544 0.01851019297859614 0.0068138583737545741 0.027511993396501989 -0.011187854383332366 -0.045141940732678902 0.052527105404015728 0.052075318482551869 0.05478899891241007 -0.034387849967210359 0.048719500573455268 -0.0012854065058292014 0.037238301004412895 -0.048607511423369172 -0.0039908768864556632 0.056180315750693467 0.021571907708802174 0.018304622658195421 -0.050371080876253228 0.18739669658943492 0.0091636608057667161 0.1542290017941933 0.0038258943712121255 0.020277529712330628 -0.020545927681434054 0.052805994793934635
leaf_weight=152.61094128340483 81.144379884004593 46.987430408596992 4504.1763352416456 10.606430247426031 252.26434320211411 161.44332763552666 1453.433494258672 1088.1045754272491 1553.5101875411347 85.731091844849288 1688.5136532373726 779.02787931263447 342.93374516814947 11.665505229495464 56.339065693318844 90.554282437078655 89.02444202452898 26.667406395077705 36.416617594659328 15.419991187751291 6.915256440639495 65.186808370519429 41.719692994840443 1.250529514625671 18.114382762461901 1.4844949170947064 321.70770930591971 84.788664758205414 55.868723580613732 448.9959938749671
leaf_count=22500 482 268 714696 68 2688 698 10168 8528 10665 11726 21328 10452 4366 351 500 625 561 122 295 162 380 875 6049 9 539 10 2377 359 1661 5417
internal_value=-0.00128419 0.0267768 -0.0423115 0.0085283 0.00268317 -0.00319072 -0.000975672 0.0434799 -0.00248656 -0.0487912 0.045654 0.0404029 0.0340486 -0.0173651 0.0161005 0.00884347 0.0178124 -0.0130237 0.039838 0.0139084 -0.0456978 0.0130337 -0.0499206 -0.0278487 0.0206734 0.0213311 0.0076796 0.00389789 0.000219677 0.0516695
internal_weight=13572.6 8059.94 5512.66 3851.79 3392.19 783.335 3088.09 4208.15 3006.94 4729.33 3898.58 2210.07 1431.04 164.068 309.573 253.234 179.579 73.6548 304.101 51.8366 159.526 78.3368 4565.26 61.0846 19.3649 66.6713 623.808 462.365 377.576 459.602
internal_count=838925 76695 762230 29945 24460 27975 21315 46750 20833 734255 44674 23346 12894 12962 2076 1576 1186 390 3145 457 22880 1236 721293 6597 548 885 5095 4397 4038 5485
is_linear=0
shrinkage=0.05


Tree=50
num_leaves=31
num_cat=0
split_feature=14 15 12 6 13 3 2 17 14 15 6 3 13 14 6 1 6 13 8 8 4 3 3 14 1 13 4 12 17 12
split_gain=5863.29 927.603 556.162 377.442 173.021 136.512 123.95 97.2332 103.699 65.894 53.3595 51.5072 45.5813 33.3459 31.2746 27.8528 29.761 32.8914 23.5927 21.7081 25.5758 20.8505 17.1092 12.7971 12.7013 12.2064 19.2328 16.8734 11.7313 13.3542
threshold=0.17519181585677754 1.0000000180025095e-35 1.0000000180025095e-35 0.95000000000000007 0.9979423868312759 0.86526825332795487 0.83096903096903107 0.18333333333333338 0.46410256410256417 1.0000000180025095e-35 0.47727272727272735 0.99350649350649356 0.9979423868312759 0.31698564593301443 0.95000000000000007 0.93896677559912867 0.86607142857142871 0.9979423868312759 1.0000000180025095e-35 1.0000000180025095e-35 0.69346300319273613 0.72871572871572876 0.75181159420289878 0.94281045751633996 0.8661951447245565 0.58434262366846645 0.75252741665703793 0.38901458019105079 1.0000000180025095e-35 0.30684824434824437
decision_type=2 2 2 2 2 2 2 2 2 2 2 2 2 2 2 2 2 2 2 2 2 2 2 2 2 2 2 2 2 2
left_child=2 3 5 4 7 24 11 13 -9 25 -11 19 14 -2 -13 16 17 -8 -17 20 -3 -21 -6 -24 -1 -4 -27 -28 29 -12
right_child=1 6 9 -5 22 -7 15 8 -10 10 28 12 -14 -15 -16 18 -18 -19 -20 21 -22 -23 23 -25 -26 26 27 -29 -30 -31
leaf_value=-0.04864751909505366 -0.0026650170903297376 0.0067275368499239143 -0.050147157849247129 0.051483007927283934 -0.033570618626894207 0.0073130178487270233 0.031981454431510813 -0.019251449224510858 0.0021080363801917932 -0.042943675470162285 0.16067526148028921 0.02046525124347276 0.05263586849617008 0.028208321930043884 0.055632259895898678 -0.039987609427944382 0.053875605595023648 0.050322093554939641 0.052659071933450791 -0.0029122874047046361 -0.04516980706595309 0.038875442636236435 0.032844110836618895 0.054579856152570688 0.020124989361328442 -0.048999138517623358 0.080415173296980974 -0.016462620457693443 0.067684397261551441 0.0034346602247818051
leaf_weight=145.45459307404235 117.61615493940189 131.65884446213022 4320.2194813373499 446.11128119006753 7.8692060858011237 622.33444450329989 709.59458819776773 831.5946315350011 1794.3284480795264 44.882435691077262 1.4393042325973535 412.98809218825772 235.50411189347506 341.13045567739755 74.648144900798798 6.9022503644227973 427.90312094986439 372.92233522236347 1546.7844038121402 45.212789861485362 28.96220946777612 87.8577426886186 176.99321356415749 109.68167165666819 7.0385241685435167 48.372100865934044 5.638801735360178 22.151059048715979 17.120798747055233 21.835720392875373
leaf_count=22500 2220 1441 718799 5509 43 5095 5924 11357 9301 6519 17 3234 3221 1594 842 51 6053 5162 20523 260 165 673 1759 1342 380 3894 38 293 156 560
internal_value=-0.00126393 0.0259461 -0.0421905 0.0082568 0.00255024 -0.0030758 0.0425275 -0.000945846 -0.00465623 -0.048953 -0.00542163 0.0274009 0.0345724 0.0202928 0.0258487 0.0475473 0.0427124 0.0382997 0.0522475 0.00974273 -0.00263028 0.0246774 0.0391636 0.0411602 -0.0454732 -0.0497973 -0.0299547 0.00319472 0.0362679 0.0131583
internal_weight=13162.8 7906.26 5256.49 3825.33 3379.21 774.828 4080.94 3084.67 2625.92 4481.66 85.2783 1016.83 723.14 458.747 487.636 3064.11 1510.42 1082.52 1553.69 293.692 160.621 133.071 294.544 286.675 152.493 4396.38 76.162 27.7899 40.3958 23.275
internal_count=838925 80674 758251 33125 27616 27975 47549 24472 20658 730276 7252 9836 7297 3814 4076 37713 17139 11086 20574 2539 1606 933 3144 3101 22880 723024 4225 331 733 577
is_linear=0
shrinkage=0.05


Tree=51
num_leaves=31
num_cat=0
split_feature=13 15 12 6 13 6 2 17 13 2 17 13 15 1 6 6 7 1 6 13 8 9 1 6 23 8 2 7 22 4
split_gain=5493.44 922.357 553.975 357.905 166.252 123.014 117.817 84.2581 125.158 79.1733 81.4695 47.4872 44.9669 42.8443 41.3249 63.329 38.361 28.735 31.8106 33.3388 22.5476 21.7576 20.2011 19.7892 16.734 16.1939 13.5838 13.1031 15.4272 12.9565
threshold=0.58434262366846645 1.0000000180025095e-35 1.0000000180025095e-35 0.95000000000000007 0.94148770619358868 0.32051282051282054 0.83096903096903107 0.87500000000000011 0.974521259331386 0.70320320320320329 0.18333333333333338 0.9979423868312759 1.0000000180025095e-35 0.94395499108734415 0.95000000000000007 0.78888888888888908 0.47727272727272735 0.93896677559912867 0.86607142857142871 0.9979423868312759 1.0000000180025095e-35 0.1856158484065461 0.88283236087583938 0.42261904761904767 1.0000000180025095e-35 1.0000000180025095e-35 0.85215543412264738 0.58571428571428574 1.0000000180025095e-35 0.14412725173692112
decision_type=2 2 2 2 2 2 2 2 2 2 2 2 2 2 2 2 2 2 2 2 2 2 2 2 2 2 2 2 2 2
left_child=2 3 5 4 9 22 11 13 -9 23 -11 14 -4 -6 15 -3 -14 18 19 -8 -19 25 -1 -2 27 -13 -26 28 -7 -23
right_child=1 6 12 -5 7 24 17 8 -10 10 -12 21 16 -15 -16 -17 -18 20 -20 -21 -22 29 -24 -25 26 -27 -28 -29 -30 -31
leaf_value=-0.049265929889941641 -0.044483647136733181 0.018911107749820757 -0.049840551000389033 0.050800155406999996 0.017204298121626809 0.081845709880327189 0.031138976449990183 -0.031355807663205233 0.023736566089973515 0.01954372775967371 -0.0078489260183775052 -0.016793085306710417 -0.048027478157479653 0.040575944300505047 0.055366904709259479 -0.059922212272159249 0.017936450337559719 -0.037014907410213765 0.053964161514258736 0.049935787420184501 0.052433080943121907 -0.014414813978802291 0.075961211654864566 -0.016426186107190734 -0.036006623898842759 0.042787100376885517 0.0032277763044451743 0.0078628830822765321 0.0047425022335280242 0.050518937133994718
leaf_weight=132.1013572094962 147.54978893185034 576.89824724802747 4158.911129554268 426.18000358715653 595.23621979169548 13.309181532356888 693.846490688622 196.31065838225186 217.09427059441805 331.25797006487846 1503.0341017507017 24.163057014346123 42.452936497051269 292.4226963147521 72.561369962990284 26.652459233999252 45.837937883567065 7.078980825841426 408.9898598715663 357.4099492430687 1479.8548298552632 7.9144234061241141 3.3009388558566561 109.47194435913116 38.766030763275921 21.599745228886604 51.195392669178545 517.12492131441832 12.657460993621498 261.87350092083216
leaf_count=20611 7533 4370 722855 5506 3374 342 5921 1481 1665 1881 8596 129 6520 1858 855 176 1305 51 6062 5162 20550 41 74 1400 3565 197 340 2394 649 3462
internal_value=-0.00124353 0.0251229 -0.0420227 0.00761246 0.00218684 -0.00295726 0.0420985 0.0162202 -0.00242476 -0.00654371 -0.00290204 0.0271908 -0.0490909 0.0249037 0.019716 0.0154299 -0.013781 0.0471146 0.0421326 0.0375296 0.0520072 0.0432067 -0.046213 -0.0325333 0.00629463 0.0113284 -0.013679 0.00960321 0.0442617 0.0486141
internal_weight=12773.1 7757.4 5015.66 3818.56 3392.38 768.455 3938.84 1301.06 413.405 2091.31 1834.29 991.663 4247.2 887.659 676.112 603.551 88.2909 2947.18 1460.25 1051.26 1486.93 315.551 135.402 257.022 633.053 45.7628 89.9614 543.092 25.9666 269.788
internal_count=838925 80270 758655 33294 27788 27975 46976 8378 3146 19410 10477 9230 730680 5232 5401 4546 7825 37746 17145 11083 20601 3829 20685 8933 7290 326 3905 3385 991 3503
is_linear=0
shrinkage=0.05


Tree=52
num_leaves=31
num_cat=0
split_feature=14 15 12 6 14 2 3 12 12 1 15 14 3 6 14 6 1 6 14 8 8 4 3 1 14 5 0 1 6 23
split_gain=5152.02 850.685 542.457 341.388 128.823 124.561 121.744 87.6088 100.756 68.5335 63.6641 56.4609 49.3442 47.1402 35.2969 29.8826 29.7149 31.5666 25.3981 21.4914 19.4402 22.6813 19.9408 12.2618 10.7069 10.055 9.19948 10.0407 10.0396 9.39035
threshold=0.17519181585677754 1.0000000180025095e-35 1.0000000180025095e-35 0.95000000000000007 0.7231800766283526 0.83096903096903107 0.86526825332795487 0.97315315315315332 0.90946348733233984 0.94395499108734415 1.0000000180025095e-35 0.94281045751633996 0.99350649350649356 0.47727272727272735 0.91833333333333345 0.95000000000000007 0.93896677559912867 0.86607142857142871 0.90692640692640702 1.0000000180025095e-35 1.0000000180025095e-35 0.68582346837865193 0.72871572871572876 0.8661951447245565 0.68990384615384626 0.37095216729222247 0.12632978723404256 0.97336652441915616 0.95000000000000007 1.0000000180025095e-35
decision_type=2 2 2 2 2 2 2 2 2 2 2 2 2 2 2 2 2 2 2 2 2 2 2 2 2 2 2 2 2 2
left_child=2 3 6 4 7 12 23 8 -2 11 -4 -6 20 -12 15 -14 17 18 -7 25 21 -3 -22 -1 -9 -18 27 -8 29 -28
right_child=1 5 10 -5 9 16 26 24 -10 -11 13 -13 14 -15 -16 -17 19 -19 -20 -21 22 -23 -24 -25 -26 -27 28 -29 -30 -31
leaf_value=-0.048451579400936473 0.0013351471044686916 0.0060722734583768777 -0.049718915701091243 0.050626701493978923 0.0048245941841196004 0.032001323863436459 0.034546004697456077 0.062269865091824431 -0.0217261919567397 0.047527908603422091 -0.042315902150553898 0.052974465646098645 0.021628667927900351 0.033775537551113073 0.05323884548956747 0.054861595097908236 -0.1069105650490158 0.053418072405895245 0.049930097953363173 0.051999835427977675 -0.0040785205465337518 -0.041385799122883704 0.037173889674517832 0.019046959561733957 0.026975975369001523 0.013477576667752685 0.0028064308383818899 0.0080451826235075456 0.018656742233808959 -0.019604637072178032
leaf_weight=132.61254646163434 1961.0889101317152 128.71657860884443 3986.2272475063801 411.13231115788221 411.12769665196538 753.50750612467527 53.829250190407038 48.784268125891685 624.44959011673927 188.19550904631615 41.578067149501294 71.46657844632864 443.45566082047299 39.875375713221729 164.69606740027666 79.817713912576437 2.8773750662803641 390.34448258206248 267.71508914232254 1416.9649450331926 44.860522373579443 31.297680315561593 84.424540307372808 7.0879203034564844 38.405072264373302 4.3663375452160835 322.9271939015016 106.37591460347176 84.193642303347588 54.651106925681233
leaf_count=22500 18649 1430 723024 5509 2332 6981 235 239 3738 1558 6519 893 3790 733 2486 1021 16 6053 4105 20523 260 176 673 380 207 35 2377 463 359 1661
internal_value=-0.00122401 0.0245251 -0.0415734 0.00763146 0.0023446 0.0411601 -0.00284799 -0.00257219 -0.00423454 0.0219353 -0.0488248 0.011955 0.0257659 -0.00506548 0.0330516 0.0266979 0.0464652 0.0413241 0.0367014 0.0515607 0.00844021 -0.0032102 0.0228597 -0.0450269 0.0467236 -0.0343435 0.0066257 0.0169495 0.00304401 -0.000437372
internal_weight=12397.1 7567.69 4829.36 3754.65 3343.52 3813.04 761.678 2672.73 2585.54 670.79 4067.68 482.594 977.269 81.4534 687.969 523.273 2835.78 1411.57 1021.22 1424.21 289.299 160.014 129.285 139.7 87.1893 7.24371 621.977 160.205 461.772 377.578
internal_count=838925 80674 758251 33125 27616 47549 27975 22833 22387 4783 730276 3225 9836 7252 7297 4811 37713 17139 11086 20574 2539 1606 933 22880 446 51 5095 698 4397 4038
is_linear=0
shrinkage=0.05


Tree=53
num_leaves=31
num_cat=0
split_feature=14 6 11 14 1 6 6 6 0 6 14 14 4 8 1 1 1 23 7 5 6 1 10 20 0 14 0 5 1 0
split_gain=4827.63 554.958 541.271 322.947 175.672 145.495 163.577 110.361 65.8705 54.1016 41.0292 23.993 41.3384 19.1573 18.6538 16.5956 14.276 13.6176 11.8666 16.6198 11.627 11.0706 11.009 8.83946 8.68767 7.42494 7.34752 11.1343 6.54474 6.26474
threshold=0.16397849462365593 0.95000000000000007 1.0000000180025095e-35 0.8973684210526317 0.95754013329469723 0.43650793650793657 0.76388888888888895 0.32051282051282054 0.25227272727272732 0.80909090909090919 0.51190476190476197 0.11651583710407241 0.75252741665703793 1.0000000180025095e-35 0.88283236087583938 0.92840996168582379 0.97336652441915616 1.0000000180025095e-35 0.5634920634920636 0.62148641413763051 0.58571428571428574 0.96168010752688182 0.76676891615541931 0.099999994039535536 0.71307506053268777 0.26201372997711675 0.99193548387096786 0.32765506313245668 0.91112278244631195 0.059714795008912663
decision_type=2 2 2 2 2 2 2 2 2 2 2 2 2 2 2 2 2 2 2 2 2 2 2 2 2 2 2 2 2 2
left_child=2 3 7 4 5 8 -7 14 -2 10 -6 -4 26 15 -1 24 -11 18 19 -9 21 -19 23 -14 -5 -3 28 -28 -13 -20
right_child=1 25 11 13 9 6 -8 17 -10 16 -12 12 22 -15 -16 -17 -18 20 29 -21 -22 -23 -24 -25 -26 -27 27 -29 -30 -31
leaf_value=-0.049130896084315784 0.02803846650345759 0.033109071832751961 -0.049758806429416602 0.039361516946148999 0.020557503599710272 0.016588309995717729 -0.014081637333502371 0.027157692992130351 -0.019337405450463679 -0.02284700288579895 0.040143407402776679 -0.049565435552901035 -0.0086170319838570885 0.050992525086508422 0.06827730247997349 -0.10978981111001765 0.014813828865856233 -0.039452723283851215 0.019352886206379188 0.15180643003960578 0.0036786498036426151 0.078529669168692001 0.060355861327262755 0.11276155023826794 0.010311953838831621 0.052934534900164448 -0.050367959049071459 0.42098556846235846 0.049577819088489405 0.0045991132707168389
leaf_weight=120.62773656565696 83.724497968796641 48.956797368824482 3731.51738020638 127.85704201087356 439.97059716284275 2858.0682817008346 512.73994075134397 22.238858245313171 593.23492659209296 55.172088369727135 681.67682508006692 77.601281234994531 21.580704756081108 625.31822007521987 3.4806783720850936 2.0461393073201171 46.263582117855549 36.574235175736248 86.367799267172813 3.0396857475861898 48.719911907333881 2.1025710701942435 11.106851288117467 1.6120087034068991 32.22397393360734 1336.289302892983 0.30818868894129892 0.21111059095710516 1.701073124539106 431.04047814849764
leaf_count=20611 644 493 715355 1664 2949 21213 3416 949 13712 335 6591 12162 545 9661 74 15 312 3497 379 31 399 9 177 44 315 21236 51 14 46 2026
internal_value=-0.00120252 0.0236828 -0.0414725 0.0171546 0.0126926 0.00767489 0.011923 -0.00274233 -0.0134781 0.0292984 0.0324608 -0.0490681 -0.0264848 0.0470215 -0.0458381 0.0317053 -0.00567035 0.00574631 0.00869612 0.0421464 -0.0125704 -0.0330389 0.0194222 -0.000180618 0.0335139 0.0522339 -0.0462112 0.141251 -0.0474388 0.00706187
internal_weight=12043.4 7443.54 4599.83 6058.3 5270.85 4047.77 3370.81 754.192 676.959 1223.08 1121.65 3845.64 114.121 787.445 124.108 162.127 101.436 630.084 542.687 25.2785 87.3967 38.6768 34.2996 23.1927 160.081 1385.25 79.8217 0.519299 79.3024 517.408
internal_count=838925 82556 756369 60827 49172 38985 24629 27975 14356 10187 9540 728394 13039 11655 20685 1994 647 7290 3385 980 3905 3506 766 589 1979 21729 12273 65 12208 2405
is_linear=0
shrinkage=0.05


Tree=54
num_leaves=31
num_cat=0
split_feature=13 15 12 6 13 6 7 0 17 6 15 7 6 1 13 1 0 9 0 8 18 1 14 8 14 5 12 13 5 5
split_gain=4520.37 845.614 531.564 312.757 144.384 104.228 103.884 94.1292 84.4799 46.3236 44.6687 33.8109 26.1813 30.972 38.0776 24.1639 44.0618 21.1947 28.1664 18.879 18.1515 17.3845 15.2956 15.2871 12.593 18.6993 11.9167 14.9132 8.96332 12.6061
threshold=0.58434262366846645 1.0000000180025095e-35 1.0000000180025095e-35 0.95000000000000007 0.9979423868312759 0.32051282051282054 0.68333333333333346 0.059714795008912663 0.63333333333333341 0.43650793650793657 1.0000000180025095e-35 0.47727272727272735 0.86607142857142871 0.93896677559912867 0.9979423868312759 0.92840996168582379 0.36626016260162603 0.12060606060606062 0.39173060528559256 1.0000000180025095e-35 1.0000000180025095e-35 0.88283236087583938 0.94281045751633996 1.0000000180025095e-35 0.14907407407407411 0.62148641413763051 0.30517395182872437 0.47836488454337434 0.38707482577025604 0.44478817585208513
decision_type=2 2 2 2 2 2 2 2 2 2 2 2 2 2 2 2 2 2 2 2 2 2 2 2 2 2 2 2 2 2
left_child=2 3 5 4 7 21 9 -2 -9 17 24 -12 13 14 -8 16 -11 19 -19 -3 -6 -1 -22 -17 -4 -26 -13 -28 -7 -30
right_child=1 6 10 -5 20 28 12 8 -10 15 11 26 -14 -15 -16 23 -18 18 -20 -21 22 -23 -24 -25 25 -27 27 -29 29 -31
leaf_value=-0.049051576192038066 0.052866966511494654 -0.047233321554611185 -0.050136033456389228 0.049501320192844173 0.042710557838001144 -0.024211476879098283 0.028247376770028337 0.0019639138874418677 -0.017082704302506951 0.0085137941260863392 -0.047685172159439154 0.17294328584782531 0.053229140050052928 0.050210987656328032 0.051237385041592524 -0.025454245838460156 0.03703576754837775 0.046257904943103188 0.0075882570446893331 0.0093829450122019792 -0.0091430412319851925 0.061854066800202535 0.054959438534416961 0.050248818668870154 -0.050646532157076499 0.0030275838616835174 -0.023185891452385504 0.036096959131105888 0.10257480902185966 0.0061215093950458951
leaf_weight=114.9255790496245 77.218875491991639 26.098788734059781 3526.7507457691245 376.099344573915 220.05147778615355 24.455378185492009 549.49766883254051 2215.1740757371299 789.7349730390124 186.27378638833761 37.549209799617529 1.1850173855200399 875.48315860331059 682.50617656856775 267.92404475435615 6.8740779124200335 495.86597589030862 64.349700750783086 175.56943286024034 33.785154424607754 33.971878223121166 3.64549646526575 12.816748090088366 223.16396285966039 38.811341888271272 27.885935884900391 17.736624746583402 26.396539906039834 3.4067445737309745 601.13467758474872
leaf_count=20611 485 162 716110 5506 2688 3058 4967 17994 6164 1738 6520 19 15252 9810 4430 49 5082 628 1643 293 295 74 162 2922 6279 466 921 365 63 4169
internal_value=-0.00118118 0.0229546 -0.0410764 0.00626879 0.00141364 -0.00264136 0.0402807 -0.0016411 -0.00304182 0.028369 -0.048892 -0.0125985 0.0463583 0.042348 0.0357827 0.033973 0.0292472 0.0113182 0.01796 -0.0152917 0.0366973 -0.0456418 0.00841647 0.0479866 -0.049729 -0.0282055 0.0164732 0.0122718 0.00546457 0.00666505
internal_weight=11736.3 7312.46 4423.88 3725.07 3348.97 747.568 3587.39 3082.13 3004.91 1211.98 3676.32 82.8674 2375.41 1499.93 817.422 912.178 682.14 299.803 239.919 59.8839 266.84 118.571 46.7886 230.038 3593.45 66.6973 45.3182 44.1332 628.997 604.541
internal_count=838925 80270 758655 33294 27788 27975 46976 24643 24158 12517 730680 7825 34459 19207 9397 9791 6820 2726 2271 455 3145 20685 457 2971 722855 6745 1305 1286 7290 4232
is_linear=0
shrinkage=0.05


Tree=55
num_leaves=31
num_cat=0
split_feature=6 15 12 6 12 3 12 11 1 2 1 15 2 0 1 8 6 6 15 2 0 9 11 11 6 6 3 2 12 12
split_gain=3893.95 1023.25 595.113 225.794 104.658 96.7478 96.4331 83.7702 78.6241 72.5023 59.7812 42.7656 37.769 34.448 47.5867 30.8304 23.5242 22.8567 22.1418 21.7549 20.3293 19.8019 18.2812 17.8292 17.8192 22.9452 15.6931 14.4623 12.1119 11.8771
threshold=0.42261904761904767 1.0000000180025095e-35 0.71892556179775291 0.95000000000000007 0.98312206238427591 0.86425061425061434 0.51775210084033618 0.90567728650512891 0.92284702886618086 0.83910792512943055 0.91112278244631195 1.0000000180025095e-35 0.82426470588235301 0.36626016260162603 0.92840996168582379 1.0000000180025095e-35 0.087121212121212141 0.95000000000000007 1.0000000180025095e-35 0.68801229508196726 0.16843971631205676 0.18834459459459463 0.9201073044602458 0.43637078077305785 0.86607142857142871 0.78888888888888908 0.99350649350649356 0.58898944193061853 0.99773755656108609 0.59316189362945659
decision_type=2 2 2 2 2 2 2 2 2 2 2 2 2 2 2 2 2 2 2 2 2 2 2 2 2 2 2 2 2 2
left_child=2 3 10 4 5 12 23 -7 11 13 18 16 -2 14 17 -10 -4 -3 -1 -20 -11 -18 -13 -5 25 -22 -24 28 -15 -12
right_child=1 9 8 6 -6 7 -8 -9 15 20 29 22 -14 27 -16 -17 21 -19 19 -21 24 -23 26 -25 -26 -27 -28 -29 -30 -31
leaf_value=-0.049655925670367557 -0.037456661968225884 -0.011051813177614557 0.091510964566877046 0.01445541851577431 0.041165041010520792 0.0045788190040027422 0.049646338490954282 -0.01475253405693263 -0.10074153239653837 0.051602101435596438 -0.0024050661355491869 -0.0086051985824048462 0.046385054540828613 0.0077584134898126492 0.041605937903818099 0.046758104505265345 -0.038335427086721469 0.053607146340138204 -0.039223889803808525 0.017598204130151826 0.041658633016970335 -0.0056769650642766586 0.0024832207932457906 -0.021615553164575058 0.0529584658416569 0.016921508242667433 0.034136093045436147 0.039692348144288542 0.052486086826900702 0.061716699491246134
leaf_weight=3355.68595335586 226.77763279341161 134.34064859244972 4.5912425825372329 176.53975814627483 146.83374172449112 2551.2736483565532 354.82957029063255 718.15911641344428 3.6496041640639296 1025.3387853400782 28.878190838266164 76.898539235815406 14.278166951611636 69.567834673915058 89.593930181115866 120.97701817378402 99.183602344244719 15.215786054730414 62.403677166905254 23.072661375626922 964.30166353099048 87.240494381636381 66.870626829564571 42.505841058213264 304.89552607014775 103.83600518852472 94.488950073719025 418.88192221475765 19.34422417730093 9.6298692263662797
leaf_count=687935 29490 1227 44 797 1492 45592 5479 4492 22 16963 1762 514 394 722 1047 1242 660 233 6975 646 12444 678 366 5035 5395 1188 1080 4636 291 84
internal_value=-0.00115962 0.0204397 -0.04066 0.00438379 -0.000191525 -0.00192135 0.0335424 0.000332521 0.00747688 0.0420387 -0.0483225 -0.00267323 -0.0324906 0.0284359 0.0127895 0.0424387 -0.0202987 -0.00447345 -0.0490158 -0.0238859 0.0462751 -0.0230523 0.0114574 0.00745584 0.0422971 0.0392539 0.0210185 0.0358048 0.0174896 0.0136301
internal_weight=11410.1 7376.51 4033.57 4231.2 3657.32 3510.49 573.875 3269.43 553.9 3145.32 3479.67 429.273 241.056 746.944 239.15 124.627 191.015 149.556 3441.16 85.4763 2398.37 186.424 238.258 219.046 1373.03 1068.14 161.36 507.794 88.9121 38.5081
internal_count=838925 136917 702008 92771 81460 79968 11311 50084 4606 44146 697402 3342 29884 8156 2507 1264 1382 1460 695556 7621 35990 1338 1960 5832 19027 13632 1446 5649 1013 1846
is_linear=0
shrinkage=0.05


Tree=56
num_leaves=31
num_cat=0
split_feature=13 15 11 6 13 11 2 2 6 14 17 13 13 14 15 6 6 0 13 14 7 1 8 1 11 14 4 23 4 13
split_gain=3987.03 763.932 518.809 279.517 135.182 127.303 118.987 118.557 92.7826 83.6307 74.427 99.1707 45.4745 43.4876 42.9399 38.1964 55.9737 31.4066 33.4559 43.208 29.5821 16.6992 14.9335 32.4604 13.2814 13.2708 20.0315 11.2624 11.6195 11.2575
threshold=0.58434262366846645 1.0000000180025095e-35 1.0000000180025095e-35 0.95000000000000007 0.94148770619358868 0.79261711247172417 0.83910792512943055 0.70320320320320329 0.32051282051282054 0.7231800766283526 0.87500000000000011 0.974521259331386 0.9979423868312759 0.62828947368421062 1.0000000180025095e-35 0.95000000000000007 0.78888888888888908 0.20881782945736438 0.9979423868312759 0.71714285714285719 0.47727272727272735 0.88283236087583938 1.0000000180025095e-35 0.88800900900900914 0.60058806700046585 0.14907407407407411 0.79777507736025954 1.0000000180025095e-35 0.82300358116475347 0.48220618034447826
decision_type=2 2 2 2 2 2 2 2 2 2 2 2 2 2 2 2 2 2 2 2 2 2 2 2 2 2 2 2 2 2
left_child=2 3 8 4 5 7 12 -2 21 -7 13 -12 15 -6 25 16 -3 22 19 -19 -16 -1 23 -8 -22 -4 -27 28 -10 -26
right_child=1 6 14 -5 10 9 17 -9 27 -11 11 -13 -14 -15 20 -17 -18 18 -20 -21 24 -23 -24 -25 29 26 -28 -29 -30 -31
leaf_value=-0.048885098741309141 -0.032406690292578193 0.016127933584421668 -0.050101976487490707 0.048641004117942935 0.045405322401950471 -0.022245166292727866 0.050126699281251567 0.012483269148527059 0.028004913964548003 0.061493971098575122 -0.029770132426545234 0.0204389001795201 0.040495458175395196 0.017092970108182517 -0.047440840686605187 0.054210425905620412 -0.0557297514128169 0.039934554059808551 0.050561616534772903 0.013292637101899464 0.064407450115259474 0.059010067470728733 0.051466568447008143 -0.067027745259066282 -0.038165127862540803 -0.050509188484316826 0.0067096359673886972 -0.011917445591801022 0.0050280939963614516 0.020549734964531469
leaf_weight=104.26117224059999 175.14851875463501 564.29572095442563 3205.9551710919477 346.65115252695978 168.73197168670595 939.95056964131072 19.422916717827324 917.97465889388695 62.157034755684435 30.7927286028862 188.6205933354795 205.4882077537477 284.7591941729188 691.33674915879965 34.656969752628356 61.058209493756294 28.467667207121849 604.81814997643232 424.86293405666947 203.3539915420115 10.109542632009832 3.7139100525528184 1159.2079146355391 8.5001222118735296 12.746842068620024 37.161922220140696 25.995795643422753 84.938216738868505 479.44651206582785 22.705139509402215
leaf_count=20611 8211 4584 716110 5506 871 5737 199 5324 1182 138 1481 1665 4001 4361 6520 885 190 7340 7742 2191 263 74 19783 61 718 6407 338 3905 2203 324
internal_value=-0.00113695 0.0217059 -0.0404223 0.00591919 0.00145585 -0.00641148 0.0389307 0.00529066 -0.00236686 -0.0195889 0.0144023 -0.00359116 0.0238188 0.0226474 -0.048768 0.0165556 0.0126769 0.0447913 0.0392025 0.0332309 -0.0126271 -0.0451739 0.0505962 0.0144634 0.0138544 -0.0496548 -0.0269578 0.00501029 0.00766502 -0.00056133
internal_weight=11107.3 7023.44 4083.85 3664.7 3318.04 2063.87 3358.75 1093.12 734.517 970.743 1254.18 394.109 938.581 860.069 3349.33 653.822 592.763 2420.17 1233.04 808.172 80.2185 107.975 1187.13 27.923 45.5615 3269.11 63.1577 626.542 541.604 35.452
internal_count=838925 80270 758655 33294 27788 19410 46976 13535 27975 5875 8378 3146 9660 5232 730680 5659 4774 37316 17273 9531 7825 20685 20043 260 1305 722855 6745 7290 3385 1042
is_linear=0
shrinkage=0.05


Tree=57
num_leaves=31
num_cat=0
split_feature=13 15 11 13 0 2 3 3 11 13 15 2 1 13 3 13 13 2 7 2 8 8 10 1 1 11 13 11 0 13
split_gain=3731.5 727.103 511.923 174.756 126.187 119.316 92.0784 78.364 106.79 45.2541 42.72 35.795 34.4636 32.8394 30.0685 29.6734 29.7235 28.7511 27.9922 19.2806 19.1143 15.9093 13.087 12.7585 12.0668 11.6039 10.6833 10.2324 7.71944 16.352
threshold=0.58434262366846645 1.0000000180025095e-35 1.0000000180025095e-35 0.9979423868312759 0.059714795008912663 0.83096903096903107 0.86526825332795487 0.86425061425061434 0.79261711247172417 0.9979423868312759 1.0000000180025095e-35 0.59122919334186952 0.93896677559912867 0.974521259331386 0.93063352044907788 0.9979423868312759 0.97067423460612334 0.7748518762343648 0.47727272727272735 0.59611795446061977 1.0000000180025095e-35 1.0000000180025095e-35 0.30571895424836609 0.90498325035343308 0.8661951447245565 0.60058806700046585 0.54295175023651854 0.86784613958684831 0.15184453227931491 0.48397370043147736
decision_type=2 2 2 2 2 2 2 2 2 2 2 2 2 2 2 2 2 2 2 2 2 2 2 2 2 2 2 2 2 2
left_child=2 3 6 4 -2 9 24 17 -9 11 28 23 15 -13 21 16 -7 -6 -12 22 -14 -11 27 -3 -1 -20 -27 -5 29 -4
right_child=1 5 10 19 7 12 -8 8 -10 14 18 13 20 -15 -16 -17 -18 -19 25 -21 -22 -23 -24 -25 -26 26 -28 -29 -30 -31
leaf_value=-0.04792782752033678 0.047394274785407933 -0.013405287740181772 -0.047739177937938526 -0.10746217770337232 -0.036485244536254062 0.036638577822199841 0.0053332765676193696 0.012491123534360445 -0.0066634985898089529 -0.002269404505485378 -0.047287522351945735 0.026194501483699201 -0.029576202775570951 -0.014589615289364337 0.051082441569534398 0.049303510213663179 0.0095538888432411505 0.015068145294307745 0.059663404010722745 0.042254443221213314 0.050760714656058914 0.043417350726562776 0.038086643461617053 0.032930408391295511 0.020144938165892169 -0.017397054211774121 0.044576016075363573 0.0091061557750287507 -0.04991591069512253 0.019868796968482424
leaf_weight=106.12619479792193 147.22873993963003 117.97265089396387 32.1972122839652 4.6828101314604265 185.29304781975225 687.19424675405025 616.57029358390719 1352.0483098425902 1575.6254087667912 51.496076233685017 33.070956587791443 431.39760614326224 7.4519164636731139 55.734121024608612 183.90740090236068 400.06430347636342 118.80914111435413 31.666508712805808 10.360976285301147 326.12630400434136 1151.9333594106138 30.247484631836414 5.8834427669644356 16.996629454195499 6.9355382244102648 25.581022896338254 9.5503048314712924 3.1482816971838474 3067.5259196232073 12.383505881298332
leaf_count=22500 1922 1034 6414 36 8320 8268 5095 8330 9476 300 6520 3754 51 461 3243 7563 1314 361 263 4753 20550 286 61 152 380 938 104 35 716038 403
internal_value=-0.00111731 0.0210547 -0.0400563 0.00567605 0.00215195 0.0382227 -0.00227285 3.37458e-05 0.00218242 0.0225921 -0.0486965 0.0152151 0.0440888 0.0215283 0.0398675 0.0381716 0.0326462 -0.0289607 -0.012283 0.0398122 0.0502444 0.014636 -0.0182635 -0.00757025 -0.043752 0.0131638 -0.000549934 -0.060599 -0.0496157 -0.0289592
internal_weight=10805.2 6884.91 3920.3 3631.7 3291.86 3253.2 729.632 3144.63 2927.67 887.752 3190.67 622.101 2365.45 487.132 265.651 1206.07 806.003 216.96 78.5633 339.841 1159.39 81.7436 13.7145 134.969 113.062 45.4923 35.1313 7.83109 3112.11 44.5807
internal_count=838925 80270 758655 33294 28409 46976 27975 26487 17806 9230 730680 5401 37746 4215 3829 17145 9582 8681 7825 4885 20601 586 132 1186 22880 1305 1042 71 722855 6817
is_linear=0
shrinkage=0.05


Tree=58
num_leaves=31
num_cat=0
split_feature=14 15 11 6 2 13 11 2 3 14 12 13 11 15 13 1 3 1 6 13 6 6 13 1 6 13 11 1 4 2
split_gain=3494.36 677.731 508.035 262.637 121.929 118.897 110.335 103.075 86.7541 75.8547 70.0868 82.3183 47.1939 45.8405 39.5034 38.1372 35.4597 33.4573 35.7304 38.3114 27.5305 24.1523 21.5601 13.2219 12.4219 11.6392 11.4055 8.84973 7.859 19.3896
threshold=0.16397849462365593 1.0000000180025095e-35 1.0000000180025095e-35 0.95000000000000007 0.83910792512943055 0.94148770619358868 0.79261711247172417 0.70320320320320329 0.82972848596410509 0.7231800766283526 0.90946348733233984 0.974521259331386 0.89043787753465187 1.0000000180025095e-35 0.53866082104424085 0.93896677559912867 0.99350649350649356 0.93896677559912867 0.86607142857142871 0.9979423868312759 0.95000000000000007 0.72077922077922085 0.9979423868312759 0.87811943760860178 0.47727272727272735 0.50108225108225113 0.55785102244883789 0.8661951447245565 0.4800029589897411 0.6861407249466952
decision_type=2 2 2 2 2 2 2 2 2 2 2 2 2 2 2 2 2 2 2 2 2 2 2 2 2 2 2 2 2 2
left_child=2 3 8 5 12 6 7 -2 27 -8 15 -12 20 -4 24 -7 23 18 19 -6 21 -3 -18 -14 -15 -5 -26 -1 29 -29
right_child=1 4 13 25 17 10 9 -9 -10 -11 11 -13 16 14 -16 -17 22 -19 -20 -21 -22 -23 -24 -25 26 -27 -28 28 -30 -31
leaf_value=-0.048192002245091035 -0.031735203955151552 0.0038029021093293879 -0.04968978649055629 -0.06468259050476971 0.025065064453403077 0.019801876043533923 -0.021109166945440086 0.011290831703647718 0.0048587727091788978 0.058445465035775669 -0.0081536445620501007 0.022384868737020541 0.0038535323078846143 -0.050271184065402069 0.060161774840855192 0.054034727447285096 0.028703310367349241 0.049717782338248091 0.05235647616618079 0.048067181706831323 0.054211374063456656 -0.055805285771996276 0.051501997805396341 0.034625914898926038 0.13566943615272647 0.048737327402067543 -0.0097407833203482161 0.031736031765784226 -0.037950259977671562 0.46554473036836097
leaf_weight=97.427594050299376 164.05204152083024 229.53516835579649 2964.4191403947771 2.2776066288352004 579.70005045924336 219.68970257043839 925.48085394268855 918.73363246861845 621.94929728051648 30.965986907482147 475.19680577144027 411.98203333094716 145.25813350081444 29.478383412119001 16.265083316713572 129.20882735773921 286.31748328730464 1106.2176979593933 299.36833959072828 263.21661727502942 25.231806561350822 18.352335274219513 162.58209132403135 45.949115041643381 1.4560591354966188 329.26176632940769 18.261989952065051 2.2777543114498253 3.046289371792227 0.29042179277166713
leaf_count=21913 9654 2783 721329 14 5763 1218 5719 5403 5712 138 2792 3537 858 6199 314 829 2790 20498 6013 5045 387 137 3028 434 23 5516 529 144 185 21
internal_value=-0.00109587 0.0203638 -0.0397794 0.00555065 0.0372625 0.001258 -0.00615882 0.00477199 -0.00218132 -0.0185335 0.013494 0.00602762 0.0218554 -0.0487759 -0.00738938 0.0324794 0.02928 0.04352 0.0375179 0.0322479 0.00445444 -0.000610186 0.0369605 0.0112485 -0.0297228 0.0479582 0.000996885 -0.0446744 0.0163655 0.0807932
internal_weight=10523.5 6768.58 3754.87 3606.85 3161.73 3275.31 2039.23 1082.79 724.991 956.447 1236.08 887.179 913.226 3029.88 65.4615 348.899 640.107 2248.5 1142.29 842.917 273.119 247.888 448.9 191.207 49.1964 331.539 19.718 103.042 5.61447 2.56818
internal_count=838925 82556 756369 34820 47736 29290 20914 15057 27975 5857 8376 6329 10417 728394 7065 2047 7110 37319 16821 10808 3307 2920 5818 1292 6751 5530 552 22263 350 165
is_linear=0
shrinkage=0.05


Tree=59
num_leaves=31
num_cat=0
split_feature=13 15 12 13 2 0 17 14 4 12 15 13 17 14 0 13 14 2 7 9 2 8 1 8 1 14 4 4 2 10
split_gain=3269.18 658.4 498.264 156.731 117.924 114.795 80.2456 117.663 78.215 54.9006 41.8887 41.7978 34.9351 44.6503 34.6044 36.1101 43.3538 32.5367 25.2821 22.4292 18.5981 16.3799 16.2337 15.6702 29.8091 14.2391 19.1684 12.8031 11.9124 11.7341
threshold=0.58434262366846645 1.0000000180025095e-35 1.0000000180025095e-35 0.9979423868312759 0.83910792512943055 0.059714795008912663 0.55000000000000016 0.56385869565217395 0.61399195922185446 0.97315315315315332 1.0000000180025095e-35 0.9979423868312759 0.70833333333333337 0.7633053221288516 0.20881782945736438 0.9979423868312759 0.71714285714285719 0.59122919334186952 0.47727272727272735 0.1856158484065461 0.59611795446061977 1.0000000180025095e-35 0.75189008964417325 1.0000000180025095e-35 0.88800900900900914 0.14907407407407411 0.79777507736025954 0.14412725173692112 0.81302966101694929 0.30571895424836609
decision_type=2 2 2 2 2 2 2 2 2 2 2 2 2 2 2 2 2 2 2 2 2 2 2 2 2 2 2 2 2 2
left_child=2 3 8 5 11 -2 7 -7 22 -8 25 12 17 -14 23 16 -16 -3 -12 21 29 -13 28 24 -6 -4 -27 -21 -1 -5
right_child=1 4 10 20 14 6 9 -9 -10 -11 18 19 13 -15 15 -17 -18 -19 -20 27 -22 -23 -24 -25 -26 26 -28 -29 -30 -31
leaf_value=-0.050091516038575014 0.046381364845973716 -0.0049527624668767485 -0.050050548162844301 -0.057526452686645774 0.048692285059592291 -0.0033537390677147189 -0.015476343256969755 0.0214562372724467 0.0049672238372544305 0.019516221963044512 -0.047010878690620372 -0.021471079032724855 0.014214407509829097 -0.072698602565617929 0.037789029474055602 0.049759220366223267 0.010179618430521863 0.024547066263774606 0.011961781689519989 -0.016928526050007341 0.041158995193852264 0.039553627026840323 -0.00036555858593467143 0.050689686423821337 -0.064532408676059624 -0.050476898889858103 0.0072592070658826641 0.047573011150417087 0.54644029948041639 0.036723951165412223
leaf_weight=91.277128698304296 139.16935944370925 117.73159761028364 2763.8833965100348 7.98718538507819 17.786604966968302 1308.432249576319 927.50246780784801 752.85896925628185 608.82100833859295 127.4979038015008 30.443695900961757 24.317629896104336 36.170098578557372 24.984849713742733 552.0698361620307 371.9988261051476 191.50680790096521 453.58599292673171 45.093973256181926 7.9910451062023631 306.47947886586189 20.072780072689056 20.555762051139027 1018.5156604386866 8.6353052593767625 32.696727216243744 25.655898665077984 206.49100808799267 0.083766732830553248 5.630218543112278
leaf_count=20473 1922 1090 716110 71 199 13909 7946 3896 5275 736 6520 136 265 143 7340 7742 2191 4161 1305 41 4753 231 2212 19783 61 6407 338 3593 15 61
internal_value=-0.00107515 0.0197941 -0.0392978 0.00523439 0.0368523 0.00195185 -3.23105e-05 0.00570777 -0.0020948 -0.0112475 -0.048551 0.0215504 0.0146234 -0.0212939 0.0431652 0.037041 0.0306783 0.018468 -0.0118058 0.0384743 0.0386185 0.00612352 -0.0405118 0.0497035 0.0116878 -0.0495345 -0.0250921 0.0451699 -0.0495446 -0.0185579
internal_weight=10245.9 6627.42 3618.51 3575.56 3051.86 3255.46 3116.29 2061.29 720.738 1055 2897.77 891.345 632.473 61.1549 2160.51 1115.58 743.577 571.318 75.5377 258.872 320.097 44.3904 111.917 1044.94 26.4219 2822.24 58.3526 214.482 91.3609 13.6174
internal_count=838925 80270 758655 33294 46976 28409 26487 17805 27975 8682 730680 9660 5659 408 37316 17273 9531 5251 7825 4001 4885 367 22700 20043 260 722855 6745 3634 20488 132
is_linear=0
shrinkage=0.05


Tree=60
num_leaves=31
num_cat=0
split_feature=14 15 11 6 2 14 12 12 3 1 17 3 11 15 1 6 3 2 14 2 6 11 5 14 17 1 12 6 14 17
split_gain=3059.17 612.398 494.318 244.136 119.694 92.5382 120.535 105.481 77.7109 67.5603 65.5758 44.6947 44.4516 44.4396 35.4985 37.6853 33.9536 32.1405 29.4235 26.2647 26.2545 24.2195 17.707 16.9795 15.1154 11.2698 10.6052 9.7417 8.14884 9.96063
threshold=0.16397849462365593 1.0000000180025095e-35 1.0000000180025095e-35 0.95000000000000007 0.83910792512943055 0.56385869565217395 0.90946348733233984 0.98312206238427591 0.86526825332795487 0.94839989759344612 0.18333333333333338 0.89725545390570038 0.89043787753465187 1.0000000180025095e-35 0.94395499108734415 0.86607142857142871 0.99350649350649356 0.70678733031674212 0.90692640692640702 0.63453348819202493 0.95000000000000007 0.63453564465275603 0.57783260057793318 0.93933823529411775 1.0000000180025095e-35 0.8661951447245565 0.30684824434824437 0.95000000000000007 0.2752525252525253 0.18333333333333338
decision_type=2 2 2 2 2 2 2 2 2 2 2 2 2 2 2 2 2 2 2 2 2 2 2 2 2 2 2 2 2 2
left_child=2 3 8 5 12 10 9 -8 25 -7 19 -12 20 -4 15 18 22 27 -6 -2 21 -3 -14 -18 26 -1 -19 -15 29 -5
right_child=1 4 13 28 14 6 7 -9 -10 -11 11 -13 16 17 -16 -17 23 24 -20 -21 -22 -23 -24 -25 -26 -27 -28 -29 -30 -31
leaf_value=-0.047561087928705781 -0.036528693445752498 0.050697645295831033 -0.049606322805452852 0.057262430354614695 0.025954960378109515 0.015585434238023117 -0.0083885539451637927 0.037098315105336836 0.0046217381351877336 0.050755334328546946 -0.039560462404710089 -0.0094845800962220419 0.019195424312390665 -0.0482118500252494 0.049505870040274028 0.052078371271263996 0.029672201672700883 0.12876489437490024 0.048045656504835402 0.017258405673203935 0.053913334270965965 -0.0060679987590039081 -0.015951802927474345 0.05225438384224123 0.070840117831560315 0.017443742038698938 -0.0091312110442760223 0.19984324371057163 0.049762839309062779 -0.0053208110311077743
leaf_weight=92.833014423027635 24.676213127560914 20.501703244168311 2688.0798349925317 10.861106153577568 647.59540590271354 475.68356046453118 864.55419782549143 149.48829268291593 616.50892095081508 191.52966629341245 138.98153901426122 1110.8156347437762 139.64371891319752 29.18150613503531 955.87254553288221 286.70590132474899 311.93542519584298 1.5032819299958671 196.46536907553673 282.88609362626448 23.571891691535711 225.09849786246195 48.204609483480453 113.53801824897528 12.292593809310345 7.1834983546286812 19.232898043468595 0.40124460309743781 286.28386123478413 15.334106042981146
leaf_count=22500 1799 338 721329 89 7381 2404 5598 1635 5095 1131 7933 6940 979 6211 19416 6282 3472 15 4240 1850 387 2582 313 2346 134 380 702 3 5304 137
internal_value=-0.00105309 0.0191261 -0.0390008 0.00511446 0.0358841 0.0010422 0.00917665 -0.00168296 -0.00201052 0.0256813 -0.0077394 -0.0128291 0.0204472 -0.0486364 0.0424127 0.0364167 0.0278814 -0.00699471 0.0310968 0.012943 0.00350828 -0.00132943 0.0101761 0.0356983 0.0269086 -0.0428922 0.000865651 -0.0448474 0.0473204 0.0206276
internal_weight=9987.44 6520.23 3467.22 3551.09 2969.13 3238.62 1681.26 1014.04 716.525 667.213 1557.36 1249.8 882.494 2750.69 2086.64 1130.77 613.322 62.6115 844.061 307.562 269.172 245.6 187.848 425.473 33.0288 100.017 20.7362 29.5828 312.479 26.1952
internal_count=838925 82556 756369 34820 47736 29290 10768 7233 27975 3535 18522 14873 10417 728394 37319 17903 7110 7065 11621 3649 3307 2920 1292 5818 851 22880 717 6214 5530 226
is_linear=0
shrinkage=0.05


Tree=61
num_leaves=31
num_cat=0
split_feature=14 15 12 6 2 14 12 12 3 1 17 15 3 3 1 6 14 18 2 6 2 8 8 5 3 17 10 6 14 17
split_gain=2859.93 581.388 487.286 231.018 118.477 83.9599 109.199 96.9028 73.3049 63.295 59.4823 43.4547 42.7188 38.4626 38.4523 39.7409 36.2538 30.1663 30.1118 29.4765 24.0039 18.8789 15.0055 22.8718 17.5592 14.0771 11.2621 8.64327 8.40316 9.17522
threshold=0.16397849462365593 1.0000000180025095e-35 1.0000000180025095e-35 0.95000000000000007 0.83096903096903107 0.56385869565217395 0.90946348733233984 0.98312206238427591 0.81302966101694929 0.94839989759344612 0.18333333333333338 1.0000000180025095e-35 0.89725545390570038 0.99350649350649356 0.93896677559912867 0.86607142857142871 0.91833333333333345 1.0000000180025095e-35 0.70678733031674212 0.95000000000000007 0.63453348819202493 1.0000000180025095e-35 1.0000000180025095e-35 0.57783260057793318 0.72871572871572876 1.0000000180025095e-35 0.59197099892588623 0.80909090909090919 0.2752525252525253 0.18333333333333338
decision_type=2 2 2 2 2 2 2 2 2 2 2 2 2 2 2 2 2 2 2 2 2 2 2 2 2 2 2 2 2 2
left_child=2 3 8 5 13 10 9 -8 -1 -7 20 -4 -12 22 15 17 19 -6 27 -15 -2 -16 23 -3 -24 26 -20 -13 29 -5
right_child=1 4 11 28 14 6 7 -9 -10 -11 12 18 -14 16 21 -17 -18 -19 25 -21 -22 -23 24 -25 -26 -27 -28 -29 -30 -31
leaf_value=-0.044704584712185226 -0.035827577815520636 0.0037308202828456372 -0.04955557103730765 0.055277994750805741 0.033417884847818449 0.0147869121148143 -0.0079768468669601834 0.036022766863070474 0.0040849469072005524 0.049018121057868173 -0.038889703495407421 -0.048541072627884901 -0.0090412417361566272 0.015361387442589356 -0.03103286001470203 0.051911631127285189 0.051719423135460421 0.0052160252342380786 0.1123093049471373 0.053400085899798569 0.016325824016169763 0.049426658372109029 -0.0080704612489877134 -0.04300732082728384 0.032101862906616388 0.068862982202648179 -0.011400461457430205 0.15020928672700173 0.049438219195518357 -0.005048686057193481
leaf_weight=87.809486564481631 23.920500903390348 120.63803710415959 2559.5342343379743 10.692831154912712 691.21628444083035 476.28678460791707 863.73883293569088 146.33539735898376 624.67161522223614 188.48021344095469 134.42614210350439 27.727617473574359 1107.1173080378212 390.33439963217825 7.3457041531801215 264.19032897800207 115.64365214109421 109.89735890273005 2.041309212800118 58.570990215986967 284.06198768364266 971.41552061215043 43.004604249726981 33.428868509829044 74.022090815007687 12.020276206079869 18.62923945300281 0.55802798643708129 274.06486205384135 15.352113246917723
leaf_count=21845 1799 1535 721329 89 9706 2404 5598 1635 6130 1131 7933 6210 6940 3826 51 6055 2486 1394 19 1024 1850 20545 267 169 678 134 698 4 5304 137
internal_value=-0.00103133 0.0185173 -0.0385931 0.00489977 0.0351838 0.000994389 0.00875501 -0.00160236 -0.0019281 0.0244924 -0.00739386 -0.0485618 -0.012273 0.0193221 0.0416683 0.0350949 0.0267555 0.0295491 -0.00684656 0.0203245 0.0122752 0.0488228 0.00384211 -0.00641025 0.0173395 0.0258369 0.000816432 -0.0446201 0.046859 0.0197186
internal_weight=9737.18 6404.18 3332.99 3524.48 2879.71 3224.37 1674.84 1010.07 712.481 664.767 1549.53 2620.51 1241.54 835.643 2044.07 1065.3 564.549 801.114 60.9765 448.905 307.982 978.761 271.094 154.067 117.027 32.6908 20.6705 28.2856 300.11 26.0449
internal_count=838925 82556 756369 34820 47736 29290 10768 7233 27975 3535 18522 728394 14873 9985 37751 17155 7336 11100 7065 4850 3649 20596 2649 1704 945 851 717 6214 5530 226
is_linear=0
shrinkage=0.05


Tree=62
num_leaves=31
num_cat=0
split_feature=13 12 6 13 17 0 6 6 5 12 14 12 14 5 5 9 1 25 13 6 5 12 23 7 22 2 14 1 9 0
split_gain=2677.87 481.504 470.776 319.755 129.681 121.247 165.748 68.8734 54.6344 34.1386 59.5878 51.1136 31.188 22.0961 20.1456 16.3243 15.1208 14.1961 9.96998 9.37719 9.58967 8.28458 8.2735 11.4103 11.9468 9.20703 7.75648 9.59461 7.62847 7.2475
threshold=0.57544101704937434 1.0000000180025095e-35 0.95000000000000007 0.9979423868312759 0.63333333333333341 0.16843971631205676 0.78888888888888908 0.32051282051282054 0.77618722350963065 0.91537359751730729 0.56385869565217395 0.97315315315315332 0.13100686498855837 0.62148641413763051 0.71520029416257358 0.93257575757575772 0.88283236087583938 1.0000000180025095e-35 0.65485893416927909 0.29285714285714287 0.7047044118113126 0.39225068017637688 1.0000000180025095e-35 0.5634920634920636 1.0000000180025095e-35 0.85215543412264738 0.94868421052631591 0.93348815322499534 0.20204081632653065 0.16843971631205676
decision_type=2 2 2 2 2 2 2 2 2 2 2 2 2 2 2 2 2 2 2 2 2 2 2 2 2 2 2 2 2 2
left_child=1 7 3 4 5 8 -7 16 -2 10 -6 -11 -3 15 19 -14 -1 21 -4 28 -21 -15 23 24 -9 29 27 -16 -5 -24
right_child=2 12 18 14 9 6 -8 22 -10 11 -12 -13 13 17 26 -17 -18 -19 -20 20 -22 -23 25 -25 -26 -27 -28 -29 -30 -31
leaf_value=-0.048458163116391 0.051963529030301485 -0.049581899253281547 0.012156941809598988 -0.031692305720856621 -0.015468160284992717 0.010987182884283193 -0.025917527479438374 0.072189259340053741 0.021187113675777872 -0.025699806545151145 0.023385345513274348 0.0087318357305296076 -0.046491933579282052 0.067645885812682258 0.030449033000559785 0.36803381323231216 0.052213561583719217 0.13794291398512201 0.051091570811617339 0.03498857570833179 -0.021286180727119151 -0.0070042596979751062 0.118125558243525 0.0045612854338830762 0.0037770420251043157 0.0022437380799488114 0.051390705903905411 0.050516644904405418 0.020137973800367741 -0.03612913441943303
leaf_weight=81.811115977354348 185.11998827429488 2412.5024982425384 16.737727518193424 9.8827044293284398 219.66661640070379 2353.7770266570151 349.41084690112621 13.07486846903339 652.38766471948475 429.61363585665822 179.17201678082347 143.88480233028531 41.519808797631413 4.1536866598762563 132.84602408483624 0.23887082445435126 3.9080998850986353 1.9832232855260361 931.48852816224098 236.11644442006946 7.8211145102977744 35.321991684613749 0.7810427369549896 515.49435890372843 12.465711900964379 50.908052925486118 312.05060977116227 107.97436518967152 25.20552035048604 30.38325533317402
leaf_count=20611 2005 719112 173 70 2914 26312 2283 332 5923 3168 1194 887 9053 56 2158 25 74 14 21557 3917 96 582 10 2405 648 340 7148 2083 220 3555
internal_value=-0.00100933 -0.0382148 0.0179361 0.012176 0.00692545 0.011367 0.00621692 -0.00184718 0.0279898 -0.00924828 0.00198617 -0.0170613 -0.0485438 -0.0184489 0.0406605 -0.0441207 -0.0438684 0.00740847 0.0504043 0.0297079 0.0331843 0.000850534 0.00393356 0.00617754 0.038799 -0.0108591 0.0461881 0.0394466 0.00553982 -0.0322632
internal_weight=9497.7 3204.55 6293.16 5344.93 4513.03 3540.7 2703.19 708.827 837.508 972.337 398.839 573.498 2495.72 83.2176 831.897 41.7587 85.7192 41.4589 948.226 279.026 243.938 39.4757 623.107 541.035 25.5406 82.0724 552.871 240.82 35.0882 31.1643
internal_count=838925 756817 82108 60378 44686 36523 28595 27975 7928 8163 4108 4055 728842 9730 15692 9078 20685 652 21730 4303 4013 638 7290 3385 980 3905 11389 4241 290 3565
is_linear=0
shrinkage=0.05


Tree=63
num_leaves=31
num_cat=0
split_feature=13 15 11 6 1 13 11 6 6 13 14 3 14 17 13 14 3 8 15 6 14 4 9 13 11 0 0 6 23 2
split_gain=2499.7 559.177 473.767 206.281 118.754 96.2636 95.8316 94.6108 92.9992 84.1123 88.018 65.4381 64.4307 59.9165 67.5679 40.4644 39.8111 34.8868 32.7507 17.363 13.8826 16.272 12.5007 11.8944 10.0629 7.47332 9.43756 8.5314 7.94956 7.88714
threshold=0.57544101704937434 1.0000000180025095e-35 1.0000000180025095e-35 0.95000000000000007 0.93896677559912867 0.94148770619358868 0.79261711247172417 0.86607142857142871 0.32051282051282054 0.9979423868312759 0.71714285714285719 0.81302966101694929 0.7231800766283526 0.87500000000000011 0.974521259331386 0.62828947368421062 0.94826048171275656 1.0000000180025095e-35 1.0000000180025095e-35 0.42261904761904767 0.14907407407407411 0.79777507736025954 1.0000000180025095e-35 0.68989800874210794 0.60686155538423681 0.12632978723404256 1.0000000180025095e-35 0.95000000000000007 1.0000000180025095e-35 0.99333333333333351
decision_type=2 2 2 2 2 2 2 2 2 2 2 2 2 2 2 2 2 2 2 2 2 2 2 2 2 2 2 2 2 2
left_child=2 3 11 5 7 6 8 9 -2 10 -3 -1 -8 15 -15 -7 -11 22 20 -20 -4 -22 -6 -5 -21 26 -13 28 -27 -29
right_child=1 4 18 23 17 13 12 -9 -10 16 -12 25 -14 14 -16 -17 -18 -19 19 24 21 -23 -24 -25 -26 27 -28 29 -30 -31
leaf_value=-0.044190826536061531 -0.041229297139371845 0.022830610179071956 -0.050005531644207582 0.0015587827501954297 0.0096243416177596366 0.041419521370049436 -0.020235052280589631 0.05217734145979043 0.0087917762443320072 0.01233108071690516 -0.0094218227599117826 -0.013089913015372238 0.053065932249366322 -0.027207763248189909 0.015625960803703886 0.013708612963738778 0.048939888616624169 0.049226343248330508 -0.042077908651998286 0.052241490355065069 -0.05035362262435196 0.0085321800991912423 -0.10579618451087298 0.04832898178155795 -0.0067362021042045601 0.00037655293954394259 0.018833855540266491 -0.014029096808480961 -0.019907748738530226 0.0232770170454627
leaf_weight=80.537088420242071 102.71632879297249 741.52947564143687 2265.1405266679358 14.351679123938082 4.7276759445667249 164.50486525148153 909.91042609722354 297.51219654083252 974.38210528320633 97.13236190751195 295.96837693452835 28.201162248849869 31.000099435448647 177.67161663994193 191.08849545568228 661.39011375233531 315.41748026758432 963.11669538542628 29.762871904764324 9.9618078619241697 24.867095380555838 22.209580176509917 4.6564634814858437 257.46664799377322 26.398469182662666 327.2027326002717 129.28243950381875 18.152473658323288 56.66692986083217 64.540480181574821
leaf_count=21845 7818 7520 715045 117 37 871 5756 7208 7429 965 2508 124 138 1481 1665 4361 7260 21548 6987 170 5781 289 28 5398 570 2572 577 78 2498 281
internal_value=-0.000987121 0.0172978 -0.0377864 0.00403572 0.0342868 0.000497076 -0.00616222 0.0264933 0.00402157 0.0212236 0.0136299 -0.00177484 -0.01782 0.0117459 -0.00501168 0.0192282 0.0403206 0.0482916 -0.0484548 -0.0137586 -0.049447 -0.0225728 -0.047648 0.0458596 0.00942221 0.00369922 0.0131172 0.000520284 -0.00261782 0.0150877
internal_weight=9287.47 6204.54 3082.92 3484.48 2720.06 3212.66 2018.01 1747.56 1077.1 1450.05 1037.5 704.583 940.911 1194.66 368.76 825.895 412.55 972.501 2378.34 66.1231 2312.22 47.0767 9.38414 271.818 36.3603 624.046 157.484 466.563 383.87 82.693
internal_count=838925 82108 756817 35034 47074 29519 21141 25461 15247 18253 10028 27975 5894 8378 3146 5232 8225 21613 728842 7727 721115 6070 65 5515 740 6130 701 5429 5070 359
is_linear=0
shrinkage=0.05


Tree=64
num_leaves=31
num_cat=0
split_feature=13 15 11 6 1 6 13 11 6 13 14 6 14 17 13 3 14 15 7 0 14 2 13 17 11 10 23 3 7 1
split_gain=2335.84 528.814 465.632 195.058 119.194 94.1551 87.3574 87.306 86.3257 81.6148 80.8829 61.93 58.3433 54.0779 61.9433 39.7532 36.6515 32.9281 16.857 14.4033 14.1268 15.4674 11.8116 10.8604 7.65668 9.56754 6.68008 10.4752 10.4742 9.98036
threshold=0.57544101704937434 1.0000000180025095e-35 1.0000000180025095e-35 0.95000000000000007 0.93896677559912867 0.86607142857142871 0.94148770619358868 0.79261711247172417 0.32051282051282054 0.9979423868312759 0.71714285714285719 0.32051282051282054 0.7231800766283526 0.87500000000000011 0.974521259331386 0.94826048171275656 0.58114035087719318 1.0000000180025095e-35 0.47727272727272735 0.31866537717601556 0.14907407407407411 0.79784946236559151 0.73300330033003303 0.36666666666666675 0.60058806700046585 0.53883861236802422 1.0000000180025095e-35 0.94494949494949509 0.64583333333333337 0.71166962266033484
decision_type=2 2 2 2 2 2 2 2 2 2 2 2 2 2 2 2 2 2 2 2 2 2 2 2 2 2 2 2 2 2
left_child=2 3 11 6 5 9 7 8 -2 10 -3 19 -9 16 -15 -11 -8 20 -19 -1 -4 -22 23 -5 -20 -26 28 -28 29 -13
right_child=1 4 17 22 -6 -7 13 12 -10 15 -12 26 -14 14 -16 -17 -18 18 24 -21 21 -23 -24 -25 25 -27 27 -29 -30 -31
leaf_value=0.077139638987357997 -0.040644843207562648 0.022021237660246443 -0.049989852339445445 0.024883275982720641 0.047974542656126135 0.052050965474601599 0.043816463040609932 -0.019403227354398155 0.0083388365837385597 0.011794887762492873 -0.0088946322082443189 -0.02113714215135782 0.050260499797829254 -0.026326929667578519 0.014935484168586581 0.048665456053493747 0.013949082626535445 -0.046155679496324722 0.046135478420323492 -0.047139208474365105 -0.050456381770564954 0.0075460327034337256 0.048600431981249241 -0.07447074788785274 0.083531577791870731 -0.014030694411551782 -0.040575885739625721 0.00078284856031436223 0.0035189135476344779 0.040025021351088763
leaf_weight=2.4044147413223973 99.076497182715684 730.62767028715461 2155.3272378402762 18.05108860228211 931.0708003025502 283.67213190719485 120.26860249973834 901.68702091090381 975.90199614875019 96.487447172403336 297.78694549202919 8.1656775106675905 31.091381333768368 174.51689033769071 189.95613789558411 301.68393515795469 703.79675280302763 24.406520782038569 9.3430090150795859 76.717050144681707 23.414900108473375 22.575664362637326 239.66604885086417 3.2449619621038428 2.7554640704765943 28.546715052332729 20.620656778337434 59.442588002420962 495.7945386916399 36.412520992569625
leaf_count=44 7818 7520 715045 197 21613 7208 629 5756 7429 965 2508 478 138 1481 1665 7260 4603 6451 256 20641 5718 352 5290 28 22 998 3152 753 2287 620
internal_value=-0.000966031 0.0167344 -0.037362 0.00386521 0.0335791 0.0257421 0.000471679 -0.00588818 0.00382421 0.0205107 0.0130693 -0.00170336 -0.0170812 0.0112152 -0.00482178 0.0397307 0.0183081 -0.0483687 -0.0133097 -0.0433625 -0.0494048 -0.0219844 0.0454295 0.00974432 0.00641361 -0.0054425 0.00360924 -0.00986928 0.00560626 0.0288216
internal_weight=9064.51 6098.59 2965.93 3457.26 2641.33 1710.26 3196.3 2007.76 1074.98 1426.59 1028.41 699.557 932.778 1188.54 364.473 398.171 824.065 2266.37 65.0517 79.1215 2201.32 45.9906 260.962 21.2961 40.6452 31.3022 620.436 80.0632 540.373 44.5782
internal_count=838925 82108 756817 35034 47074 25461 29519 21141 15247 18253 10028 27975 5894 8378 3146 8225 5232 728842 7727 20685 721115 6070 5515 225 1276 1020 7290 3905 3385 1098
is_linear=0
shrinkage=0.05


Tree=65
num_leaves=31
num_cat=0
split_feature=14 15 11 6 1 6 13 13 14 0 11 6 15 13 14 2 5 1 13 17 6 13 7 12 11 11 6 0 1 6
split_gain=2182.79 482.488 457.575 187.096 119.425 93.5896 83.8499 81.2477 71.6896 69.3819 59.7546 58.4289 42.2484 27.7996 17.8613 23.9137 16.2629 13.976 11.4033 12.1653 11.0171 9.57205 13.8382 8.71418 8.57553 7.83881 7.00639 6.57216 8.61646 7.61662
threshold=0.16397849462365593 1.0000000180025095e-35 1.0000000180025095e-35 0.95000000000000007 0.93896677559912867 0.86607142857142871 0.9979423868312759 0.9979423868312759 0.71714285714285719 0.059714795008912663 0.90567728650512891 0.32051282051282054 1.0000000180025095e-35 0.53866082104424085 0.94281045751633996 0.81120250685468098 0.71520029416257358 0.88283236087583938 0.68989800874210794 0.18333333333333338 0.47727272727272735 0.57544101704937434 0.73214285714285732 0.32885724585436199 0.60686155538423681 0.63517211293961406 0.6515151515151516 0.12632978723404256 0.97336652441915616 0.95000000000000007
decision_type=2 2 2 2 2 2 2 2 2 2 2 2 2 2 2 2 2 2 2 2 2 2 2 2 2 2 2 2 2 2
left_child=2 3 11 6 5 7 9 8 -3 26 -11 17 21 20 15 -8 -9 -1 19 -5 -14 -4 -23 -24 -22 -21 -2 28 -13 -29
right_child=1 4 12 18 -6 -7 14 16 -10 10 -12 27 13 -15 -16 -17 -18 -19 -20 25 24 22 23 -25 -26 -27 -28 29 -30 -31
leaf_value=-0.048172776830328466 0.059445100129034381 0.020666287932051775 -0.049908398587422291 0.052948622420000549 0.047317183714360701 0.051620243887441276 -0.019791511203170891 0.027784681036458637 -0.0084000395231813851 0.0015481112108114989 -0.014718188012645969 0.028696494841600435 -0.050216125131232317 0.054829529220584705 0.051099654989458711 0.031031734067942785 0.048452649796090833 0.047718466378315123 0.048189828984694615 0.012500532148056694 0.044988128851214587 -0.046872315011408434 0.11261474165555384 -0.0034412910118981018 -0.02443278461675568 -0.070689139498952724 0.025265890605202429 -0.0025438308448629261 0.0039063621672455247 0.014232768341494798
leaf_weight=71.724091731710359 45.820935510098934 727.19848659238778 2057.6370923651848 8.9214704707264918 893.24373296461999 270.77980529889464 29.191762302070856 173.31208933517337 299.50898694247007 2113.448051056359 770.39552545174956 52.936282828450203 21.922430787002668 14.339152154745532 72.113131318241358 111.74332214519382 211.12350346520543 4.0123975761234751 234.7697424646467 6.291153781116007 7.1631521880626705 32.122729511465877 1.8104134416207696 15.175280439201741 11.73875117395073 5.1496438197791576 22.286423876881599 380.9598069714848 103.75058107823133 82.263118997216225
leaf_count=20611 332 8215 716511 66 21589 7199 278 2827 2508 20615 5048 238 6199 314 1354 1512 5398 74 5387 39 141 4590 12 216 411 38 151 6230 463 359
internal_value=-0.00094522 0.0161954 -0.0369071 0.00388735 0.032542 0.0246951 0.000567058 0.0195285 0.0121871 -0.00161929 -0.0027973 -0.00163528 -0.0482567 -0.00506139 0.0308606 0.0205048 0.0391351 -0.0430926 0.0450767 0.00918358 -0.0260975 -0.0493877 -0.0275718 0.0089285 0.00187528 -0.0249442 0.0482608 0.00342971 0.0122816 0.000435502
internal_weight=8852.85 5995.3 2857.56 3420.13 2575.17 1681.92 3165 1411.14 1026.71 2951.95 2883.84 695.646 2161.91 55.1635 213.048 140.935 384.436 75.7365 255.132 20.3623 40.8243 2106.75 49.1084 16.9857 18.9019 11.4408 68.1074 619.91 156.687 463.223
internal_count=838925 82556 756369 34820 47736 26147 29290 18948 10723 26146 25663 27975 728394 7065 3144 1790 8225 20685 5530 143 6751 721329 4818 228 552 77 483 7290 701 6589
is_linear=0
shrinkage=0.05


Tree=66
num_leaves=31
num_cat=0
split_feature=6 15 13 13 6 1 6 1 0 13 6 13 14 14 1 6 8 2 3 3 3 22 4 1 18 14 12 8 0 12
split_gain=2053.55 570.058 429.814 125.514 87.0128 76.2714 73.0644 69.7841 66.8371 58.5215 58.7209 57.0608 52.2283 38.1411 32.3704 31.8873 27.2101 24.3691 20.4877 17.6571 14.5738 13.0972 12.6481 12.8622 12.3713 12.7351 12.9913 11.7095 11.4884 11.1066
threshold=0.43650793650793657 1.0000000180025095e-35 0.73300330033003303 0.9979423868312759 0.95000000000000007 0.92284702886618086 0.86607142857142871 0.93896677559912867 0.059714795008912663 0.9979423868312759 0.78888888888888908 0.73300330033003303 0.56385869565217395 0.95119047619047625 0.89333845366103437 0.087121212121212141 1.0000000180025095e-35 0.26747967479674806 0.94826048171275656 0.99350649350649356 0.94826048171275656 1.0000000180025095e-35 0.65785346129850819 0.96524758454106296 1.0000000180025095e-35 0.88348416289592768 0.92068331397599701 1.0000000180025095e-35 1.0000000180025095e-35 0.71892556179775291
decision_type=2 2 2 2 2 2 2 2 2 2 2 2 2 2 2 2 2 2 2 2 2 2 2 2 2 2 2 2 2 2
left_child=2 3 14 4 8 13 7 9 -2 10 -3 28 -10 15 29 17 -7 -4 -15 -17 -11 -16 -18 -24 -5 26 -26 -9 -6 -1
right_child=1 6 5 24 11 16 -8 27 12 20 -12 -13 -14 18 21 19 22 -19 -20 -21 -22 -23 23 -25 25 -27 -28 -29 -30 -31
leaf_value=-0.049234928409531163 0.040791972224309025 0.02098357407418152 -0.02678817034589458 0.043335142029680772 -0.018582888588836746 -0.098918699281693237 0.051192466369145387 -0.026073418407131843 -0.0081404678345629797 0.018931478523969741 -0.022761467055798817 0.046530308692142842 0.0051470930833822258 -0.006848652734216143 0.019951056579527553 -0.033086772009251225 0.088143318862068054 0.064296751364000468 0.050957290629467113 -0.010901053869195251 0.048011583884273526 -0.036077165731558732 0.021969584129000626 0.059972832049347169 0.01812831020079575 0.03709896511381193 -0.069260998567369156 0.046171085739076696 0.012340374493699003 0.078064184414812596
leaf_weight=2020.3306425707415 90.77972884173505 736.90411131363362 11.176366277039049 203.32384549081326 35.9372207026463 3.6554851010441771 563.12072785571218 5.6704201623797408 1819.9979240242392 52.805890504270792 85.628313608467579 160.2651038672775 1245.7011047266424 26.130105242133141 23.506354578072205 135.20259995106608 12.037742618471382 21.410764745436609 37.078658852726221 266.38306755386293 234.0303794965148 18.750727805541828 70.453163094818592 32.551420327275991 9.9373961575329322 23.674340706318617 7.4344567991793147 515.95991320535541 182.88053063536063 1.7148952307179559
leaf_count=697692 980 7913 97 3981 1563 22 16339 40 65080 687 789 3550 6547 182 1637 1434 143 209 905 2002 6205 2843 760 515 122 413 75 11714 4458 28
internal_value=-0.000922386 0.0153919 -0.0372837 0.00362439 0.00122905 -0.000633157 0.0356643 0.0303031 -0.00148926 0.0232111 0.0164296 0.0238633 -0.00274127 -0.00922743 -0.0482218 -0.0145104 0.0353796 0.0330575 0.0270607 -0.0183704 0.042658 -0.00491034 0.0396469 0.0339793 0.0382804 0.0132418 -0.0192708 0.0453857 0.00726174 -0.049127
internal_weight=8654.43 5974.05 2680.38 3779.93 3535.56 616.079 2194.12 1631 3156.48 1109.37 822.532 379.083 3065.7 497.382 2064.3 434.173 118.698 32.5871 63.2088 401.586 286.836 42.2571 115.042 103.005 244.37 41.0462 17.3719 521.63 218.818 2022.05
internal_count=838925 130456 708469 86769 82178 6269 43687 27348 72607 15594 8702 9571 71627 4829 702200 3742 1440 306 1087 3436 6892 4480 1418 1275 4591 610 197 11754 6021 697720
is_linear=0
shrinkage=0.05


Tree=67
num_leaves=31
num_cat=0
split_feature=13 11 15 1 13 0 11 17 3 3 13 13 8 11 15 1 12 2 3 8 2 18 11 10 0 13 1 0 12 13
split_gain=1910.79 448.757 445.598 118.099 106.05 81.098 72.6704 62.5391 53.0155 52.7192 41.4167 40.4418 34.1279 33.0502 31.4913 26.8425 46.6641 29.7434 18.4 16.4741 14.0325 12.7315 15.0752 11.3951 8.77997 13.4404 7.11045 34.1423 6.39488 6.83403
threshold=0.57544101704937434 1.0000000180025095e-35 1.0000000180025095e-35 0.93896677559912867 0.9979423868312759 0.059714795008912663 0.86784613958684831 0.36666666666666675 0.81302966101694929 0.88067796610169513 0.93764952153110059 0.9979423868312759 1.0000000180025095e-35 0.90567728650512891 1.0000000180025095e-35 0.85903128054740974 0.82427404196555309 0.68801229508196726 0.75181159420289878 1.0000000180025095e-35 0.65733855185909984 1.0000000180025095e-35 0.86784613958684831 0.26172161172161179 0.15184453227931491 0.48397370043147736 0.79375571530176814 0.66421568627450989 0.30517395182872437 0.47087104072398195
decision_type=2 2 2 2 2 2 2 2 2 2 2 2 2 2 2 2 2 2 2 2 2 2 2 2 2 2 2 2 2 2
left_child=1 8 4 6 5 -2 15 10 26 19 -7 -11 -5 -9 24 17 -17 -4 23 -8 -16 -20 -23 -6 25 -3 -1 -28 -22 -30
right_child=2 14 3 12 18 7 9 13 -10 11 -12 -13 -14 -15 20 16 -18 -19 21 -21 28 22 -24 -25 -26 -27 27 -29 29 -31
leaf_value=-0.049314592391968073 0.042414952399786064 -0.046208677297768952 -0.010590644360752957 -0.048307020576261052 -0.10472266185220028 0.0024775859111508943 -0.0083752634132426475 -0.0015950798335655058 0.0034356203343847802 0.027029141984237878 0.023151898666696261 0.047997087636320775 0.048074224152965278 -0.01604442153851773 -0.04278431986852281 0.014007474007626653 -0.043633243080247464 0.027406701807615994 0.041552530806962501 0.021968741753453605 0.12108084145658234 -0.010915708796361188 0.050635919629889538 0.021639700649317022 -0.049715126353875184 0.022976047513249401 -0.012121138891664421 0.88833985346862987 -0.024150770989456331 0.019957517665580259
leaf_weight=59.196887513855472 113.32228158926591 21.043526458321143 77.168223557062447 9.2901494391262514 3.7656111493706694 1012.3049915139563 103.95538847893476 1041.4032605215907 617.68979342957027 712.77858688868582 318.44865929707885 339.49439902976155 809.16888457722962 638.31460932828486 24.190423497930169 75.251671460922807 65.828505663201213 154.8468728158623 208.66429472900927 78.51127103716135 1.1696398181375105 27.155990712344646 15.698232896625994 3.3905139267444611 1877.9629880043212 10.533908402081577 8.7578021634835714 0.10655018547549922 14.63585358369164 21.954685503384098
leaf_count=20260 1925 6414 916 65 22 11579 600 10248 6130 9986 1754 9635 21548 4643 6561 809 824 2001 4192 690 13 374 276 21 714311 390 1553 32 801 352
internal_value=-0.000898129 -0.0360189 0.015168 0.031519 0.00343916 0.000891484 0.0236486 -0.000671571 -0.00117918 0.0294918 0.00742494 0.033794 0.0469802 -0.00708602 -0.0481373 0.00431084 -0.0128879 0.0147688 0.0342052 0.00468107 -0.0130532 0.0364546 0.0116317 -0.0448532 -0.0492755 -0.0231294 -0.0430608 -0.00129753 0.00599348 0.00231464
internal_weight=8466 2657.24 5808.76 2426.29 3382.47 3123.79 1607.83 3010.47 685.751 1234.74 1330.75 1052.27 818.459 1679.72 1971.49 373.095 141.08 232.015 258.675 182.467 61.9506 251.519 42.8542 7.15613 1909.54 31.5774 68.0612 8.86435 37.7602 36.5905
internal_count=838925 756817 82108 47074 35034 30149 25461 28224 27975 20911 13333 19621 21613 14891 728842 4550 1633 2917 4885 1290 7727 4842 650 43 721115 6804 21845 1585 1166 1153
is_linear=0
shrinkage=0.05


Tree=68
num_leaves=31
num_cat=0
split_feature=6 13 13 6 13 6 9 13 17 10 1 0 14 7 1 6 9 2 3 3 0 11 10 1 5 23 0 18 5 3
split_gain=1814.92 402.827 318.707 235.317 108.216 94.8483 167.398 113.672 92.5049 79.4554 69.3148 47.5433 33.62 33.5624 32.3288 29.4954 24.9661 21.9148 19.3533 16.7533 12.2796 11.6991 21.2401 16.0111 10.8018 10.797 10.0479 9.70543 9.36178 8.87258
threshold=0.43650793650793657 0.73300330033003303 0.9979423868312759 0.95000000000000007 0.65485893416927909 0.76388888888888895 0.17445652173913045 0.56675579322638159 0.63333333333333341 0.93969696969696981 0.92284702886618086 0.16843971631205676 0.95119047619047625 0.89444444444444449 0.89333845366103437 0.087121212121212141 0.12060606060606062 0.26747967479674806 0.94826048171275656 0.94826048171275656 1.0000000180025095e-35 0.89043787753465187 0.077221228384019097 0.93348815322499534 0.77618722350963065 1.0000000180025095e-35 0.87400793650793662 1.0000000180025095e-35 0.63669284681712146 0.97498436522826781
decision_type=2 2 2 2 2 2 2 2 2 2 2 2 2 2 2 2 2 2 2 2 2 2 2 2 2 2 2 2 2 2
left_child=1 14 3 5 20 7 11 9 -9 -2 12 -7 15 -8 28 17 -17 -3 -14 24 -5 22 23 -21 26 -16 -4 -24 -1 -12
right_child=2 10 19 4 -6 6 13 8 -10 -11 29 -13 18 -15 25 16 -18 -19 -20 21 -22 -23 27 -25 -26 -27 -28 -29 -30 -31
leaf_value=-0.049632693612052574 -0.040087712464518213 -0.025467699427392972 0.028929298425155514 -0.018293770582604198 0.049372194709531581 0.020272360913045597 -0.04877639078256743 0.017185491981400128 -0.0041588869195166795 0.0012995240826950867 0.005905877146301303 -0.0094788221256190529 -0.0066570286821499612 0.055248268080596685 0.011088252907724722 -0.033437503331850228 -0.0078231369428119861 0.061416059835732131 0.050627953721942898 -0.10855851622241471 0.012709912523984075 0.050479906909931919 0.044190936319748145 0.052646206405541719 -0.096321313303980541 -0.046748702575748514 -0.058789639055293233 0.014899148158941189 -0.029050471417605139 0.040794797621343248
leaf_weight=1783.9357897839509 176.10663125105202 11.016007688827811 75.811235355213284 38.713850150117651 493.44658949039876 261.92171232565306 230.88550904369913 2351.9683127060998 647.33048627735116 339.57736660959199 22.728860262781382 275.55577001697384 26.056732632219791 8.0233657401986402 30.352691547013819 156.94884903542697 241.52871668711305 21.27336610853672 33.959620419889688 4.3189372420310965 182.454170582816 502.05633643828332 170.14098265580833 2.3941364400088787 1.8733723238110531 10.991236753063275 3.4115012101829043 33.916104260832071 57.013345444342121 91.916922187432647
leaf_count=686428 52394 97 1178 1592 14033 2595 2337 21141 4762 2934 262 2823 182 92 2261 1220 2216 209 905 90 4460 15285 3972 61 25 2219 39 643 11292 1178
internal_value=-0.00087575 -0.0366025 0.0144483 0.00978065 0.0363459 0.00535691 -0.0104596 0.00885044 0.0125788 -0.0128343 -0.00112599 0.00501942 -0.00930282 -0.0452829 -0.0480133 -0.0141875 -0.0179119 0.0317744 0.0257571 0.0438797 0.00728294 0.0463296 0.0364435 -0.0510668 0.0223458 -0.00428764 0.0251519 0.0393224 -0.0489953 0.033878
internal_weight=8287.63 2487.72 5799.91 5005.98 714.615 4291.37 776.386 3514.98 2999.3 515.684 605.429 537.477 490.783 238.909 1882.29 430.767 398.478 32.2894 60.0164 793.923 221.168 712.826 210.77 6.71307 81.0961 41.3439 79.2227 204.057 1840.95 114.646
internal_count=838925 708469 130456 109163 20085 89078 7847 81231 25903 55328 6269 5418 4829 2429 702200 3742 3436 306 1087 21293 6052 20051 4766 151 1242 4480 1217 4615 697720 1440
is_linear=0
shrinkage=0.05


Tree=69
num_leaves=31
num_cat=0
split_feature=6 15 13 13 6 6 1 1 13 14 14 1 14 6 1 5 8 4 9 6 2 14 2 4 8 10 8 1 12 23
split_gain=1693.37 505.454 370.906 107.197 77.7128 75.4605 71.4297 68.6078 55.0236 56.7248 53.4099 51.4014 43.2176 28.1385 27.2977 26.5261 24.7877 23.9417 22.8381 33.6017 22.1809 10.9753 15.1228 10.8062 10.5476 10.4949 9.55324 9.24004 9.08468 8.60288
threshold=0.42261904761904767 1.0000000180025095e-35 0.73300330033003303 0.9979423868312759 0.86607142857142871 0.95000000000000007 0.93896677559912867 0.92284702886618086 0.9979423868312759 0.71714285714285719 0.2752525252525253 0.96927447552447565 0.43303571428571436 0.087121212121212141 0.89333845366103437 0.77618722350963065 1.0000000180025095e-35 0.15590720336335895 0.18834459459459463 0.34523809523809529 0.65733855185909984 0.94281045751633996 0.8166139695314748 0.65785346129850819 1.0000000180025095e-35 0.077221228384019097 1.0000000180025095e-35 0.99782608695652186 0.71892556179775291 1.0000000180025095e-35
decision_type=2 2 2 2 2 2 2 2 2 2 2 2 2 2 2 2 2 2 2 2 2 2 2 2 2 2 2 2 2 2
left_child=2 3 14 5 6 11 8 13 9 -3 27 12 -2 17 28 -13 -9 -4 19 -15 -20 22 25 -18 -8 -5 -10 -7 -1 -16
right_child=1 4 7 21 -6 10 24 16 26 -11 -12 15 -14 18 29 -17 23 -19 20 -21 -22 -23 -24 -25 -26 -27 -28 -29 -30 -31
leaf_value=-0.049110340149851106 -0.011868957172404833 0.022845058580307651 -0.016869706067038154 -0.10410035457639917 0.050807344190981568 0.010987724536077579 -0.022355608288672918 -0.087915452081700887 0.025709121681149236 -0.006415649435789675 0.045485448965403158 0.051126836725287686 0.00083607150430200356 -0.0099385803193443676 0.0093298219317681699 0.01017620379586115 0.08947902378303807 0.060552473195743188 -0.019909982581617285 -0.054219620626858457 0.01255498135300568 0.051668833447364643 0.035758001042733988 0.03570784001240386 0.0450917554946915 0.0040530006269590448 0.046564820036234356 -0.016809805026515912 0.073342262387262089 -0.045644558764513406
leaf_weight=1734.2836926185992 1129.6898605304305 575.17824412113987 16.562136201187968 2.4784852415323284 495.06645794399083 179.61957890843041 5.8693986535072318 3.844374291598796 77.08211612328887 232.61771865189075 146.56045403517783 44.299414033303037 1642.5690062437207 116.27983625140041 26.765147543512285 368.46361757162958 10.483121713623403 25.145997412502766 96.38216863013804 67.83399133849889 115.85402511525899 76.363826027140021 120.72395587898791 85.958716720342636 466.64758943393826 23.611633086577058 190.88095162250102 35.864333453355357 1.5159779619425524 9.6939122125040722
leaf_count=692389 65905 6737 129 29 16339 4439 40 22 1641 2122 3567 438 8605 1149 1877 3624 136 239 1169 532 1060 1938 2352 1167 11749 309 5518 1565 27 2112
internal_value=-0.000854236 0.0135369 -0.0370631 0.00268332 0.0335633 0.000568532 0.0280495 -0.000715747 0.0209319 0.014419 0.0221992 -0.00189025 -0.0043412 -0.00925621 -0.0481041 0.0145712 0.0365897 0.0298084 -0.013367 -0.0262533 -0.00218823 0.0362947 0.0282979 0.0415527 0.044254 -0.00622125 0.0405655 0.00636121 -0.0490034 -0.00528703
internal_weight=8124.19 5813.59 2310.6 3770.24 2043.34 3547.07 1548.28 538.344 1075.76 807.796 362.044 3185.02 2772.26 438.058 1772.26 412.763 100.286 41.7081 396.35 184.114 212.236 223.178 146.814 96.4418 472.517 26.0901 267.963 215.484 1735.8 36.4591
internal_count=838925 136917 702008 92771 44146 88143 27807 5603 16018 8859 9571 78572 74510 4278 696405 4062 1325 368 3910 1681 2229 4628 2690 1303 11789 338 7159 6004 692416 3989
is_linear=0
shrinkage=0.05


Tree=70
num_leaves=31
num_cat=0
split_feature=3 15 13 13 6 6 11 11 12 6 12 13 8 3 14 0 14 0 18 2 14 5 5 14 0 6 2 2 8 9
split_gain=1595.39 521.146 237.24 112.636 85.6233 79.415 79.1484 70.0856 61.9938 59.2737 50.7414 61.3188 46.6029 48.4147 45.1032 42.6494 39.2192 38.0668 37.89 27.5501 27.5057 23.3245 22.6729 19.0958 17.0376 31.1992 13.0904 9.74619 13.7388 9.50607
threshold=0.8452991452991454 1.0000000180025095e-35 0.73300330033003303 0.94148770619358868 0.86607142857142871 0.42261904761904767 0.79261711247172417 0.86784613958684831 0.92068331397599701 0.95000000000000007 0.92068331397599701 0.974521259331386 1.0000000180025095e-35 0.97726098191214483 0.7231800766283526 0.16843971631205676 0.6858552631578948 0.23582887700534763 1.0000000180025095e-35 0.76506899055918676 0.5590277777777779 0.3339150686680849 0.29982687078886788 0.26491228070175443 0.45049019607843144 0.43650793650793657 0.6861407249466952 0.52976612331679662 1.0000000180025095e-35 0.3133928571428572
decision_type=2 2 2 2 2 2 2 2 2 2 2 2 2 2 2 2 2 2 2 2 2 2 2 2 2 2 2 2 2 2
left_child=2 3 -1 5 7 17 8 15 -7 10 16 -12 13 -9 -8 -3 -5 29 -14 22 -17 -21 27 -19 26 -26 -24 28 -4 -2
right_child=1 4 19 9 -6 6 14 12 -10 -11 11 -13 18 -15 -16 20 -18 23 -20 21 -22 -23 24 -25 25 -27 -28 -29 -30 -31
leaf_value=-0.049311777072884949 0.011631369596430227 0.044083543374163398 -0.019303339345071013 0.042351428659482632 0.050633356069765267 0.0069945519472579378 -0.015667490760415757 -0.037490337392961148 -0.046377194420126423 0.049542357146104554 -0.010464285911728542 0.019087754884131881 0.03906118898160351 0.023933367239317622 0.047961050958977902 0.014495950764742419 0.010199750275507789 -0.042913444071140616 0.0064901465727517735 0.063475578421309617 -0.015180575372511494 0.0015697251098410253 -0.05836874714518378 -0.015968739643155146 -0.036458581771501866 0.022421419524323919 -0.012716768331491247 0.029408517853427914 0.033743712904153254 0.094862101347808925
leaf_weight=1551.532848211471 33.16372952517122 66.107870086096227 39.767021756619215 177.23925319686532 471.93744346871972 1570.3973197306041 838.80628228140995 44.030429117381573 56.361074863001704 106.24837995879352 398.74507127329707 313.57172191888094 962.03055896237493 118.20695711486042 28.807658761739731 158.50496622011997 204.03908083215356 190.43941636872478 98.424734365195036 26.691816676408052 153.88114096224308 35.388894440606236 39.450311576016247 100.4329981226474 44.490428766235709 45.514114649966359 26.085782207548618 38.857045781798661 17.611363404430449 3.8264538717921814
leaf_count=658634 881 1294 409 980 16332 47522 5620 374 295 3224 2446 3162 20009 2141 166 3382 1418 63426 1872 255 1973 310 324 766 522 365 199 358 174 92
internal_value=-0.000830597 0.0115523 -0.041292 0.00105583 0.0319165 -0.00439987 -0.00135905 0.0263999 0.00514542 0.0138885 0.0104246 0.00254493 0.0322201 0.00726328 -0.0135548 0.00759839 0.0251456 -0.0275343 0.0360382 -0.0016465 -0.000122682 0.0281864 -0.00900242 -0.0336099 -0.0208046 -0.00668374 -0.0401976 0.0100728 -0.00302141 0.0202412
internal_weight=7960.59 6095.2 1865.39 4022.08 2073.12 2822.23 2494.37 1601.19 1626.76 1199.84 1093.6 712.317 1222.69 162.237 867.614 378.494 381.278 327.863 1060.46 313.857 312.386 62.0807 251.776 290.872 155.541 90.0045 65.5361 96.2354 57.3784 36.9902
internal_count=838925 177375 661550 129998 47377 118768 53603 31045 47817 11230 8006 5608 24396 2515 5786 6649 2398 65165 21881 2916 5355 565 2351 64192 1410 887 523 941 583 973
is_linear=0
shrinkage=0.05


Tree=71
num_leaves=31
num_cat=0
split_feature=6 15 13 13 6 6 0 6 0 0 13 11 13 9 5 2 12 6 2 22 9 10 9 8 0 6 0 0 12 11
split_gain=1485.29 441.929 373.25 93.5031 76.1109 59.6335 56.6404 69.3618 55.6384 55.5795 47.3866 47.0887 39.8709 37.5985 30.815 28.1815 25.8905 23.5188 19.9745 19.1513 17.6569 17.1873 15.6021 33.1083 15.8527 15.5383 11.7076 24.718 10.5306 10.9293
threshold=0.43650793650793657 1.0000000180025095e-35 0.73300330033003303 0.9805186590765339 0.86607142857142871 0.95000000000000007 0.16843971631205676 0.78888888888888908 0.043961352657004842 0.25227272727272732 0.73300330033003303 0.89043787753465187 0.9979423868312759 0.24037037037037037 0.60412511091216492 0.80901722391084108 0.99773755656108609 0.087121212121212141 0.26747967479674806 1.0000000180025095e-35 0.19098277608915909 0.58123821495914529 0.11215932914046123 1.0000000180025095e-35 0.13921188630490958 0.68333333333333346 0.22335600907029482 0.49590163934426235 0.71892556179775291 0.50754939289422063
decision_type=2 2 2 2 2 2 2 2 2 2 2 2 2 2 2 2 2 2 2 2 2 2 2 2 2 2 2 2 2 2
left_child=2 3 14 5 6 8 -3 12 -2 22 -7 -10 -8 -9 -1 21 17 18 -11 28 -19 25 23 -4 -25 -5 -17 -28 29 -16
right_child=1 4 9 15 -6 10 7 13 11 16 -12 -13 -14 -15 19 26 -18 20 -20 -21 -22 -23 -24 24 -26 -27 27 -29 -30 -31
leaf_value=-0.049217895932475136 0.046293487503239174 0.045643412954617643 -0.099464218715660704 0.0027436283483778003 0.050471282621336391 0.0057938430577455548 0.019921483658519132 0.0028996518909113326 0.00054097686214412007 -0.025247180554845379 0.0444429115957993 -0.014319470612397127 0.042526869061878185 -0.06256001761219708 0.0348403451091506 0.045405599936343334 0.024188295579648779 -0.027990439666787187 0.058680160684665583 -0.044628335198218405 -0.0066913992289552374 0.046810464366044982 0.05499773843967886 0.052122523459949478 0.0049181800837784168 -0.055360871653614842 0.0077708273150664774 0.045885513029405668 0.17880791440774035 -0.017347806996239501
leaf_weight=1553.18725038087 58.273505094461143 317.05678196391091 5.7085685208439818 39.177978202700615 450.89669108577073 215.92852814006619 773.45532690524124 70.066890953108668 2206.1321241951082 10.989667052403094 125.34623327478766 702.93514906987548 260.84571920335293 31.934128999710083 15.346777731552718 123.21585614793003 52.4345199521631 178.3114671818912 19.975589958950877 36.533419230021536 214.18830057792366 14.504591932520269 39.597206555306911 31.675108797848225 40.562605539336801 16.290168890729547 93.026734841987491 78.374508462846279 0.84598443284630676 28.968278428306803
leaf_count=687791 641 7970 34 351 16339 6021 10194 1151 66594 99 3197 4661 7734 299 656 2475 1017 1481 193 8505 1969 208 506 549 421 187 1135 1299 6 5242
internal_value=-0.00080851 0.0129775 -0.0353146 0.00284377 0.0325248 0.00019564 0.026957 0.0217431 -0.00208082 -0.00134938 0.0199892 -0.00304984 0.0256225 -0.0175942 -0.0476436 0.0268753 -0.00895404 -0.0130578 0.0288941 -0.0177124 -0.0163675 -0.00164895 0.0294397 0.016456 0.0256165 -0.0143208 0.0336499 0.0251991 0.00406146 0.000725508
internal_weight=7805.79 5577.46 2228.32 3673.21 1904.26 3308.62 1453.36 1136.3 2967.34 593.443 341.275 2909.07 1034.3 102.001 1634.88 364.59 475.9 423.465 30.9653 81.6945 392.5 69.9727 117.543 77.9463 72.2377 55.4681 294.617 171.401 45.161 44.3151
internal_count=838925 130456 708469 86769 43687 81114 27348 19378 71896 6269 9218 71255 17928 1450 702200 5655 4759 3742 292 14409 3450 746 1510 1004 970 538 4909 2434 5904 5898
is_linear=0
shrinkage=0.05


Tree=72
num_leaves=31
num_cat=0
split_feature=3 13 13 6 13 14 12 6 4 1 1 5 3 8 4 4 14 11 10 0 6 1 6 0 4 13 4 12 0 1
split_gain=1414.96 326.17 226.114 214.892 106.035 103.88 135.61 98.242 121.509 76.6497 20.8169 18.4836 18.1691 42.9252 39.7381 15.9349 15.0114 15.1895 21.4082 13.8007 26.8796 14.2752 11.9885 10.4001 8.90952 8.25661 7.96631 7.27344 7.2621 6.67688
threshold=0.8452991452991454 0.9979423868312759 0.73300330033003303 0.95000000000000007 0.65485893416927909 0.11651583710407241 0.22660960902548141 0.76388888888888895 0.9091524368313596 0.95754013329469723 0.91731416549789635 0.29982687078886788 0.94826048171275656 1.0000000180025095e-35 0.78573924488759916 0.3366858337652911 0.94868421052631591 0.86784613958684831 0.060737812911725968 0.46737588652482276 0.42261904761904767 0.73243725793896275 0.095454545454545472 1.0000000180025095e-35 0.55606320930666986 0.49890829694323152 0.82300358116475347 0.97315315315315332 0.079473684210526321 0.75189008964417325
decision_type=2 2 2 2 2 2 2 2 2 2 2 2 2 2 2 2 2 2 2 2 2 2 2 2 2 2 2 2 2 2
left_child=2 3 -1 5 23 6 28 9 -9 -7 11 15 13 14 27 29 17 18 -14 21 -21 -13 -17 -5 -12 -8 -25 -3 -2 -4
right_child=1 12 10 4 -6 7 25 8 -10 -11 24 19 16 -15 -16 22 -18 -19 -20 20 -22 -23 -24 26 -26 -27 -28 -29 -30 -31
leaf_value=-0.049204980074456353 0.024980356462184623 0.045632060174990524 -0.018170976579742131 -0.017942660542537417 0.048539871140715507 0.0055990604484190444 -0.048838466122056425 -0.040306063112556356 0.003908240302145931 0.024936492178453503 0.078488178676079642 -0.079863411451732411 -0.095748652642446322 0.044949053443353364 -0.19220842920280234 0.075579155736432618 0.050929210972708083 0.04591364763399057 0.026382120994392577 -0.031004960534817425 0.021658317250836889 -0.02146162119047814 0.01780065957432601 0.052764214644871146 0.016852608618594441 -0.015631270406716923 0.007997203206983914 -0.037899323985507785 -0.0007149897646834038 0.034028486893198179
leaf_weight=1410.7753083016723 29.483791332226247 3.9968162104487401 39.077991414815187 38.721290667774156 415.44689943641424 2580.0450264981482 216.1898685041815 237.61660666391253 449.04256659327075 639.46266184747219 10.075637370347978 12.158543460071085 3.6966009996831408 33.01127340644598 3.9773969762027255 11.378395106643437 383.33048536814749 163.05224419385195 122.29204774647951 44.365938970819116 53.384793261066079 75.044356768019497 42.554330660961568 10.553975260816513 14.023816701024769 20.493169387802482 170.15493088029325 7.4892121069133282 408.1659192123916 7.2649541534483424
leaf_count=658634 145 44 431 1592 14029 23475 89676 1788 3186 7283 112 88 85 855 40 77 13625 5141 2747 514 442 620 411 404 168 4188 4055 78 4939 53
internal_value=-0.000785378 0.0107852 -0.0407163 0.0064279 0.0336894 0.00264935 -0.0154731 0.00577788 -0.011392 0.00943989 -0.0020017 -0.00577199 0.0423104 0.0127465 -0.0559994 0.0115142 0.0444418 0.0358382 0.0227987 -0.015144 -0.00224386 -0.0296045 0.0299904 0.00557295 0.0426216 -0.0459632 0.0106117 -0.00883274 0.00101607 -0.00998793
internal_weight=7656.33 5936.22 1720.1 5215.38 634.877 4580.5 674.333 3906.17 686.659 3219.51 309.329 285.229 720.846 48.4747 15.4634 100.276 672.371 289.041 125.989 184.954 97.7507 87.2029 53.9327 219.43 24.0995 236.683 180.709 11.486 437.65 46.3429
internal_count=838925 177375 661550 154760 20080 134680 98948 35732 4974 30758 2916 2636 22615 1017 162 972 21598 7973 2832 1664 956 708 488 6051 280 93864 4459 122 5084 484
is_linear=0
shrinkage=0.05


Tree=73
num_leaves=31
num_cat=0
split_feature=3 15 13 13 1 6 13 6 11 6 13 1 1 0 0 13 10 2 4 3 0 6 6 21 4 2 1 13 5 15
split_gain=1325.62 446.54 223.499 93.0038 87.3232 73.5005 71.9026 64.5111 70.5702 54.2283 51.0345 47.9763 38.6637 39.2371 37.65 35.2076 24.8309 24.606 25.1496 21.777 20.0589 25.9757 26.0752 19.1342 15.2419 11.6943 11.3132 10.6034 7.90154 7.60237
threshold=0.8452991452991454 1.0000000180025095e-35 0.73300330033003303 0.94148770619358868 0.94395499108734415 0.86607142857142871 0.9979423868312759 0.42261904761904767 0.79261711247172417 0.95000000000000007 0.974521259331386 0.90498325035343308 0.94839989759344612 0.52041666666666686 0.45049019607843144 0.52657252888318362 0.85665362035225057 0.76506899055918676 0.57739470467585774 0.94826048171275656 0.42997198879551829 0.43650793650793657 0.10555555555555557 1.0000000180025095e-35 0.59657090219668085 0.6861407249466952 0.53948058114724795 0.61004928476980413 0.37255306353187551 1.0000000180025095e-35
decision_type=2 2 2 2 2 2 2 2 2 2 2 2 2 2 2 2 2 2 2 2 2 2 2 2 2 2 2 2 2 2
left_child=2 3 -1 7 5 6 10 11 15 12 -3 27 13 -5 -10 -9 -14 20 29 -8 23 22 -22 -4 -13 -25 -23 -2 -20 -19
right_child=1 4 17 9 -6 -7 19 8 14 -11 -12 24 16 -15 -16 -17 -18 18 28 -21 21 26 -24 25 -26 -27 -28 -29 -30 -31
leaf_value=-0.049141543286335229 -0.044742339998180718 0.015415170316603314 0.072322212219797885 -0.0038012538604173182 0.045579461549716808 0.050708302892038759 0.00011508418554256608 -0.0040568954359948744 -0.017939829764273416 0.04900226318640015 -0.021781913500761019 0.13584285141285735 0.027214216797258384 0.021385142568794899 0.0098371823896244159 0.010889577293247372 -0.042164885476896313 0.11900074451600401 0.033699368813297381 0.04664023068175227 0.022093058208492652 -0.017494612959917197 -0.032426971333176728 -0.054247974426831706 0.0079825248896150322 -0.012332039571618658 0.033220798529204475 -0.023490754175288675 -0.012360457529621428 0.052086991833654832
leaf_weight=1343.6603234719951 142.91507831611671 749.30816132924519 4.2336870077997437 546.57359125837684 619.64256432279944 199.52695784717798 28.37972841784358 680.72422465798445 708.91981673520058 93.974870774894953 105.1519835665822 2.4236811713781199 298.60591782815754 215.64235838130116 147.34877167921513 935.42331202258356 13.478719186037777 6.1684352513402709 14.520698402076958 221.10772284679115 31.634284453466535 13.586736951023338 71.49689509626478 40.885479961521924 60.826888912590221 28.060532882809639 57.674856537953019 99.602017977740616 25.953792238608003 13.611706111580133
leaf_count=658634 61701 10292 25 3677 20397 7537 539 41073 4702 3224 1057 100 2498 1705 1084 6744 126 45 138 7555 284 123 926 337 2058 211 445 1306 225 157
internal_value=-0.000764036 0.0103705 -0.0403376 0.000743426 0.0301265 0.0227805 0.0177328 -0.00423405 -0.00155462 0.01258 0.0108376 -0.0258997 0.0093939 0.00332436 -0.0131599 0.0045941 0.0242178 -0.00190837 0.0267461 0.0413479 -0.00888236 0.000337058 -0.0157036 -0.0308529 0.012882 -0.0371885 0.0235514 -0.0360143 0.00416405 0.072954
internal_weight=7521.06 5869.58 1651.49 3946.46 1923.12 1303.47 1103.95 2778.18 2472.42 1168.28 854.46 305.768 1074.3 762.216 856.269 1616.15 312.085 307.827 60.2546 249.487 247.572 174.393 103.131 73.1797 63.2506 68.946 71.2616 242.517 40.4745 19.7801
internal_count=838925 177375 661550 129998 47377 26980 19443 118768 53603 11230 11349 65165 8006 5382 5786 47817 2624 2916 565 8094 2351 1778 1210 573 2158 548 568 63007 363 202
is_linear=0
shrinkage=0.05


Tree=74
num_leaves=31
num_cat=0
split_feature=3 15 13 1 13 13 14 2 17 5 7 14 7 14 3 2 8 5 8 11 14 1 1 7 11 3 14 2 8 17
split_gain=1242.61 422.833 199.336 88.8443 88.6915 68.6979 64.1461 63.0885 48.9734 46.217 57.387 50.3762 39.2567 32.212 26.7077 23.94 22.5179 19.0527 18.8685 14.3983 14.2422 16.6917 20.2072 14.0744 12.765 9.32062 8.48345 7.6899 9.42125 7.4388
threshold=0.82972848596410509 1.0000000180025095e-35 0.77568613652357499 0.94395499108734415 0.9979423868312759 0.9979423868312759 0.71714285714285719 0.70087719298245621 0.63333333333333341 0.69811193154807361 0.89444444444444449 0.19615384615384621 0.38750000000000007 0.35504201680672276 0.94826048171275656 0.7590571802706243 1.0000000180025095e-35 0.29982687078886788 1.0000000180025095e-35 1.0000000180025095e-35 0.94281045751633996 0.93348815322499534 0.83925293634440234 0.38750000000000007 0.63593984940428183 0.59611795446061977 0.36038961038961043 0.57932875667429451 1.0000000180025095e-35 0.22500000000000003
decision_type=2 2 2 2 2 2 2 2 2 2 2 2 2 2 2 2 2 2 2 2 2 2 2 2 2 2 2 2 2 2
left_child=2 4 26 5 7 6 12 13 -8 11 -11 -9 -3 19 16 17 -7 27 -5 -2 21 22 -6 -17 -15 -19 -1 28 -4 -28
right_child=1 3 15 18 20 14 8 9 -10 10 -12 -13 -14 24 -16 23 -18 25 -20 -21 -22 -23 -24 -25 -26 -27 29 -29 -30 -31
leaf_value=-0.049359837437053716 -0.0056841766417135226 -0.032077310401833356 -0.013607085304608892 -0.033183271713250438 0.028607699662996696 -0.043174364916892916 0.0053512901170156254 -0.014061137158685497 -0.047699132244734987 -0.013397936882642786 0.0024907734339551582 0.025914300315738322 0.025913794538471993 0.095285148853841956 0.04748241484756463 0.063469848173389604 0.038647006202962297 -0.053423481756839558 0.046197468671814755 -0.044469618332196814 0.051227089563966745 0.044538614445252783 -0.022925405350936404 0.0068608110464170721 -0.0076130624278534969 -0.014678558595828417 0.033608965555816349 0.031599856951133959 0.029703876540097075 -0.048300663342384642
leaf_weight=1260.73735685274 28.930580717045814 30.499811263289303 40.377444516867399 7.5824135504662982 49.255303271114826 15.793980129063128 224.79536797478795 104.44852298893966 53.942481119185686 758.84394959779456 2263.2310071971733 321.05625676573254 675.95289162825793 3.0808959174901238 276.88529412634671 19.914607340469956 17.983062699437141 17.950282948091626 588.32029054779559 138.39108406146988 68.398773699998856 54.617494828999043 30.992164781317115 24.473201755434275 138.83473284728825 114.75635558273643 5.8087763809598965 28.301818552426994 18.222700234502554 5.3018358522094786
leaf_count=649591 2033 1215 360 53 945 149 2861 21185 437 14451 39121 2287 11646 24 10476 190 454 134 20374 54367 2034 1319 505 209 906 967 70 228 152 182
internal_value=-0.00074256 0.00976278 -0.0407697 0.0292087 0.000473356 0.0218608 0.0153961 -0.00126716 -0.00491524 0.000673381 -0.00149889 0.0161015 0.0234101 -0.0229016 0.042362 -0.00123237 0.000387733 -0.00800162 0.0451874 -0.0377635 0.0326425 0.023217 0.00870523 0.0322585 -0.00537921 -0.0199193 -0.0489765 0.0101977 -0.000138814 -0.00547722
internal_weight=7387.68 5851.84 1535.84 1891.76 3960.08 1295.85 985.191 3756.82 278.738 3447.58 3022.07 425.505 706.453 309.237 310.662 263.996 33.777 219.609 595.903 167.322 203.264 134.865 80.2475 44.3878 141.916 132.707 1271.85 86.902 58.6001 11.1106
internal_count=838925 186842 652083 47665 139177 27238 16159 134374 3298 77044 53572 23472 12861 57330 11079 2240 603 1841 20427 56400 4803 2769 1450 399 930 1101 649843 740 512 252
is_linear=0
shrinkage=0.05


Tree=75
num_leaves=31
num_cat=0
split_feature=3 15 13 1 6 6 13 13 1 14 0 6 14 14 3 11 11 1 6 6 0 4 4 18 14 4 13 7 13 0
split_gain=1164.84 395.529 197.13 87.9008 86.5974 73.514 73.5005 64.4981 62.6988 56.2416 51.1004 56.0164 37.2372 27.4783 23.6103 20.6079 16.962 13.4789 14.4601 21.0023 28.0142 18.9967 13.267 11.5998 13.3025 8.15729 7.33057 7.14721 6.93762 6.8132
threshold=0.82972848596410509 1.0000000180025095e-35 0.73300330033003303 0.93896677559912867 0.43650793650793657 0.86607142857142871 0.9979423868312759 0.9979423868312759 0.93896677559912867 0.71714285714285719 0.45049019607843144 0.6515151515151516 0.1731634182908546 0.21240601503759401 0.94826048171275656 0.60880842465776752 1.0000000180025095e-35 0.91731416549789635 0.10555555555555557 0.32051282051282054 0.45049019607843144 0.14412725173692112 0.67082513828889978 1.0000000180025095e-35 0.88348416289592768 0.55606320930666986 0.62782210151077933 0.38750000000000007 0.84877072612921667 0.097800095648015326
decision_type=2 2 2 2 2 2 2 2 2 2 2 2 2 2 2 2 2 2 2 2 2 2 2 2 2 2 2 2 2 2
left_child=2 4 -1 5 8 7 10 9 13 -3 11 -6 -12 16 -9 -15 -2 18 21 -20 -21 -4 -10 -8 -25 -19 -5 -28 -23 -24
right_child=1 3 17 26 6 -7 23 14 22 -11 12 -13 -14 15 -16 -17 -18 25 19 20 -22 28 29 24 -26 -27 27 -29 -30 -31
leaf_value=-0.049177088654533241 -0.0086335806683133336 0.017781430463086691 -0.015643203277289637 0.012798745105048706 -0.012554759062314388 0.05045577059403409 0.039866161862574537 -0.00041915408726412819 0.12101596761278598 -0.010746824371663528 -0.0055268264948111724 0.0031828000414207097 0.020264246275507679 0.079377525225811887 0.045842734727802759 -0.017756680632193982 -0.049204952022273332 0.076036293349388981 -0.043288483693973936 -0.025458873715346293 0.013746234755489993 -0.015697315398702266 0.054366097537406004 -0.028304957291861541 0.036025680053041784 0.0066831856893956199 0.012125094469441938 0.045800450036763987 0.072041077224560796 0.012471050620631075
leaf_weight=1198.0543503694935 31.496235307538882 575.58694941597059 15.422811992466448 18.345753475092351 830.18403048114851 178.34833504073322 150.01684608124197 32.117264235392213 3.9046757491305462 246.85485131666064 191.7427055160515 1773.0264547830448 518.13577414280735 5.5987575214821836 195.22532151266932 221.03985476796515 141.50069351471029 8.3578781262040156 38.628125492483377 78.796794672496617 108.04162949044257 2.6271664975211051 13.862179951043798 14.688847782090305 17.742596104741096 8.6052764467895013 16.195619765669107 580.76789182983339 15.821665514260529 32.354069075779989
leaf_count=649435 2703 8663 122 204 16451 7238 3945 561 55 2283 15049 23579 3682 118 7260 1899 70336 94 625 622 910 81 170 192 404 100 356 21100 94 594
internal_value=-0.000720518 0.00938484 -0.040397 0.028505 0.000450922 0.0207769 0.00310806 0.0157347 -0.0202006 0.00921871 0.00140664 -0.00183603 0.0132979 -0.0268119 0.0393072 -0.0153571 -0.0418184 -0.00232624 -0.00515064 -0.00972679 -0.00278803 0.0253105 0.0325144 0.0340043 0.00688905 0.040854 0.0439301 0.0448868 0.0595469 0.0250371
internal_weight=7263.09 5788.74 1474.36 1843.44 3945.29 1228.13 3495.54 1049.78 449.756 822.442 3313.09 2603.21 709.878 399.636 227.343 226.639 172.997 276.301 259.338 225.467 186.838 33.8716 50.1209 182.448 32.4314 16.9632 615.309 596.964 18.4488 46.2162
internal_count=838925 186842 652083 47665 139177 26005 63302 18767 75875 10946 58761 40030 18731 75056 7821 2017 73039 2648 2454 2157 1532 297 819 4541 596 194 21660 21456 175 764
is_linear=0
shrinkage=0.05


Tree=76
num_leaves=31
num_cat=0
split_feature=6 15 3 14 1 6 6 14 0 11 14 10 14 3 6 3 2 2 2 22 0 1 11 1 17 14 1 9 1 6
split_gain=1099.18 389.074 127.361 102.698 94.657 74.935 71.7053 60.9111 57.3105 52.6357 47.8585 45.7126 44.5142 21.4417 19.0517 31.6581 17.1172 14.5369 14.3999 15.3975 12.4848 11.7431 11.1951 14.5392 10.5447 10.0618 9.52037 8.29189 7.88907 7.02116
threshold=0.32051282051282054 1.0000000180025095e-35 0.86425061425061434 0.37171052631578955 0.93896677559912867 0.86607142857142871 0.95000000000000007 0.2752525252525253 0.059714795008912663 0.96216660739687077 0.94281045751633996 0.20603395997574289 0.30217391304347835 0.87585616438356173 0.11437908496732027 0.97498436522826781 0.56980519480519487 0.37089947089947101 0.7748518762343648 1.0000000180025095e-35 0.41742424242424248 0.89333845366103437 1.0000000180025095e-35 0.79375571530176814 0.63333333333333341 0.81101190476190488 0.97336652441915616 0.19292803970223329 0.91112278244631195 0.24038461538461542
decision_type=2 2 2 2 2 2 2 2 2 2 2 2 2 2 2 2 2 2 2 2 2 2 2 2 2 2 2 2 2 2
left_child=3 2 12 21 5 9 8 24 26 11 -10 -3 22 -11 17 27 25 -5 20 -20 -14 -1 23 -2 -8 -17 -4 -16 -18 -29
right_child=1 4 6 14 -6 -7 7 -9 10 13 -12 -13 18 -15 15 16 28 -19 19 -21 -22 -23 -24 -25 -26 -27 -28 29 -30 -31
leaf_value=-0.049271572819967538 -0.044722636136695498 -0.016290229914340194 0.06288160762984038 -0.0050609628255475422 0.043603847609301805 0.050321771936792117 0.0057838959316945313 0.045596426492237462 -0.0021191989143695285 0.0028501421189961415 0.050845773007918406 0.013570677280954461 -0.040414623835630242 0.032582673386642377 -0.068877458634602914 -0.081596911917941828 0.010919431636337046 0.056992456565480326 -0.0070711347232337565 0.067055848947425042 0.0016009286517825331 0.014324558394142853 -0.049423247997598584 0.05722124936258214 -0.17193721262319828 0.026576229433583461 0.027943281971221604 -0.047790203520123919 0.058710763605708177 0.0064088225165398905
leaf_weight=1083.626024385565 8.723063867306335 173.63835405930877 28.012650122400373 18.433873941190541 591.78595210704952 170.45087910629809 213.18793861404993 163.83988253958523 3223.2888510748744 72.099582951515913 43.222192991524935 489.39507171267178 31.701213598251343 381.39492315798998 21.059937614947557 7.1719052642583829 37.429341826587915 19.339945670217276 16.183696258813143 12.352508950978519 39.977781730238348 7.3076793875079593 180.520806157263 5.8384227948263279 0.83791526779532333 3.0698555987328291 64.146958891302347 15.054349396843465 11.224687008187173 9.9081166293472034
leaf_count=606988 2769 2206 292 141 21666 7241 6000 5301 70964 605 1202 7239 311 8483 206 50 372 160 125 90 487 814 93015 813 7 64 903 175 147 89
internal_value=-0.000699165 0.00826071 -0.000496287 -0.0436281 0.0270533 0.0194429 0.00200194 0.0226522 -0.000321308 0.0147289 -0.00141837 0.00575056 -0.0321076 0.0278556 -0.00373862 -0.0147011 0.00957788 0.02671 -0.00502239 0.0250163 -0.0169811 -0.0488456 -0.0460214 -0.00384827 0.00508811 -0.0491732 0.0385631 -0.0457713 0.0219451 -0.0262775
internal_weight=7144.22 5910.6 4031.83 1233.63 1878.76 1286.98 3736.54 377.866 3358.67 1116.53 3266.51 663.033 295.297 453.495 142.692 104.918 58.8958 37.7738 100.215 28.5362 71.679 1090.93 195.082 14.5615 214.026 10.2418 92.1596 46.0224 48.654 24.9625
internal_count=838925 229719 182279 609206 47440 25774 84669 11308 73361 18533 72166 9445 97610 9088 1404 1103 633 301 1013 215 798 607802 96597 3582 6007 114 1195 470 519 264
is_linear=0
shrinkage=0.05


Tree=77
num_leaves=31
num_cat=0
split_feature=6 13 6 13 10 13 13 17 11 0 3 8 4 6 5 13 4 11 10 18 0 2 1 1 11 0 9 20 10 4
split_gain=1033.87 266.327 183.579 116.628 147.064 107.934 99.6537 89.2859 78.2335 31.3111 29.6526 30.4109 30.2235 21.5411 34.3787 17.6906 17.5099 16.7761 21.4886 15.7217 15.309 15.0154 14.8895 13.4495 12.3453 10.4275 9.59747 9.28398 8.68881 8.03489
threshold=0.32051282051282054 0.9979423868312759 0.95000000000000007 0.57544101704937434 0.93969696969696981 0.80901722391084108 0.68989800874210794 0.55000000000000016 0.96216660739687077 0.52041666666666686 0.98076211616722175 1.0000000180025095e-35 0.70713825151378018 0.11437908496732027 0.60412511091216492 0.47836488454337434 0.15590720336335895 0.89043787753465187 0.060737812911725968 1.0000000180025095e-35 0.30860805860805868 0.8166139695314748 0.89333845366103437 0.93348815322499534 0.64655293661186308 1.0000000180025095e-35 0.20204081632653065 0.099999994039535536 0.19163509180996796 0.82300358116475347
decision_type=2 2 2 2 2 2 2 2 2 2 2 2 2 2 2 2 2 2 2 2 2 2 2 2 2 2 2 2 2 2
left_child=5 2 3 4 15 22 25 8 -5 -9 11 12 -3 16 20 -2 -7 18 23 -20 21 -15 28 -12 -16 -4 -22 -6 -1 -27
right_child=1 10 6 7 27 13 -8 9 -10 -11 17 -13 -14 14 24 -17 -18 -19 19 -21 26 -23 -24 -25 -26 29 -28 -29 -30 -31
leaf_value=0.39273342121685645 -0.048398287479896274 0.011209680899354209 -0.018244370131769577 0.006365989954639455 0.00020577685857659474 -0.012216178298869014 0.048013440918621038 -0.010962330171049885 0.03272364083088726 0.0085575661178620283 -0.14599094102788138 0.036554506106634375 -0.078460415835378605 0.10482550109190195 0.13948284979305556 -0.016662595811119708 0.057061445018866376 0.049026252007327235 0.040086792076254089 0.00039160962759198246 -0.076333938465221185 -0.039936180170240601 0.018949317435841301 0.052242296469410671 0.015793900549627298 0.050851539221306023 -0.031727657671793842 0.036580150412151451 -0.049455869339685869 0.0074312759649842776
leaf_weight=0.11110426485538383 263.05823110754136 27.953754004091024 39.36150374636054 2345.4463173542172 416.12947205663659 15.002936769276856 342.69868678227067 961.17799889226444 319.92776462621987 261.28601947519928 2.757705725729465 59.699210284277797 14.155557569116352 3.5344614163041106 2.1334202066063872 52.711608737939969 23.264201520942152 368.57394241541624 136.11869021318853 30.540375282987952 17.874009248800576 3.6321041043847799 8.0279938760213536 1.2405626233667133 37.077968765050173 11.353250767104326 37.064850920811296 18.314206077600829 1033.2761160547379 173.12774363905191
leaf_count=1 132239 236 1620 20397 6445 101 13871 8069 4763 2255 57 1405 129 41 15 12444 194 16085 4137 697 169 35 822 38 395 422 416 238 607017 4172
internal_value=-0.000677811 0.00794279 0.00419727 0.000915297 -0.0171342 -0.0433475 0.0310655 0.00439821 0.00952973 -0.0067902 0.0383525 0.0136037 -0.018934 -0.00205993 -0.0141314 -0.0431006 0.0299006 0.0430252 0.0300645 0.0328126 -0.0372741 0.0314585 -0.0488814 -0.0844841 0.0225236 0.00511862 -0.04624 0.00173916 -0.0494083 0.0101034
internal_weight=7026.63 5845.63 5204.59 4638.05 750.214 1181 566.541 3887.84 2665.37 1222.46 641.04 101.809 42.1093 139.584 101.317 315.77 38.2671 539.231 170.657 166.659 62.1054 7.16657 1041.42 3.99827 39.2114 223.842 54.9389 434.444 1033.39 184.481
internal_count=838925 229719 206935 186850 151366 609206 20085 35484 25160 10324 22784 1770 365 1366 1071 144683 295 21014 4929 4834 661 76 607840 95 410 6214 585 6683 607018 4594
is_linear=0
shrinkage=0.05


Tree=78
num_leaves=31
num_cat=0
split_feature=6 15 3 13 1 6 13 11 13 12 12 13 13 1 22 8 13 3 6 5 1 0 9 3 9 11 15 11 1 9
split_gain=972.217 346.184 112.967 106.624 93.9186 72.124 62.6882 61.3325 56.0657 54.1675 48.3049 59.1434 47.3579 38.2424 32.5063 27.3855 26.3206 22.8883 19.6635 31.2213 14.4959 13.9158 13.3507 11.2736 11.0068 10.728 11.1262 9.59532 13.3836 9.03349
threshold=0.32051282051282054 1.0000000180025095e-35 0.83484848484848495 0.80901722391084108 0.93896677559912867 0.86607142857142871 0.94148770619358868 0.79261711247172417 0.9979423868312759 0.90946348733233984 0.92068331397599701 0.974521259331386 0.974521259331386 0.94839989759344612 1.0000000180025095e-35 1.0000000180025095e-35 0.68989800874210794 0.94826048171275656 0.11437908496732027 0.60412511091216492 0.89333845366103437 0.30860805860805868 0.077677224736048281 0.38148742643124672 1.0000000180025095e-35 0.64655293661186308 1.0000000180025095e-35 1.0000000180025095e-35 0.79375571530176814 0.20881782945736438
decision_type=2 2 2 2 2 2 2 2 2 2 2 2 2 2 2 2 2 2 2 2 2 2 2 2 2 2 2 2 2 2
left_child=3 2 16 20 5 8 7 9 12 -4 13 -12 -3 -8 -9 24 27 -10 23 21 -1 22 -20 -5 -6 -21 -27 28 -2 -23
right_child=1 4 6 18 15 -7 10 14 17 -11 11 -13 -14 -15 -16 -17 -18 -19 19 25 -22 29 -24 -25 -26 26 -28 -29 -30 -31
leaf_value=-0.049343514544987893 -0.05022949557679432 0.012351630841283545 0.0048336014317934377 -0.002810192790274993 0.013326588099597886 0.050041320485054025 0.015511273544094982 -0.017594348147021575 0.0096987154125933017 -0.035887884069287591 -0.0089644717776097942 0.019776976464757973 -0.022325786822709692 0.049724590061226953 0.0077473664085453047 0.044322025648832114 -0.010183458542168674 0.045082237909735201 -0.063620698901578746 0.12895615690705625 0.017859937728263824 -0.073644270701353418 0.080537510525481346 0.052418577259652301 -0.10092853017649742 -0.013432497526213026 0.041506262526269794 -0.049114909940160954 0.054928538148888276 -0.030156958614495674
leaf_weight=984.2561378342798 6.7415431854315084 744.49301227158867 1645.374765603221 16.140017189085484 4.0330434367060644 155.66552013345063 279.47780109755695 745.35754375741817 62.682958632707596 85.929132260382175 403.75699174962938 321.52636352553964 113.45967430248857 115.40180705673993 152.41919954214245 546.34198841825128 78.084784297272563 168.72743953950703 2.4645791202783576 2.1906309761106959 8.0901396529516187 17.640271068550646 4.6106388960033655 21.613630199804902 4.4158757850527763 17.762189716100693 19.1532620806247 147.81110221915878 5.489484939025715 36.967410579323769
leaf_count=607018 2501 9593 72802 111 36 7241 2138 5138 832 466 2870 4708 1055 1405 1052 21604 1002 7053 22 15 822 170 54 184 26 126 269 87427 770 415
internal_value=-0.000657465 0.00762835 -0.000587666 -0.0430591 0.0258303 0.0182059 0.00153331 -0.00268686 0.0136568 0.00281249 0.0114383 0.00377694 0.00776573 0.02551 -0.013292 0.0429406 -0.0339819 0.0354978 -0.00196989 -0.0134986 -0.0487956 -0.0356565 0.0303215 0.0288078 -0.0463895 0.0214515 0.015072 -0.0455931 -0.00303285 -0.0442049
internal_weight=6918.08 5787.19 3987.37 1130.89 1799.82 1245.03 3749.24 2629.08 1089.36 1731.3 1120.16 725.283 857.953 394.88 897.777 554.791 238.127 231.41 138.543 100.789 992.346 61.6829 7.07522 37.7536 8.44892 39.1061 36.9155 160.042 12.231 54.6077
internal_count=838925 229719 182279 609206 47440 25774 90579 79458 18533 73268 11121 7578 10648 3543 6190 21666 91700 7885 1366 1071 607840 661 76 295 62 410 395 90698 3271 585
is_linear=0
shrinkage=0.05


Tree=79
num_leaves=31
num_cat=0
split_feature=6 15 13 2 0 13 14 13 5 6 0 14 13 11 8 1 11 6 5 0 1 4 8 9 1 13 1 0 2 0
split_gain=914.495 321.858 104.959 103.307 92.9039 68.322 65.3881 60.4111 51.4948 77.0811 65.6661 41.0987 37.3333 35.8944 21.1127 22.0863 19.9611 17.9527 28.436 16.5619 16.3029 15.3949 14.767 22.9335 14.1264 14.1042 13.1229 12.7191 16.9986 12.574
threshold=0.32051282051282054 1.0000000180025095e-35 0.80901722391084108 0.70087719298245621 0.16843971631205676 0.9979423868312759 0.71714285714285719 0.9979423868312759 0.69811193154807361 0.6515151515151516 0.18274582560296851 0.35504201680672276 0.974521259331386 0.89043787753465187 1.0000000180025095e-35 0.88800900900900914 1.0000000180025095e-35 0.11437908496732027 0.60412511091216492 0.51754926108374399 0.71166962266033484 0.15590720336335895 1.0000000180025095e-35 0.10471491228070177 0.89333845366103437 0.56675579322638159 0.54654741393871842 0.33630952380952389 0.8166139695314748 0.16843971631205676
decision_type=2 2 2 2 2 2 2 2 2 2 2 2 2 2 2 2 2 2 2 2 2 2 2 2 2 2 2 2 2 2
left_child=2 3 24 11 14 6 13 8 10 -10 -5 16 -8 -6 15 -3 20 21 27 29 -2 -4 23 -7 -1 -16 -21 28 -19 -13
right_child=1 4 17 7 5 22 12 -9 9 -11 -12 19 -14 -15 25 -17 -18 18 -20 26 -22 -23 -24 -25 -26 -27 -28 -29 -30 -31
leaf_value=-0.049274624166035459 -0.049682408129746281 0.040092192218684042 -0.011718846251837509 0.05612466781974941 0.0058245663552724727 -0.028055289049212374 0.0050164185053477514 0.031547156674295182 -0.012840185753020828 0.0041647756011221884 0.0071668589958780587 0.059098125578327457 -0.032721014267502596 0.028949334795844703 -0.012395485728757106 -0.064424170106926471 -0.045346601855942671 0.09954402153768821 0.020712938310402523 -0.016203427137926201 0.024138065271781049 0.053848466335899792 0.046116650531601917 0.035600374154268387 0.016839940555664554 0.048497025478223522 0.026694601177759954 -0.042995637828540649 -0.045862429679622556 -0.023322806427097661
leaf_weight=937.52983100782149 11.772043852717614 11.80806064209901 14.895252607762812 85.376874419976957 267.75684667658061 18.347507208585739 194.3989843595773 166.66618790663779 1011.2175815257942 1954.3186318991939 346.31316672521643 4.8430219255387774 98.869757808744907 449.54538767971098 9.7302444549277407 8.8379933410324139 187.68528100149706 3.8918414153158647 38.496933855116367 28.393832399509847 20.509395316010341 22.438887614756823 218.85814699344337 61.837705621495843 8.1495799840195087 419.26949123851955 47.907895617187023 53.178462362848222 4.1566827744245529 103.94697878882289
leaf_count=607018 2222 157 101 1537 4956 329 2562 4546 23690 27047 24020 34 1107 8558 91 64 96332 46 410 255 1354 194 9795 1928 822 17893 402 576 39 840
internal_value=-0.000637352 0.00732807 -0.0427784 -0.000562709 0.02513 0.0183973 0.0121849 0.00215681 0.000714937 -0.00163374 0.0168494 -0.0244903 -0.00770601 0.0203172 0.0447391 -0.00464831 -0.0391 -0.00188635 -0.0129586 -0.00712791 -0.00278198 0.027689 0.0393913 0.0210351 -0.0487049 0.0471159 0.0107311 -0.0341299 0.0244485 -0.0196537
internal_weight=6810.95 5728.21 1082.74 3968.95 1759.26 1309.61 1010.57 3563.89 3397.23 2965.54 431.69 405.058 293.269 717.302 449.646 20.6461 219.967 137.058 99.7239 185.092 32.2814 37.3341 299.043 80.1852 945.679 429 76.3017 61.227 8.04852 108.79
internal_count=838925 229719 609206 182279 47440 29235 17183 80840 76294 50737 25557 101439 3669 13514 18205 221 99908 1366 1071 1531 3576 295 12052 2257 607840 17984 657 661 85 874
is_linear=0
shrinkage=0.05


Tree=80
num_leaves=31
num_cat=0
split_feature=3 15 14 1 13 13 14 14 2 11 14 14 0 11 17 3 8 2 0 21 8 1 4 2 13 10 13 1 14 13
split_gain=855.036 290.33 167.98 85.9655 65.5982 58.7014 58.3831 52.6832 51.4295 63.7418 45.5026 45.9614 39.9734 38.2347 37.2231 28.9816 20.8265 17.6797 18.2865 18.8834 16.3494 14.3454 13.6774 13.46 11.8117 11.0562 29.5461 8.3554 7.97373 7.89013
threshold=0.81892697466467967 1.0000000180025095e-35 0.26969696969696971 0.94395499108734415 0.94148770619358868 0.9979423868312759 0.7231800766283526 0.71714285714285719 0.70320320320320329 0.79261711247172417 0.58114035087719318 0.94281045751633996 0.15184453227931491 0.86784613958684831 0.63333333333333341 0.94826048171275656 1.0000000180025095e-35 0.75716625716625729 0.45049019607843144 1.0000000180025095e-35 1.0000000180025095e-35 0.84708196726872453 0.57739470467585774 0.6861407249466952 0.92356377799415779 0.077221228384019097 0.95898421853721072 0.66637959741408026 0.78416149068322993 0.92356377799415779
decision_type=2 2 2 2 2 2 2 2 2 2 2 2 2 2 2 2 2 2 2 2 2 2 2 2 2 2 2 2 2 2
left_child=2 4 -1 5 6 7 8 13 21 -10 25 12 -12 -3 -9 16 -7 18 19 -4 -5 -2 -19 -21 -8 26 -6 29 -26 -20
right_child=1 3 17 20 10 15 24 14 9 -11 11 -13 -14 -15 -16 -17 -18 22 27 23 -22 -23 -24 -25 28 -27 -28 -29 -30 -31
leaf_value=-0.049115407816963379 -0.038061838435261973 0.0019182781590987913 0.069857297587954351 -0.028824945710694473 -0.062142871099271857 -0.040355417929258119 0.081289267757382946 0.0030174566557993011 0.0027057010230870601 -0.014260515069674927 0.025942669566812571 0.050711369300586409 -0.00072433712287490592 0.028050718487136868 -0.042702374989032017 0.046079154072573403 0.037310148870547434 0.0690942704449065 -0.028308260034353917 -0.055742368160580882 0.044265345166979296 -0.011249023504602476 0.0035267049264293042 -0.0059577418617457502 0.017063150496765898 0.043314644112237469 0.096389752773074211 0.014815194126642832 0.071098900160377884 0.0024696930848516711
leaf_weight=927.15369599568658 138.61149205639958 204.27810912951827 4.3499907674267879 7.7778558209538451 8.2479256018996221 18.041938737034798 17.698266938328743 217.54206964932382 1645.1934885168448 834.35264096967876 171.59827289171517 56.023410093039274 776.11673789098859 444.63256995379925 55.97347067669034 217.13426654599607 16.549469601362944 13.821231361478565 32.7229977727402 38.25068859802559 469.42368550226092 77.931716924882494 18.734922698233277 21.047106019454077 26.030038800090551 114.83641077764332 4.566072452813386 64.890294265002012 9.2543826233595592 57.260286934673786
leaf_count=642318 52609 4514 30 53 49 160 97 2869 66699 5771 2398 2038 5965 8494 439 10476 467 149 1041 335 20388 9111 172 167 155 836 29 683 52 361
internal_value=-0.00061698 0.00762025 -0.0392909 0.0251794 0.000147841 0.0179066 -0.00402265 0.0120664 -0.00504411 -0.00300333 0.0102814 0.0067055 0.00410413 0.0198242 -0.00633886 0.0393076 -0.0031981 -0.00301187 -0.00813308 -0.0306955 0.0430741 -0.0284122 0.0313624 -0.0380719 0.0479555 0.0383992 -0.00565219 0.00113929 0.0312356 -0.00872291
internal_weight=6710.05 5531.81 1178.23 1651.35 3880.46 1174.15 2749.07 922.426 2696.09 2479.55 1131.39 1003.74 947.715 648.911 273.516 251.726 34.5914 251.078 218.521 63.6478 477.202 216.543 32.5562 59.2978 52.9827 127.65 12.814 154.874 35.2844 89.9833
internal_count=838925 193669 645256 47860 145809 27419 134494 16316 134190 72470 11315 10401 8363 13008 3308 11103 627 2938 2617 532 20441 61720 321 502 304 914 78 2085 207 1402
is_linear=0
shrinkage=0.05


Tree=81
num_leaves=31
num_cat=0
split_feature=6 15 13 3 6 1 6 13 0 13 6 0 13 3 6 7 4 0 2 4 13 2 0 11 1 9 11 1 1 10
split_gain=814.35 278.27 100.949 94.5613 91.871 73.0606 57.6336 57.8917 51.945 49.8033 42.8121 37.6305 34.727 22.1057 16.4927 22.6394 14.6651 14.5787 12.9453 21.8424 12.0345 12.0177 11.9448 11.031 11.6604 10.0453 9.34496 9.12893 9.02629 8.09555
threshold=0.32051282051282054 1.0000000180025095e-35 0.77568613652357499 0.86425061425061434 0.86607142857142871 0.93896677559912867 0.95000000000000007 0.73300330033003303 0.059714795008912663 0.9979423868312759 0.78888888888888908 0.45534290271132377 0.73300330033003303 0.94826048171275656 0.087121212121212141 0.5634920634920636 0.15590720336335895 0.30860805860805868 0.7748518762343648 0.57739470467585774 0.58434262366846645 0.8166139695314748 0.41742424242424248 1.0000000180025095e-35 0.79375571530176814 0.20881782945736438 0.64655293661186308 0.97336652441915616 0.89333845366103437 0.76409794360822569
decision_type=2 2 2 2 2 2 2 2 2 2 2 2 2 2 2 2 2 2 2 2 2 2 2 2 2 2 2 2 2 2
left_child=2 3 28 12 5 9 8 -8 27 10 -3 -10 23 -11 16 17 -4 21 22 -20 29 -16 -14 24 -2 -19 -17 -5 -1 -6
right_child=1 4 14 6 20 -7 7 -9 11 13 -12 -13 18 -15 15 26 -18 25 19 -21 -22 -23 -24 -25 -26 -27 -28 -29 -30 -31
leaf_value=-0.049200731742937431 -0.043798241690363345 0.010074330939886756 -0.011850426177891865 0.061623849512315323 -0.033241449441893098 0.038588048737483442 0.0040066184731169614 0.044867536095086959 -0.0044632457846895341 0.0082702243250296712 -0.028460719746488335 0.0084111945298847631 -0.040891885454062055 0.044072901972816783 0.098959103644560509 0.11570095636809824 0.052733732492532825 -0.068097827973828406 0.10453026459709996 -0.0013605533559013603 0.050797451635839687 -0.025443807736998815 0.00021100031876113181 -0.048465062385946334 0.048294874777675904 -0.024479945368693169 0.012277416789204323 0.026695651039242197 0.0077870742776704376 0.077610606957449257
leaf_weight=847.68371956411283 7.5280171745689568 757.29581814154517 15.027163809165357 26.759124009404331 7.0424688588827831 338.41592524480075 213.66290806862526 145.86073832213879 2492.1162052778527 60.750341571867466 79.65825751889497 734.96048548875842 31.830940470099449 148.50557020679116 3.7592346854507914 2.3352547343820325 21.175820972770452 19.085189895704389 6.2304259613156345 22.302087616175413 288.66095934715122 4.0144908241927624 39.747015276923776 143.94679892272688 6.3251094853039831 42.806828936096281 33.750353800132871 62.169335714541376 7.00583350600209 2.1497893296182156
leaf_count=606876 2769 9859 108 292 71 12568 6021 5287 41480 832 789 30686 354 7053 46 16 199 219 41 179 16250 40 486 92968 813 512 381 903 809 18
internal_value=-0.000596909 0.00679489 -0.0422484 -0.000484271 0.0238127 0.0183937 0.00156932 0.0205841 -0.000492273 0.0118615 0.0064067 -0.00153112 -0.0297504 0.0336788 -0.00320203 -0.0131738 0.0259261 -0.0298239 -0.00671574 0.021762 0.049004 0.0347152 -0.0180676 -0.044364 -0.00175004 -0.0379301 0.0189704 0.0372058 -0.0487336 -0.00731653
internal_weight=6612.56 5615.92 996.644 3933.44 1682.48 1384.63 3675.53 359.524 3316.01 1046.21 836.954 3227.08 257.91 209.256 141.954 105.751 36.203 69.6657 100.11 28.5325 297.853 7.77373 71.578 157.8 13.8531 61.892 36.0856 88.9285 854.69 9.19226
internal_count=838925 229719 609206 182279 47440 31101 84669 11308 73361 18533 10648 72166 97610 7885 1521 1214 307 817 1060 220 16339 86 840 96550 3582 731 397 1195 607685 89
is_linear=0
shrinkage=0.05


Tree=82
num_leaves=31
num_cat=0
split_feature=3 15 14 0 13 14 12 14 14 17 13 11 13 14 18 17 3 12 14 13 14 5 4 12 5 1 4 0 1 12
split_gain=752.459 252.288 163.326 83.7022 64.4045 59.2894 92.4467 53.1302 49.16 46.3814 41.1278 50.9539 102.261 41.0073 39.91 33.8714 25.887 20.7178 13.8693 13.8386 13.3683 10.2596 10.2138 9.94937 9.62041 13.434 12.5567 10.8703 10.4962 8.80436
threshold=0.81892697466467967 1.0000000180025095e-35 0.26969696969696971 0.16843971631205676 0.9979423868312759 0.44949494949494956 0.7756861365235751 0.71714285714285719 0.94281045751633996 0.87500000000000011 0.91577525053484987 0.48545991045991055 0.49890829694323152 0.4188596491228071 1.0000000180025095e-35 0.63333333333333341 0.94826048171275656 0.95548478414720461 0.15707236842105265 0.56675579322638159 0.54772727272727284 0.37255306353187551 0.69346300319273613 0.71892556179775291 0.29982687078886788 0.91731416549789635 0.3366858337652911 0.45049019607843144 0.88283236087583938 0.75083892617449677
decision_type=2 2 2 2 2 2 2 2 2 2 2 2 2 2 2 2 2 2 2 2 2 2 2 2 2 2 2 2 2 2
left_child=2 5 -1 19 7 10 20 14 9 -8 11 18 -13 29 -5 -9 22 -15 -2 -3 23 -21 -6 -7 26 27 -4 28 -26 -12
right_child=1 3 24 4 16 6 8 15 -10 -11 13 12 -14 17 -16 -17 -18 -19 -20 21 -22 -23 -24 -25 25 -27 -28 -29 -30 -31
leaf_value=-0.049003506369441507 0.0023357028874304163 -0.014839019588995679 -0.0096816423956256007 0.022856295179788599 0.028571686778309537 0.053692736726572925 0.0059300564937939341 0.0016620744846723686 0.050572958803066295 -0.012524004310668763 0.097911677002648911 -0.048454545044511653 -0.0078147247525382525 -0.0037646700586665806 -0.018827856291616089 -0.041504417618398896 0.045944991200201957 0.10948726859937222 0.093875976642089812 0.0030416643114445936 0.064447788013421145 0.046563626027094608 -0.028944957753582846 0.018909610958942346 -0.04759839253371205 0.04501823586862444 0.027180784919412428 -0.0028269676893345462 -0.0048085829804462915 0.035182252015544251
leaf_weight=841.72569155134261 610.27598169387784 9.9028524421155435 43.44343043374829 591.78198351128958 14.142339190468194 34.126410763710737 1473.94597979635 215.73886886425316 52.79977123439312 442.76693110913038 18.342594183981422 189.17610344907735 851.60024876834359 57.043780785053968 63.592750944779254 57.571489050984383 216.11388468462974 4.3459042850881806 4.1660477272234848 14.043125636875628 54.241508815437555 378.81590324640274 16.99339696392417 51.711482124403119 36.183648887323216 10.201129108667372 49.339142916724086 84.774567852728069 23.730702009983361 8.0478804744780046
leaf_count=642318 10091 97 640 12544 258 232 10059 3106 2038 4471 121 104044 13517 406 1506 472 11439 32 24 308 408 17822 308 320 297 131 537 1113 220 46
internal_value=-0.000577087 0.0070298 -0.0385018 0.023864 0.0171262 0.000131537 0.00576962 0.0110885 0.0029782 0.00166711 -0.00669236 -0.00846109 -0.0152016 0.0266594 0.0188116 -0.00743074 0.0398041 0.00425267 0.00295637 0.0435364 0.0450168 0.0450079 -0.00282 0.0327383 -0.00281153 -0.0104385 0.00992075 -0.0143484 -0.0306503 0.0787821
internal_weight=6520.69 5431.29 1089.4 1578.7 1175.93 3852.59 2109.59 928.685 1969.51 1916.71 1743 1655.22 1040.78 87.7802 655.375 273.31 247.25 61.3897 614.442 402.762 140.079 392.859 31.1357 85.8379 247.673 154.89 92.7826 144.689 59.9144 26.3905
internal_count=838925 193669 645256 47860 29633 145809 17528 17628 16568 14530 128281 127676 117561 605 14050 3578 12005 438 10115 18227 960 18130 566 552 2938 1761 1177 1630 517 167
is_linear=0
shrinkage=0.05


Tree=83
num_leaves=31
num_cat=0
split_feature=6 15 13 6 3 1 6 13 0 13 14 14 14 3 6 5 4 0 2 4 2 13 11 1 2 1 1 11 15 9
split_gain=724.854 240.294 96.8628 91.187 82.2358 68.8565 53.1205 55.1081 47.7981 45.7689 44.3805 37.898 37.4027 20.8254 15.3646 23.3935 13.1744 11.9742 13.6095 11.882 33.2738 11.8417 11.7147 10.9426 10.5224 8.95172 8.74242 8.24747 7.8722 7.65346
threshold=0.32051282051282054 1.0000000180025095e-35 0.77568613652357499 0.86607142857142871 0.86425061425061434 0.93896677559912867 0.95000000000000007 0.73300330033003303 0.059714795008912663 0.9979423868312759 0.71714285714285719 0.30217391304347835 0.94281045751633996 0.94826048171275656 0.087121212121212141 0.60412511091216492 0.15590720336335895 0.30860805860805868 0.8166139695314748 0.57739470467585774 0.69282051282051305 0.58434262366846645 1.0000000180025095e-35 0.79375571530176814 0.82426470588235301 0.89333845366103437 0.97336652441915616 0.64655293661186308 1.0000000180025095e-35 0.20881782945736438
decision_type=2 2 2 2 2 2 2 2 2 2 2 2 2 2 2 2 2 2 2 2 2 2 2 2 2 2 2 2 2 2
left_child=2 4 25 5 11 9 8 -8 26 10 -3 22 -10 -11 16 17 -4 18 -16 20 -13 -5 23 -2 -21 -1 -6 -17 -29 -19
right_child=1 3 14 21 6 -7 7 -9 12 13 -12 19 -14 -15 15 27 -18 29 -20 24 -22 -23 -24 -25 -26 -27 -28 28 -30 -31
leaf_value=-0.049089541779406505 -0.043257848931976012 0.013628021322759471 -0.010881641566476134 -0.0068051171012781173 0.060395731748325909 0.037499876313235737 0.003935408603504797 0.044436585483994678 -0.002068192358467245 0.0080589966512734246 -0.011202953162934322 -0.011575433405158642 0.050147456781889845 0.043338323747252265 0.10521805721861227 0.10722622187777116 0.050840402469794647 -0.065573461213660186 -0.033630273185512635 -0.03341998823805295 0.083731166532143964 0.050707225242318292 -0.049104424902714959 0.047377403479866916 0.022097560320813728 0.0079437298536969205 0.025733308209672592 -0.011349728074270947 0.034862998717185796 -0.026569677634745676
leaf_weight=771.16946951719001 6.9724613374564779 561.06315275712404 14.875153923407195 9.2626555524766427 25.929192371899262 316.89580313209444 212.69512576051056 138.79583305772394 3182.2717768923612 60.364122381433845 264.91043408587575 34.465564151294529 34.6695009265095 136.24269692227244 3.2513192230835548 2.4009082522243252 20.643718523904681 18.375560933724046 3.8600558992475271 39.0457519935444 12.471843912266193 265.28570791147649 133.06218125671148 6.3749284031800926 10.922226410359142 6.9419554888736448 60.953242551768199 18.568462604656816 18.295061632990837 39.858485342934728
leaf_count=606876 2769 8267 108 89 292 12568 6021 5287 70964 832 2381 411 1202 7053 42 17 199 216 37 414 99 16250 93015 813 89 809 903 132 278 492
internal_value=-0.000558929 0.00629212 -0.0416892 0.0225163 -0.000424642 0.0171358 0.00144891 0.0199284 -0.000517104 0.010825 0.00566411 -0.028571 -0.00150546 0.0325065 -0.00342193 -0.0130693 0.0249915 -0.0313977 0.0298512 -0.00431582 0.0137487 0.0487669 -0.044625 3.1008e-05 -0.0212847 -0.0485807 0.036078 0.0174334 0.0115853 -0.0388772
internal_weight=6430.89 5512.65 918.24 1614.02 3898.63 1339.48 3655.31 351.491 3303.82 1022.58 825.974 243.315 3216.94 196.607 140.129 104.61 35.5189 65.3454 7.11138 96.9054 46.9374 274.548 146.41 13.3474 49.968 778.111 86.8824 39.2644 36.8635 58.234
internal_count=838925 229719 609206 47440 182279 31101 84669 11308 73361 18533 10648 97610 72166 7885 1521 1214 307 787 79 1013 510 16339 96597 3582 503 607685 1195 427 410 708
is_linear=0
shrinkage=0.05


Tree=84
num_leaves=31
num_cat=0
split_feature=6 15 13 6 3 1 6 14 13 1 6 14 14 8 4 3 6 5 4 10 13 12 1 1 1 4 6 1 10 12
split_gain=681.285 222.598 95.5277 90.0636 76.8148 66.0745 49.8078 53.2976 43.3633 41.6375 41.9143 40.2782 28.5574 25.1265 24.5875 20.4702 14.0249 21.2773 12.1394 11.684 11.659 10.4007 10.4184 9.3768 8.87436 8.81293 7.96309 7.42298 7.23559 6.80885
threshold=0.32051282051282054 1.0000000180025095e-35 0.77568613652357499 0.86607142857142871 0.83484848484848495 0.93896677559912867 0.95000000000000007 0.2752525252525253 0.9979423868312759 0.96927447552447565 0.76388888888888895 0.71714285714285719 0.30217391304347835 1.0000000180025095e-35 0.89170110672052882 0.94826048171275656 0.087121212121212141 0.60412511091216492 0.15590720336335895 0.24156877605153471 0.58434262366846645 1.0000000180025095e-35 0.79375571530176814 0.94395499108734415 0.88283236087583938 0.6396097125050052 0.72077922077922085 0.39013748597081938 0.76409794360822569 1.0000000180025095e-35
decision_type=2 2 2 2 2 2 2 2 2 2 2 2 2 2 2 2 2 2 2 2 2 2 2 2 2 2 2 2 2 2
left_child=2 4 24 5 12 8 9 -8 11 10 -6 -3 21 -7 -11 -10 18 23 -4 -14 28 22 -2 -18 -1 -21 -15 -20 -5 -26
right_child=1 3 16 20 6 13 7 -9 15 14 -12 -13 19 26 -16 -17 17 -19 27 25 -22 -23 -24 -25 29 -27 -28 -29 -30 -31
leaf_value=-0.049084482367454225 -0.050186945918955519 0.013069357444890371 -0.010388267243169212 -0.03114608378599755 -8.3595295924649831e-05 -0.050306606775882869 0.0036307181768055401 0.043896488237367901 0.0076980071875893249 0.049625078357535019 -0.016121718300693762 -0.010561095809753155 -0.030526226855418538 0.045151390632315568 0.0099172000796996802 0.042966717197233238 -0.034148898874429866 0.016795568978404632 -0.045647429275827343 0.022111697206836076 0.050653822296008691 -0.049299422762366346 0.046743339151056551 0.057612732996745311 0.053288171629115304 -0.036297609835321459 0.027957255180561247 0.058801893212212145 0.072675085139270207 -0.035461870714741599
leaf_weight=732.73597775981762 5.2198623860022035 555.92813250340987 14.804396408610044 7.0596081502735597 2423.0274900223594 8.0463210344314557 211.35969563527033 134.46500189229846 60.043486453592777 43.423893277533352 489.70918274170253 266.90709424391389 27.578605404123664 195.64039197470993 381.40405970928259 130.69089205935597 62.002642553299665 38.739088196307421 1.8740874463692332 34.694198654498905 252.60692240763456 116.29806815029588 5.9118776936084032 2.914904153905808 3.6740133594721538 7.9349897261708966 102.67989959847182 18.418659160844982 2.2015400789678097 5.2481380583485588
leaf_count=606060 2501 8267 108 71 69476 52 6007 5304 832 507 5093 2381 281 8299 4192 7053 746 427 27 428 16250 87639 770 41 74 81 4217 172 18 1551
internal_value=-0.000539793 0.0060385 -0.0413571 0.021848 -0.000405048 0.0165339 0.00122436 0.019287 0.0103835 -0.000647218 -0.00278003 0.00540423 -0.0307725 0.0368816 0.013976 0.0318641 -0.0032794 -0.0125293 0.0240394 -0.00516672 0.0486337 -0.04488 0.00129108 -0.0300287 -0.048481 0.0112394 0.0392333 0.0491557 -0.00646594 0.00108412
internal_weight=6343.24 5462.83 880.412 1581.8 3881.03 1319.94 3683.39 345.825 1013.57 3337.56 2912.74 822.835 197.638 306.367 424.828 190.734 138.754 103.657 35.0971 70.2078 261.868 127.43 11.1317 64.9175 741.658 42.6292 298.32 20.2927 9.26115 8.92215
internal_count=838925 229719 609206 47440 182279 31101 90579 11311 18533 79268 74569 10648 91700 12568 4699 7885 1521 1214 307 790 16339 90910 3271 787 607685 509 12516 199 89 1625
is_linear=0
shrinkage=0.05


Tree=85
num_leaves=31
num_cat=0
split_feature=6 15 14 6 3 1 6 14 0 14 14 0 18 8 1 12 10 6 0 6 9 7 23 1 17 4 4 12 7 1
split_gain=639.921 206.139 90.8834 88.7443 71.6363 63.4556 44.899 51.315 43.0016 36.9431 36.1225 35.2145 50.6109 27.3978 11.7868 11.4607 11.157 10.7727 10.6642 14.8244 12.6263 12.1488 9.87371 9.66837 9.44989 9.3343 8.92847 8.90855 8.70884 8.52345
threshold=0.32051282051282054 1.0000000180025095e-35 0.37171052631578955 0.86607142857142871 0.86425061425061434 0.92840996168582379 0.95000000000000007 0.2752525252525253 0.059714795008912663 0.56385869565217395 0.30217391304347835 0.48528138528138537 1.0000000180025095e-35 1.0000000180025095e-35 0.28812695059834653 1.0000000180025095e-35 0.26172161172161179 0.72077922077922085 0.34833164812942369 0.11437908496732027 0.18834459459459463 0.5634920634920636 1.0000000180025095e-35 0.89333845366103437 0.63333333333333341 0.15590720336335895 0.6396097125050052 0.50917508417508428 0.64583333333333337 0.97336652441915616
decision_type=2 2 2 2 2 2 2 2 2 2 2 2 2 2 2 2 2 2 2 2 2 2 2 2 2 2 2 2 2 2
left_child=2 4 23 5 10 11 8 24 29 -10 15 12 -3 -7 -13 22 -12 -15 20 25 28 -21 -2 -1 -8 -20 -18 -5 -4 -6
right_child=1 3 18 27 6 13 7 -9 9 -11 16 14 -14 17 -16 -17 26 -19 19 21 -22 -23 -24 -25 -26 -27 -28 -29 -30 -31
leaf_value=-0.048660847306181476 0.056694821647175465 0.0074067487640614108 -0.04899503995881585 0.0082831301982290578 0.059100985456650379 -0.052112079517565219 0.0041314668939299191 0.043486749288586757 -0.0061130680373842894 0.0046993475963817985 -0.023356033687045929 -0.17845030825628538 -0.033729981212204788 0.041120639704383156 0.020524411981150393 -0.048979698898147087 0.02554799973835636 0.0232101120337148 -0.009921348263498983 -0.034077327996895661 0.07985275837629198 0.010088981141213618 -0.032737792336952481 0.0086008068407869686 -0.16111340652398365 0.044523471782062958 -0.017407851386222573 0.050700439931694222 0.028230255379323884 0.024393993229458372
leaf_weight=705.06886046414729 4.8583206357434383 434.59211850119755 5.4977265074849173 13.061033972539006 25.161729430314153 9.2310636658221465 210.33726740675047 128.88094270974398 1807.0381781203905 1403.6483443211764 41.869776201434433 0.74570741306524624 90.30620386544615 248.90416855923831 390.61420997371897 121.1779105089372 35.783033746294677 126.68622427713126 14.739522580988707 54.808898342307657 7.7221508622169486 21.748415056616068 8.461146690999156 7.4495532034197813 0.86876248568296333 16.897366771940142 18.274869753047824 236.80239480547607 10.866791193373501 59.569781318074092
leaf_count=606988 615 7898 53 361 292 64 6000 5301 62533 9633 418 23 1343 9502 7592 93015 435 4679 111 613 93 228 2967 814 7 156 160 15978 150 903
internal_value=-0.000521091 0.00579125 -0.040996 0.0211907 -0.00038674 0.0159494 0.00132679 0.0186236 -0.000458239 -0.00138609 -0.0274218 0.00879331 0.000329374 0.0329879 0.0201453 -0.0441408 -0.00398064 0.0350794 -0.00293453 -0.00963294 0.0271539 -0.0215306 -0.000116945 -0.0480622 0.00345176 0.0191578 0.0110263 0.0484832 0.0022861 0.0347005
internal_weight=6261.67 5416.87 844.799 1550.94 3865.93 1301.08 3635.51 340.087 3295.42 3210.69 230.425 916.258 524.898 384.821 391.36 134.497 95.9277 375.59 132.281 108.194 24.0867 76.5573 13.3195 712.518 211.206 31.6369 54.0579 249.863 16.3645 84.7315
internal_count=838925 229719 609206 47440 182279 31101 84669 11308 73361 72166 97610 16856 9241 14245 7615 96597 1013 14181 1404 1108 296 841 3582 607802 6007 267 595 16339 203 1195
is_linear=0
shrinkage=0.05


Tree=86
num_leaves=31
num_cat=0
split_feature=6 15 13 6 2 0 6 13 11 7 6 2 13 1 11 8 3 1 0 1 18 11 6 7 13 0 2 0 0 0
split_gain=600.879 190.559 94.0995 87.3372 68.0839 62.5843 60.4487 46.0425 44.4744 36.1801 111.203 95.0314 31.9835 25.0219 23.8547 18.237 21.2588 14.0535 13.7583 16.0783 13.2162 15.3358 12.381 17.1037 11.7893 11.5274 12.725 11.1078 10.9247 9.93972
threshold=0.32051282051282054 1.0000000180025095e-35 0.73300330033003303 0.86607142857142871 0.70087719298245621 0.16843971631205676 0.78888888888888908 0.9979423868312759 0.89043787753465187 0.73214285714285732 0.63068181818181823 0.83910792512943055 0.58434262366846645 0.94395499108734415 1.0000000180025095e-35 1.0000000180025095e-35 0.99350649350649356 0.71166962266033484 0.54653679653679665 0.54654741393871842 1.0000000180025095e-35 0.86784613958684831 0.087121212121212141 0.5634920634920636 0.58434262366846645 0.33630952380952389 0.8166139695314748 0.16843971631205676 0.70659971305595415 0.8790491118077326
decision_type=2 2 2 2 2 2 2 2 2 2 2 2 2 2 2 2 2 2 2 2 2 2 2 2 2 2 2 2 2 2
left_child=2 4 -1 5 12 15 8 9 -7 11 -11 -6 14 -8 17 16 -3 -2 27 -20 -9 -22 28 25 -5 26 -24 -14 -4 -30
right_child=1 3 22 24 7 6 13 20 -10 10 -12 -13 18 -15 -16 -17 -18 -19 19 -21 21 -23 23 -25 -26 -27 -28 -29 29 -31
leaf_value=-0.04856493978573654 -0.048628446258817626 -0.052875095461550503 0.06421758541449131 -0.0068467747360457651 -0.0052963988265379526 -0.0014384240109448811 -0.0415785939677185 0.035960758738982052 0.021319489161774965 -0.01686066642480177 0.0048962983801544699 0.034539256387283938 0.055148811349462118 0.030379768392563129 -0.050093534547865151 0.044258766650653106 0.050168392979571111 0.023183817004858498 -0.019337717129623282 0.025927180173647726 -0.028212950602870459 0.052583890425836249 0.091691871270851585 0.015451063482558544 0.050553198156888225 -0.034007880421681541 -0.027558969491989778 -0.021654291509086581 -0.039057429295697582 0.026670123761420528
leaf_weight=666.04696782818064 10.158159511513078 10.919779518386349 10.525526882149277 9.3088405020534974 354.80310392158572 318.36078596697189 72.494839515537024 121.98689810466021 659.16382985375822 855.36444058525376 1874.0163307951298 259.00539232371375 4.8879348740447304 14.496643245220183 112.6248514110921 199.33960930258036 9.2415009867399931 20.687294629518874 33.301920966943726 47.744183230679482 18.540499870665375 8.5957931261509639 4.0832288069650513 36.500327058136463 229.19761479273438 63.608810564037412 4.9477219916880131 127.6856412118068 8.8668761691078561 16.373805009294301
leaf_count=607340 2222 83 102 89 24945 5416 988 3965 15562 18524 26867 5958 40 462 94271 8453 137 1354 726 798 337 244 53 409 16250 980 48 2028 104 170
internal_value=-0.000503004 0.00555321 -0.0406206 0.0205271 -0.000369296 0.0153659 0.0103533 0.00175702 0.0139077 0.000544511 -0.00192215 0.0115128 -0.0211645 -0.0295871 -0.0394238 0.0396753 -0.00564216 -0.000465711 -0.00890128 0.00732779 0.0289402 -0.00261944 -0.00410534 -0.0124719 0.0483129 -0.0265028 0.0263588 -0.0188226 0.0214252 0.00358049
internal_weight=6182.88 5371.93 810.953 1522.52 3849.4 1284.02 1064.52 3492.31 977.525 3343.19 2729.38 613.808 357.09 86.9915 143.47 219.501 20.1613 30.8455 213.62 81.0461 149.123 27.1363 144.906 109.14 238.506 72.6398 9.03095 132.574 35.7662 25.2407
internal_count=838925 229719 609206 47440 182279 31101 22428 80840 20978 76294 45391 30903 101439 1450 97847 8673 220 3576 3592 1524 4546 581 1866 1490 16339 1081 101 2068 376 274
is_linear=0
shrinkage=0.05


Tree=87
num_leaves=31
num_cat=0
split_feature=6 15 13 6 3 1 11 13 10 12 13 1 10 11 13 3 8 13 9 6 6 3 4 9 12 13 0 6 0 11
split_gain=563.876 176.276 93.2188 85.8832 63.3145 60.3003 44.8267 42.4838 49.8987 45.4925 68.9136 44.2872 42.3082 26.6465 20.2995 18.9454 18.0448 11.6052 11.316 11.2503 16.0556 14.3566 10.3262 8.63277 48.3866 116.466 8.5219 8.43875 12.6579 8.3055
threshold=0.32051282051282054 1.0000000180025095e-35 0.73300330033003303 0.86607142857142871 0.81892697466467967 0.94395499108734415 0.96216660739687077 0.94148770619358868 0.11791443850267382 0.93682289884821535 0.974521259331386 0.94395499108734415 0.20603395997574289 0.79261711247172417 0.68989800874210794 0.87585616438356173 1.0000000180025095e-35 0.58434262366846645 1.0000000180025095e-35 0.087121212121212141 0.17156862745098042 0.97498436522826781 0.15590720336335895 0.93257575757575772 0.36397431564717814 0.37341365461847398 0.44529914529914533 0.43650793650793657 0.41742424242424248 1.0000000180025095e-35
decision_type=2 2 2 2 2 2 2 2 2 2 2 2 2 2 2 2 2 2 2 2 2 2 2 2 2 2 2 2 2 2
left_child=2 4 23 5 14 6 12 8 -6 11 -11 -9 -3 -10 29 -8 18 -5 -7 22 -21 -22 -4 -1 25 -25 -23 -16 -29 -2
right_child=1 3 19 17 7 16 15 9 13 10 -12 -13 -14 -15 27 -17 -18 -19 -20 20 21 26 -24 24 -26 -27 -28 28 -30 -31
leaf_value=-0.048617910656478872 -0.00037400739147498962 -0.020497150895782374 -0.01082808417049946 -0.0065054022631858936 -0.034592322483353942 0.032476634227368628 -0.0012978264830671975 0.010630693123759525 0.0024908760578616074 -0.01436041902114734 0.019980846706496087 0.04337623196459011 0.0089135991999703228 -0.0087480632516231671 -0.036956186043864178 0.027765862947154881 0.039033219398427049 0.050504473095439206 -0.088193178555938306 -0.050434194689722378 -0.026715435287249109 0.036665533095508546 0.043739002758528205 -0.050069879403179411 -0.050276126099503271 4.2902251021187254 -0.0041853229856726338 -0.023985443997611659 0.029784700819412497 -0.049009283669258552
leaf_weight=634.4251250041998 9.6970069595845398 166.8178227674216 15.086814413778482 9.3074948471039516 115.54827832244337 3.3546716235578051 67.947444489225745 335.83389560412616 1709.7335521379719 346.93782699666917 252.34261816553771 149.09716498106718 457.99326647247653 762.62854874983896 17.977175916545093 320.80763962585479 245.36599120963365 218.22456669528037 4.6163752153515816 21.647428569849581 35.609999930951744 23.624835457652807 20.384158435277641 0.046958690159953131 0.38614792679436505 0.02303923899307847 27.776826319284737 21.238183236680925 22.583559658378363 92.639350547338836
leaf_count=607095 3112 2337 129 89 977 24 628 2677 77153 2526 4038 1936 7587 5260 404 8919 11582 16250 24 408 452 294 247 42 191 12 336 241 227 83728
internal_value=-0.000485689 0.00532104 -0.0402206 0.0198887 -0.000353874 0.0148091 0.00935548 0.00100416 -0.00247685 0.009313 9.98641e-05 0.0206987 0.00106125 -0.000975904 -0.0307365 0.022686 0.036628 0.0481724 -0.0374084 -0.00391954 -0.0119009 -0.00231434 0.0205301 -0.0484616 0.168977 1.3785 0.0145902 -0.00810905 0.00372503 -0.0444008
internal_weight=6109.7 5330.69 779.011 1494.44 3836.26 1266.9 1013.57 3672.12 2587.91 1084.21 599.28 484.931 624.811 2472.36 164.135 388.755 253.337 227.532 7.97105 144.13 108.659 87.0117 35.471 634.881 0.456146 0.0699979 51.4017 61.7989 43.8217 102.336
internal_count=838925 229719 609206 47440 182279 31101 19471 94567 83390 11177 6564 4613 9924 82413 87712 9547 11630 16339 48 1866 1490 1082 376 607340 245 54 630 872 468 86840
is_linear=0
shrinkage=0.05


Tree=88
num_leaves=31
num_cat=0
split_feature=6 6 12 12 12 1 0 0 4 3 8 9 6 8 4 4 4 6 6 3 4 9 0 9 23 0 12 20 1 25
split_gain=530.559 146.759 96.9816 95.2352 83.6292 67.5376 65.1876 66.6174 31.4754 30.6374 31.8146 30.003 18.3557 17.0719 14.7921 11.2042 10.9658 10.6264 13.1131 9.05244 8.91132 8.53686 8.41349 9.84556 8.3225 8.06182 6.60792 6.44536 6.14267 5.96945
threshold=0.32051282051282054 0.95000000000000007 0.64425612052730707 0.99773755656108609 0.71892556179775291 0.95754013329469723 0.097800095648015326 0.52041666666666686 0.86107775762885541 0.94826048171275656 1.0000000180025095e-35 0.059411764705882358 0.72077922077922085 1.0000000180025095e-35 0.74403493302006318 0.70713825151378018 0.82300358116475347 0.11437908496732027 0.17156862745098042 0.97498436522826781 0.56030588821251093 0.19292803970223329 1.0000000180025095e-35 0.080540540540540564 1.0000000180025095e-35 0.44529914529914533 0.90335035496325822 1.0000000180025095e-35 0.65872084814174037 1.0000000180025095e-35
decision_type=2 2 2 2 2 2 2 2 2 2 2 2 2 2 2 2 2 2 2 2 2 2 2 2 2 2 2 2 2 2
left_child=4 3 16 5 14 6 13 -8 12 10 15 -10 -7 -2 29 -5 -3 20 -19 21 26 -20 -18 -24 28 -21 -6 -28 -16 -1
right_child=1 2 -4 9 17 8 7 -9 11 -11 -12 -13 -14 -15 24 -17 22 18 19 25 -22 -23 23 -25 -26 -27 27 -29 -30 -31
leaf_value=-0.049440448916991252 -0.045262177554979702 0.046223149200466815 0.04782334142166679 -0.013214869242383158 -0.026642846795094634 0.049969052086716426 -0.0072070347679219007 0.0082219642671994605 0.01320113516323849 0.049219628755879131 0.045739687286824454 -0.017176071020449071 -0.033898988070961762 0.060841241831855464 -0.046890865625578225 -0.086476044173602704 -0.018117197051534514 -0.055369298664837731 -0.048884886994416024 0.033885392089400716 0.070989749274976588 0.0036425081850582639 0.011108567618871128 -0.027308584404881632 -0.051158624637115541 -0.0080767420848217863 0.04616445286338719 -0.031739599924769685 0.031648478962357084 -0.01646508817527307
leaf_weight=591.53301747399382 4.1079246413428328 15.354156975867225 312.97233866900206 14.059477895498278 8.6181877017952555 73.94972056010738 2609.2444093808299 955.90581162495073 767.35538091836497 138.56102373078465 20.581909756176174 90.915170977590606 7.155329320812597 49.152286392869428 3.1747669640462872 8.2995933629572374 40.344461583765224 13.855984155088661 15.959137091878803 21.499610172584653 7.4434378864243618 15.010376651771365 161.57879956206307 18.596956093562767 7.1191912539070463 24.477713666856289 11.568653995171188 3.4458419587463132 11.534880190971306 14.050449892762115
leaf_count=596505 67 582 20557 127 88 1705 95439 81015 12127 8467 671 1480 89 859 1063 64 1720 135 142 271 90 134 4248 502 4148 294 71 21 1661 4583
internal_value=-0.000479053 0.00510031 0.029577 0.00226572 -0.0398555 0.000851312 -0.00224987 -0.00307013 0.0127968 0.0377837 0.000882606 0.00998333 0.04257 0.0526576 -0.0472178 -0.0404091 0.00536659 -0.00195582 -0.0105928 -0.00252983 0.0232811 -0.0234258 0.00252187 0.00714332 -0.00678067 0.0115453 0.00825458 0.0282854 0.0146974 -0.0486754
internal_weight=6037.43 5288.13 548.847 4739.29 749.291 4557.79 3618.41 3565.15 939.376 181.502 42.941 858.271 81.105 53.2602 627.412 22.3591 235.874 121.879 90.8028 76.9468 31.0761 30.9695 220.52 180.176 21.8288 45.9773 23.6327 15.0145 14.7096 605.583
internal_count=838925 229719 27609 202110 609206 192781 177380 176454 15401 9329 862 13607 1794 926 607960 191 7052 1246 976 841 270 276 6470 4750 6872 565 180 92 2724 601088
is_linear=0
shrinkage=0.05


Tree=89
num_leaves=31
num_cat=0
split_feature=6 15 13 6 2 1 5 6 7 9 11 13 6 10 13 7 11 3 17 1 13 13 5 6 4 9 17 1 10 1
split_gain=497.924 158.364 91.3667 81.4041 59.9713 56.474 47.0477 67.8667 151.934 57.4972 40.0186 39.8619 39.0687 31.0237 30.025 28.9558 23.2023 17.5102 15.4032 13.0538 11.4919 9.60023 9.58049 16.2883 8.33504 8.14534 8.1723 7.71092 8.18936 7.5808
threshold=0.32051282051282054 1.0000000180025095e-35 0.73300330033003303 0.86607142857142871 0.70087719298245621 0.93896677559912867 0.69811193154807361 0.63068181818181823 0.89444444444444449 0.14119601328903655 0.96216660739687077 0.56675579322638159 0.78888888888888908 0.98611111111111127 0.58434262366846645 0.73214285714285732 1.0000000180025095e-35 0.87585616438356173 0.36666666666666675 0.71166962266033484 0.58434262366846645 0.9492598154902383 0.63669284681712146 0.10555555555555557 0.15590720336335895 0.79361054766734285 1.0000000180025095e-35 0.88283236087583938 0.98611111111111127 0.94395499108734415
decision_type=2 2 2 2 2 2 2 2 2 2 2 2 2 2 2 2 2 2 2 2 2 2 2 2 2 2 2 2 2 2
left_child=2 4 27 5 14 10 11 9 -9 -8 12 13 -3 -6 16 -13 19 -12 21 -2 -5 -16 23 24 -4 26 -7 -1 -29 -25
right_child=1 3 22 20 6 25 7 8 -10 -11 17 15 -14 -15 18 -17 -18 -19 -20 -21 -22 -23 -24 29 -26 -27 -28 28 -30 -31
leaf_value=-0.048935951386151609 -0.04816399349432552 0.0047604678457116578 -0.010588879186563573 -0.0064479915047184911 -0.049057799695388024 0.0057689832157878235 -0.018975840236548035 -0.021657189539577803 0.011875555054074899 0.0068094985974325138 -0.0015360550857531673 0.033150445389222655 -0.038361822536007367 0.010772153666726611 -0.0022070996973953629 0.00061553912393095406 -0.050091473766454599 0.026690618346132546 -0.019663515979597895 0.021691383042687057 0.050416239468167479 0.03587183731816318 0.017110986736930765 -0.029235231004092557 0.039747584925778116 -0.18509128522704454 0.037450723097459053 -0.049245614951845235 0.057042011865775712 0.052244403387366189
leaf_weight=570.7753359641647 9.8308622022159415 550.85053667449392 14.990878475364296 9.3006264939904195 35.679990210104734 22.204354240559042 715.09236704895739 430.6417433982715 1566.8415250252001 309.87718494574074 67.224236002191901 255.85032135387883 58.061121629551053 55.168079514056444 62.547050359542482 93.335648155305535 103.82635816937545 300.74427574500442 126.11189211392775 20.917278519598767 198.76825875416398 22.508590292185545 40.351725187152624 65.248454641550779 18.218832829967141 0.42176794447004695 244.36157873272896 3.6903731783968388 3.5610440014861524 2.9852834902703753
leaf_count=605725 2222 8791 129 89 21820 657 16734 5473 24652 7822 605 2334 654 1068 1311 937 94271 8483 2120 1354 16250 161 463 1012 213 14 11897 1541 74 49
internal_value=-0.000460054 0.00487715 -0.0394622 0.0189275 -0.000479713 0.0140854 0.00150301 -0.000720854 0.00464616 -0.0111802 0.00851565 0.016778 0.000648659 -0.0127257 -0.020336 0.024454 -0.0387933 0.0215339 -0.00857341 -0.000642929 0.0478744 0.00786987 -0.00349598 -0.0116929 0.0170257 0.0344643 0.0348117 -0.048285 0.00295038 -0.0256704
internal_weight=5979.99 5260.17 719.822 1451.94 3808.23 1243.87 3462.49 3022.45 1997.48 1024.97 976.88 440.034 608.912 90.8481 345.742 349.186 134.574 367.969 211.168 30.7481 208.069 85.0556 141.795 101.443 33.2097 266.988 266.566 578.027 7.25142 68.2337
internal_count=838925 229719 609206 47440 182279 31101 80840 54681 30125 24556 18533 26159 9445 22888 101439 3271 97847 9088 3592 3576 16339 1472 1866 1403 342 12568 12554 607340 1615 1061
is_linear=0
shrinkage=0.05


Tree=90
num_leaves=31
num_cat=0
split_feature=6 14 15 6 0 9 6 5 6 0 6 14 0 12 7 0 5 12 13 9 23 12 7 14 6 9 9 8 0 23
split_gain=467.445 191.493 141.3 66.7409 49.0067 46.7294 100.123 73.6146 67.2781 46.1078 60.9271 45.2573 40.1388 37.2689 35.4863 31.69 31.1018 26.5785 26.2717 20.563 19.9237 17.9931 17.2132 17.1734 17.2734 43.6205 16.3779 22.6096 14.3524 13.9882
threshold=0.43650793650793657 0.1526806526806527 1.0000000180025095e-35 0.86607142857142871 0.45049019607843144 0.22361111111111112 0.6515151515151516 0.77618722350963065 0.72077922077922085 0.16843971631205676 0.78888888888888908 0.1731634182908546 0.25227272727272732 0.22660960902548141 0.89444444444444449 0.15184453227931491 0.7047044118113126 1.0000000180025095e-35 0.9979423868312759 0.24037037037037037 1.0000000180025095e-35 0.82427404196555309 0.68333333333333346 0.95119047619047625 0.37980769230769235 0.17712418300653598 0.11215932914046123 1.0000000180025095e-35 0.059714795008912663 1.0000000180025095e-35
decision_type=2 2 2 2 2 2 2 2 2 2 2 2 2 2 2 2 2 2 2 2 2 2 2 2 2 2 2 2 2 2
left_child=1 17 4 9 5 6 7 -2 15 -4 18 13 26 -6 -10 -7 -8 20 -11 -12 -1 22 -13 24 29 -26 27 -3 -19 -14
right_child=2 12 3 -5 11 8 16 -9 14 10 19 21 23 -15 -16 -17 -18 28 -20 -21 -22 -23 -24 -25 25 -27 -28 -29 -30 -31
leaf_value=0.015659076906718111 0.01509119511122841 -0.085010651242108909 0.039070518192196126 0.04772465090931672 0.0046836290970812891 0.056615212036763354 0.047651519832482274 -0.02418041140738433 -0.043445928454106802 0.011397193639506444 -0.0098937893344818312 0.055047523056095976 -0.0028176331056943625 -0.044899582009666213 0.021332918028504556 -0.0045549641585078612 0.0074143158838406642 0.66833173240891131 0.034846866705181556 -0.060209264877674598 -0.042900441444145732 0.013943087280935025 0.021730087215881502 0.017712896441062477 -0.057289336005550244 -0.0054341045628936262 0.051400244221012165 0.016934885608552008 -0.049807921813527577 -0.031089334987790537
leaf_weight=28.402028080367018 157.10980015865061 5.9663168515544376 181.31982103874907 198.53941118810326 149.13796086085495 22.896985905710608 49.695460340590216 496.2272258187877 193.66094567754772 639.06304948683828 56.088862853124738 59.360622018226422 224.58310617977986 50.809587227297015 23.732208566041663 281.20793762675021 1428.9534481725423 0.069582223659380271 146.89621773175895 31.829203326255083 29.728034290717915 403.93256872240454 111.74129510857165 41.582245940342546 73.764812677341979 90.080433579452801 31.896293333731592 61.50333741796203 590.28202997695189 54.337769557023421
leaf_count=2980 9820 40 7970 16339 1572 257 848 8119 2443 10194 1151 718 4525 25732 524 11251 20720 17 7734 299 21096 3905 860 1072 858 1220 530 1010 666296 8825
internal_value=-0.000445307 -0.0278462 0.00676568 0.0211293 0.00151314 -0.00171748 0.00156416 -0.0147367 -0.0151335 0.0161252 0.0113644 0.0125745 -0.00707057 -0.00791619 -0.0363742 5.07247e-05 0.00876664 -0.0465469 0.01578 -0.0281096 -0.0142886 0.0196995 0.033289 -0.0130093 -0.0158945 -0.0287799 0.021877 0.00791988 -0.0497233 -0.00832536
internal_weight=5914.4 1232.2 4682.2 1253.74 3428.47 2653.48 2131.99 653.337 521.498 1055.2 873.877 774.982 583.714 199.948 217.393 304.105 1478.65 648.482 785.959 87.9181 58.1301 575.034 171.102 484.348 442.766 163.845 99.3659 67.4697 590.352 278.921
internal_count=838925 708469 130456 43687 86769 53982 39507 17939 14475 27348 19378 32787 18080 27304 2967 11508 21568 690389 17928 1450 24076 5483 1578 16500 15428 2078 1580 1050 666313 13350
is_linear=0
shrinkage=0.05


Tree=91
num_leaves=31
num_cat=0
split_feature=6 13 13 6 13 13 10 6 9 17 3 8 4 14 1 10 14 9 4 17 6 5 4 1 1 10 6 9 6 12
split_gain=439.174 143.979 89.1667 85.2548 82.2244 57.0182 109.551 74.8563 111.918 64.5786 27.4329 24.3294 23.0966 20.2241 20.3768 27.4086 15.4704 9.01544 8.87803 9.19899 8.75952 13.9792 9.1144 7.6406 7.61849 7.29197 7.16794 6.89957 12.117 6.04902
threshold=0.32051282051282054 0.9979423868312759 0.73300330033003303 0.95000000000000007 0.68989800874210794 0.56021978021978036 0.93969696969696981 0.76388888888888895 0.17445652173913045 0.63333333333333341 0.98076211616722175 1.0000000180025095e-35 0.70713825151378018 0.94868421052631591 0.93348815322499534 0.077221228384019097 0.11651583710407241 0.16515151515151519 0.82300358116475347 0.18333333333333338 0.087121212121212141 0.60412511091216492 0.54260763967270731 0.63971826104179064 0.88283236087583938 0.98611111111111127 0.5634920634920636 0.19292803970223329 0.20714285714285716 0.61369648869648874
decision_type=2 2 2 2 2 2 2 2 2 2 2 2 2 2 2 2 2 2 2 2 2 2 2 2 2 2 2 2 2 2
left_child=2 3 24 5 18 6 16 9 -9 -7 11 12 26 14 15 -12 -2 -8 -5 -20 22 27 -4 -14 -1 -26 -3 -22 -29 -23
right_child=1 10 20 4 -6 7 17 8 -10 -11 13 -13 23 -15 -16 -17 -18 -19 19 -21 21 29 -24 -25 25 -27 -28 28 -30 -31
leaf_value=-0.048796381005949518 -0.047140974130227262 -0.015338408782826602 0.0049397424491556688 0.046589229766841399 0.045417025625850815 0.0094928163643170447 -0.0031266827827926471 0.0012492099641147629 -0.043137001701870681 -0.0080637088626935843 -0.063686962187827226 0.031467977417365393 -0.14646513705754804 0.049929907160860459 0.047164373320687188 0.020717447829795899 -0.0075281809474661166 0.013707447055165439 0.002109438849587851 -0.041042822803732615 -0.048546803530620519 0.096529653308629074 0.066934915401264658 -0.054535113164752784 -0.048985402789593069 0.052488926124161978 0.038063551091852416 -0.038713652067082674 0.012336898652838138 0.0086857748144061938
leaf_weight=518.84650348767173 195.50285914278356 15.385509554296734 26.706944389734417 10.453062115004284 211.37226946093142 2343.8353649415076 323.75837686809245 437.33993347128853 210.31226454814896 674.51947739196476 10.71190830785781 46.215399974957108 2.8081691581755868 178.29202929046005 68.473039817065001 94.206625827588141 28.202951838320587 105.43261428939877 193.93580067693256 13.190147387562318 20.350537605583668 2.0686157904565325 7.6201821174472562 11.583632787689565 3.430044039792846 3.6589627102948725 10.622017875313757 23.665878565050662 22.842556364368647 37.240036088041961
leaf_count=605725 140553 128 275 422 13871 25685 3329 3270 1678 5750 388 1405 34 13226 3747 3653 3231 3354 5570 222 317 15 101 95 1541 74 108 420 313 425
internal_value=-0.000431723 0.00447814 -0.0386402 0.0019469 0.0232069 -0.000164632 -0.013778 0.00225983 -0.0131643 0.00556941 0.0318977 0.00669186 -0.0216511 0.0381056 0.0259471 0.0121 -0.0421469 0.00100869 0.00163037 -0.000638574 -0.00325433 -0.0103534 0.0187019 -0.0724728 -0.048093 0.00339017 0.00647207 -0.0242651 -0.0136402 0.0133086
internal_weight=5852.58 5186.15 666.43 4747.86 428.951 4318.9 652.897 3666.01 647.652 3018.35 438.298 86.6147 40.3993 351.684 173.392 104.919 223.706 429.191 217.579 207.126 140.495 106.168 34.3271 14.3918 525.936 7.08901 26.0075 66.859 46.5084 39.3087
internal_count=838925 229719 609206 206935 20085 186850 150467 36383 4948 31435 22784 1770 365 21014 7788 4041 143784 6683 6214 5792 1866 1490 376 129 607340 1615 236 1050 733 440
is_linear=0
shrinkage=0.05


Tree=92
num_leaves=31
num_cat=0
split_feature=3 13 14 15 0 14 18 17 14 12 13 13 14 13 3 8 14 0 11 4 13 12 8 5 3 4 9 3 4 0
split_gain=406.608 140.576 134.931 68.8227 70.8673 43.7741 34.7199 30.3451 65.2049 62.3534 57.7334 34.7462 45.0238 29.1745 20.0612 29.4272 21.5574 20.4517 20.5313 15.9297 14.2356 12.9171 10.3566 9.39969 10.9853 10.6958 12.2746 11.5055 10.4083 9.154
threshold=0.81892697466467967 0.9979423868312759 0.26969696969696971 1.0000000180025095e-35 0.16843971631205676 0.71714285714285719 1.0000000180025095e-35 0.87500000000000011 0.56385869565217395 0.90946348733233984 0.93764952153110059 0.974521259331386 0.71714285714285719 0.974521259331386 0.98076211616722175 1.0000000180025095e-35 0.94868421052631591 0.23582887700534763 0.89043787753465187 0.70713825151378018 0.56675579322638159 0.89672947031638828 1.0000000180025095e-35 0.29982687078886788 0.6066017316017317 0.57739470467585774 0.26138716356107666 0.72871572871572876 0.3366858337652911 0.536811201445348
decision_type=2 2 2 2 2 2 2 2 2 2 2 2 2 2 2 2 2 2 2 2 2 2 2 2 2 2 2 2 2 2
left_child=2 3 -1 7 20 6 -6 8 10 -10 -2 21 -13 -7 15 19 17 -16 -19 -3 -5 -9 -22 28 29 27 -27 -26 -4 -25
right_child=1 14 23 4 5 13 -8 11 9 -11 -12 12 -14 -15 16 -17 -18 18 -20 -21 22 -23 -24 24 25 26 -28 -29 -30 -31
leaf_value=-0.048371736741917658 -0.0062288529911226388 0.015401816816916833 -0.0083829737277048184 -0.01988477874437259 0.01861146786812367 0.0018025657395835477 -0.021451320865518597 -0.0027393564787045839 0.022536140090861599 -0.0022173044480091986 0.031729656586269132 0.046724717552811823 -0.019577666107252034 -0.033576917699197538 0.047551253290896739 0.038308515652580928 0.049903298546377123 -0.0075270417210875212 0.036106034648799266 -0.068744633990102583 0.0019765484225890344 -0.028576811291472812 0.044576740547772824 -0.083431121817267084 -0.012454765225204636 -0.034690987147415406 0.032181507000781144 0.025694045311252259 0.026260867176469773 -0.014521473864936706
leaf_weight=529.7248000408872 2041.9335445475299 9.0874871239066142 40.478296259534545 9.9020130583085102 522.39232145884307 171.54518087673932 60.324951507151127 61.464971028093714 544.76821163948625 477.31132454704493 105.34037994593382 47.169162033125758 56.007810369133949 88.243187750689685 63.557383950799704 28.987662807106972 174.94270324427634 60.629457603208721 48.548357802443206 14.759031780064104 15.393065216019748 227.10820465814322 195.03760147560388 8.7605469971895236 40.482985998271033 41.030791071709245 8.240114825894123 38.618683683685958 46.685867980355397 10.712651178240774
leaf_count=642318 130532 107 640 97 12544 2511 1506 554 3435 2934 668 397 299 1067 3656 1218 13417 1672 2540 132 147 2176 12060 67 547 426 79 475 537 167
internal_value=-0.000417199 0.00475244 -0.0343827 0.00229103 0.0134568 0.00685423 0.014464 -0.00104148 0.000581235 0.0109763 -0.00436669 -0.0141696 0.0107336 -0.0102149 0.0331696 0.00446366 0.0375318 0.0250022 0.0118754 -0.0366779 0.0387036 -0.0230735 0.0414605 -0.00285068 -0.0105287 -0.00522039 -0.0235072 0.00617009 0.0101726 -0.0455224
internal_weight=5789.19 5024.45 764.735 4623.94 1062.84 842.506 582.717 3561.1 3169.35 1022.08 2147.27 391.75 103.177 259.788 400.512 52.8342 347.678 172.735 109.178 23.8465 220.333 288.573 210.431 235.01 147.846 128.373 49.2709 79.1017 87.1642 19.4732
internal_count=838925 193669 645256 170927 29932 17628 14050 140995 137569 6369 131200 3426 696 3578 22742 1457 21285 7868 4212 239 12304 2730 12207 2938 1761 1527 505 1022 1177 234
is_linear=0
shrinkage=0.05


Tree=93
num_leaves=31
num_cat=0
split_feature=6 15 14 6 0 6 1 9 6 4 6 9 7 6 2 5 18 0 25 0 12 1 14 0 9 10 10 18 9 17
split_gain=390.921 119.112 83.2725 74.8863 52.7205 50.426 60.5962 59.0854 100.607 58.8044 44.8297 38.7348 34.992 56.1595 43.7589 32.5777 26.7906 26.0045 22.434 17.0447 10.157 9.16526 8.85544 8.77087 14.9581 13.0868 8.32968 7.91026 7.69447 7.0599
threshold=0.32051282051282054 1.0000000180025095e-35 0.26491228070175443 0.86607142857142871 0.16843971631205676 0.58571428571428574 0.96168010752688182 0.18301435406698566 0.72077922077922085 0.9091524368313596 0.78888888888888908 0.16843971631205676 0.78888888888888908 0.6515151515151516 0.86391694725028068 0.50806018160886623 1.0000000180025095e-35 0.079473684210526321 1.0000000180025095e-35 0.37617924528301894 0.50917508417508428 0.88283236087583938 0.36038961038961043 0.44529914529914533 0.18834459459459463 0.22295321637426904 0.6876990445859873 1.0000000180025095e-35 0.050641025641025648 0.22500000000000003
decision_type=2 2 2 2 2 2 2 2 2 2 2 2 2 2 2 2 2 2 2 2 2 2 2 2 2 2 2 2 2 2
left_child=2 5 21 4 -3 6 11 12 19 -10 16 17 14 -14 -7 -13 -6 -2 -12 -9 26 -1 -8 24 28 -25 -5 29 -4 -27
right_child=1 3 23 20 10 7 22 8 9 -11 18 15 13 -15 -16 -17 -18 -19 -20 -21 -22 -23 -24 25 -26 27 -28 -29 -30 -31
leaf_value=-0.048808649787174037 0.071560267950319001 0.036999316763405121 0.0083103188640697 -0.055329896679077575 0.014987469336384394 -0.0069221313340750053 0.0088599789466481567 -0.0025055725659063029 -0.035669701353896764 0.038273624129170569 -0.01155310156762988 -0.028721768044251833 -0.013262714614299426 0.0091342131907386111 0.046430623730010397 0.0045761197952601581 -0.0076754373921804108 -0.025706363772641697 -0.069424157688218691 0.018965284019684215 0.050387012563920974 0.0085703899162588477 0.046639434105009321 0.007347563655847246 0.05555976941091606 0.010966165435508136 0.032843713239731724 -0.062089966582461166 -0.056201020219637132 -0.031891308838642468
leaf_weight=469.30272158258595 6.9791105589829376 182.52804226893932 17.76669124211185 4.0846174284815771 757.53624602360651 57.633596262487117 23.13361637131311 181.0946769399452 309.70934275956824 29.443785770446993 66.882621521130204 95.351026499876752 339.92468007921707 1584.7476528325351 115.35362868686207 319.89587796211708 157.51969532843214 446.28262234979775 22.340148157440126 188.8010257970891 164.82256693765521 7.0642641048179931 47.073397137224674 47.574921088293195 14.705339624430051 14.246167314471675 7.7807137379422784 13.207950995885765 6.2475298674544311 29.522032087435946
leaf_count=605216 78 8673 228 85 18039 5657 618 5101 4350 662 1117 54360 5065 25050 1744 21391 2939 50248 333 7510 15978 1615 445 434 166 285 276 251 72 939
internal_value=-0.00040071 0.00414809 -0.0379056 0.0168015 0.0122803 -0.000458296 -0.0104901 0.00289688 -0.009581 -0.0292503 0.00778755 -0.0141019 0.00711464 0.0051786 0.0286553 -0.0030699 0.0110862 -0.0242087 -0.0260432 0.00845352 0.0471705 -0.0479577 0.0341909 -0.00448269 0.0158461 -0.0120113 0.00249012 -0.0281759 -0.00847292 -0.0179416
internal_weight=5728.56 5108.92 619.638 1363.49 1186.81 3745.42 938.716 2806.71 709.049 339.153 1004.28 868.509 2097.66 1924.67 172.987 415.247 915.056 453.262 89.2228 369.896 176.688 476.367 70.207 143.271 38.7196 104.551 11.8653 56.9762 24.0142 43.7682
internal_count=838925 229719 609206 47440 31101 182279 127140 55139 17623 5012 22428 126077 37516 30115 7401 75751 20978 50326 1450 12611 16339 606831 1063 2375 466 1909 361 1475 300 1224
is_linear=0
shrinkage=0.05


Tree=94
num_leaves=31
num_cat=0
split_feature=3 14 15 0 11 14 18 8 0 14 0 14 12 12 14 14 8 3 11 10 2 0 5 2 9 4 1 1 1 1
split_gain=357.25 130.086 111.197 65.2722 45.8224 39.1054 32.1066 32.4597 30.2873 40.2811 29.9245 29.4887 77.4677 39.9406 27.2358 22.0475 20.2258 20.5714 13.6982 14.7942 13.6527 16.6079 13.3826 12.3009 11.9196 10.9296 10.6098 8.56134 6.89347 8.93353
threshold=0.81892697466467967 0.26969696969696971 1.0000000180025095e-35 0.16843971631205676 0.86784613958684831 0.94281045751633996 1.0000000180025095e-35 1.0000000180025095e-35 0.48528138528138537 0.51190476190476197 0.059714795008912663 0.35147058823529415 0.7756861365235751 0.22660960902548141 0.82971014492753636 0.26201372997711675 1.0000000180025095e-35 0.99350649350649356 0.68532871575057508 0.56982995748937249 0.75716625716625729 0.45049019607843144 0.24947103609027213 0.6861407249466952 0.70659971305595415 0.57739470467585774 0.97789987789987798 0.96168010752688182 0.73838232398952042 0.82969810890863538
decision_type=2 2 2 2 2 2 2 2 2 2 2 2 2 2 2 2 2 2 2 2 2 2 2 2 2 2 2 2 2 2
left_child=1 -1 5 16 8 10 7 -6 9 -5 15 13 -13 -12 -8 26 17 27 19 -18 21 22 -3 -24 -10 -22 -2 -4 -23 -30
right_child=2 20 3 4 6 -7 14 -9 24 -11 11 12 -14 -15 -16 -17 18 -19 -20 -21 25 28 23 -25 -26 -27 -28 -29 29 -31
leaf_value=-0.048187589429039744 0.027364953862280446 0.050846694976598383 -0.091173362109876116 0.005382031827369297 -0.0023842866359727981 0.049877530766332362 -0.037621015055392462 0.027317059025861547 0.018867969644739538 -0.042583984641740687 0.0013697274377632411 0.025164576283472347 -0.0019614992990612218 -0.018267110430348159 0.018730332056672516 0.039007628595132848 -0.19545027789031133 0.04921098825527101 0.045985287613232111 0.0098362364228065987 0.064849577825494178 -0.0044932451859932493 -0.054271889610634422 -0.0052660930872508926 -0.039184107007768976 0.0035701759541459858 -0.0062861815884396825 -0.0035577014755082577 0.054211774591726838 0.0023667585642020467
leaf_weight=483.33546581608243 34.153554634656757 4.7789601399563244 6.4790115240029991 87.661370891088154 111.91808068286628 38.841878389008343 44.653839036822319 516.56957757705823 108.97279191791313 87.417988860979676 506.39969049143838 300.54289590381086 2118.3248433908448 529.92356947832741 41.250140262767673 78.905585499480367 0.93370018992572923 8.5409701652824879 232.26427819021046 14.614005757495759 12.354188231518494 106.3781798830023 35.051368567976169 20.175662256777287 9.6231561105232668 17.703064616769552 74.554269075160846 4.8944178074598312 12.86832383519504 23.451563730719499
leaf_count=642318 595 36 48 1675 2937 2038 770 18018 2576 1522 6057 1917 15021 115467 1350 2280 27 139 17508 474 149 1676 329 167 785 172 2434 31 133 276
internal_value=-0.00038685 -0.0333989 0.0043817 0.0171026 0.0112743 -2.64543e-05 0.0181091 0.022028 -0.00535213 -0.0185676 -0.000558562 -0.00161456 0.0014089 -0.00867156 -0.0105617 0.0188892 0.039048 -0.00943119 0.0429438 -0.00249202 -0.00268968 -0.00735269 -0.029423 -0.036369 0.0141575 0.0287574 0.00428625 -0.053469 0.0019281 0.0207357
internal_weight=5673.54 716.097 4957.44 1275.79 1008.07 3681.65 714.392 628.488 293.675 175.079 3642.8 3455.19 2418.87 1036.32 85.904 187.613 267.726 19.9144 247.812 15.5477 232.761 202.704 60.006 55.227 118.596 30.0573 108.708 11.3734 142.698 36.3199
internal_count=838925 645256 193669 47860 29633 145809 23075 20955 6558 3197 143771 138462 16938 121524 2120 5309 18227 218 18009 501 2938 2617 532 496 3361 321 3029 79 2085 409
is_linear=0
shrinkage=0.05


Tree=95
num_leaves=31
num_cat=0
split_feature=3 14 13 15 1 14 1 17 14 13 1 12 12 14 9 3 8 14 1 10 4 13 5 1 4 4 3 1 12 9
split_gain=333.072 127.924 125.199 51.1317 53.4272 34.7084 28.7678 28.3104 58.4447 46.3926 37.956 28.0709 48.017 33.8325 27.5877 19.6137 26.1419 21.818 20.1627 23.0678 13.6225 8.41251 8.40635 10.2677 9.23726 8.54273 11.7404 7.05777 6.63414 6.17253
threshold=0.81892697466467967 0.26969696969696971 0.9979423868312759 1.0000000180025095e-35 0.94395499108734415 0.71714285714285719 0.87811943760860178 0.63333333333333341 0.56385869565217395 0.93764952153110059 0.94395499108734415 0.97315315315315332 0.92068331397599701 0.68990384615384626 0.64051282051282066 0.98076211616722175 1.0000000180025095e-35 0.94868421052631591 0.93348815322499534 0.077221228384019097 0.70713825151378018 0.62782210151077933 0.29982687078886788 0.91731416549789635 0.3366858337652911 0.14710478646888153 0.63944444444444459 0.89992118226600992 0.39293512164691213 0.54201977401129953
decision_type=2 2 2 2 2 2 2 2 2 2 2 2 2 2 2 2 2 2 2 2 2 2 2 2 2 2 2 2 2 2
left_child=1 -1 3 7 5 14 -7 8 9 -2 -10 12 -9 -13 -5 16 20 18 19 -17 -4 28 24 25 29 -24 -27 -26 -6 -3
right_child=2 22 15 4 21 6 -8 11 10 -11 -12 13 -14 -15 -16 17 -18 -19 -20 -21 -22 -23 23 -25 27 26 -28 -29 -30 -31
leaf_value=-0.048078220172261259 -0.0050620001579611187 -0.026884810990657371 0.014409280788198878 0.015267442977440718 0.057008954640986091 0.004457256080409598 -0.029555678764570638 -8.3398373770698952e-05 0.0056600287795237183 0.031051733772345009 0.029263423219931545 0.053928373960860088 -0.028624248626374527 -0.0065439184212015555 -0.041389121598778222 -0.056890482344436194 0.037101585923112919 0.049749156150094176 0.046542955176846083 0.01862794621000409 -0.063406222195591333 0.036324711444533565 0.092366581482016069 0.041815145801758352 0.028893508622841287 -0.04618536912807851 -0.0078337307688340924 -0.075603048923490707 -0.018532726470201977 0.012417454919553214
leaf_weight=460.78283028339501 1907.3584096562117 20.519248205120675 8.9253665711730736 520.91736703371862 3.7849911507219103 153.18034228309989 104.62998459953815 297.64852153457468 601.58637619856745 93.278188388794661 237.58864638954401 35.107723678462207 291.87722373940051 67.789132617413998 22.410292434098665 11.350936817005275 26.822631439194083 158.63856795150787 61.272071112878621 92.650417010299861 15.206548841670154 204.036371845752 1.8876022727927182 9.017408983781932 44.411532952915877 24.339748490485363 110.77649333374575 1.6768708713352669 12.520340861752628 19.468563479254954
leaf_count=642318 129352 405 107 11799 34 1913 1395 2561 3239 594 2040 305 2450 454 1209 394 1218 13417 3761 3713 132 13421 13 131 522 317 1300 15 161 235
internal_value=-0.000370657 -0.0328305 0.00419268 0.00190621 0.0117586 0.00576166 -0.00934659 -0.000942984 0.00126736 -0.00337822 0.0123427 -0.0100082 -0.0142141 0.0140888 0.0129306 0.0319677 0.00313182 0.0365039 0.0237903 0.0103857 -0.0346256 0.0335629 -0.00255925 -0.00986512 0.00983457 -0.0132667 -0.0147424 0.0250915 -0.000997077 -0.00775001
internal_weight=5621.46 692.88 4928.58 4553.71 1021.48 801.138 257.81 3532.23 2839.81 2000.64 839.175 692.423 589.526 102.897 543.328 374.867 50.9545 323.912 165.273 104.001 24.1319 220.342 232.097 146.021 86.0762 137.004 135.116 46.0884 16.3053 39.9878
internal_count=838925 645256 193669 170927 29932 16316 3308 140995 135225 129946 5279 5770 5011 759 13008 22742 1457 21285 7868 4107 239 13616 2938 1761 1177 1630 1617 537 195 640
is_linear=0
shrinkage=0.05


Tree=96
num_leaves=31
num_cat=0
split_feature=6 6 12 12 12 0 2 5 3 8 0 2 23 0 4 6 6 18 6 0 4 0 2 5 5 9 3 12 20 2
split_gain=328.704 101.956 87.8924 71.1941 65.985 49.4705 43.2272 71.6003 29.5712 27.096 24.107 15.256 19.6358 10.5013 9.93846 8.7774 11.2342 8.50657 8.25614 14.9063 7.80376 7.49234 8.94839 7.04426 6.23071 6.21054 6.20769 5.75615 5.83407 4.92489
threshold=0.32051282051282054 0.95000000000000007 0.64425612052730707 0.71892556179775291 0.99773755656108609 0.059714795008912663 0.72595520421607385 0.69811193154807361 0.97182539682539704 1.0000000180025095e-35 0.45049019607843144 0.70997889659330737 1.0000000180025095e-35 0.95293466223698797 0.82300358116475347 0.11437908496732027 0.17156862745098042 1.0000000180025095e-35 0.6515151515151516 0.043961352657004842 0.56030588821251093 1.0000000180025095e-35 0.99333333333333351 0.57783260057793318 0.2122457147781068 0.19098277608915909 0.96051948051948066 0.90335035496325822 1.0000000180025095e-35 0.23606811145510839
decision_type=2 2 2 2 2 2 2 2 2 2 2 2 2 2 2 2 2 2 2 2 2 2 2 2 2 2 2 2 2 2
left_child=3 4 14 11 5 18 10 -8 9 23 -7 -1 13 17 -3 20 -17 -13 26 -20 27 -16 -23 -6 -18 -26 -2 29 -29 -5
right_child=1 2 -4 15 8 6 7 -9 -10 -11 -12 12 -14 -15 21 16 24 -19 19 -21 -22 22 -24 -25 25 -27 -28 28 -30 -31
leaf_value=-0.048835268167615881 -0.017680042567185982 0.044191936319680519 0.046780397733849809 -0.064683781021120434 -0.010330364036449859 -0.025620241406147506 0.018144780717480706 -0.0014384766049293943 0.049214672336979681 0.044666417032507358 -0.0048011905450025712 0.036014049937580582 -0.050436047117460019 0.60950483302942893 -0.018516645757404637 -0.052384278349076122 -0.087886275164686278 -0.049068661631109317 0.030665362747395227 -0.054692489398272495 0.069039975043234891 -0.027529488391230067 0.00929354840237538 -0.064857446281080422 -0.016255500302010225 0.013191433895636677 0.046732175195143166 0.043724279708353346 -0.03102165001024711 0.011994253109301961
leaf_weight=402.55195086373715 3.9512203326448789 14.204797487240283 242.75243896897882 4.0977156665176206 12.674613580107691 234.35358055896359 547.55392363405554 3162.887777124939 102.10807672608644 18.66186183039099 341.90798803413054 14.66048964799848 19.695217483909801 0.075591479195280864 40.008755889954045 13.331700878683476 2.0788690531626335 3.6739262564806259 23.804179735481743 6.5145041604991993 6.6510932324454179 18.422114591812715 158.00786730321124 11.119529949501155 32.615415826439857 39.701374506112188 70.150589723372832 11.286993998102842 3.3960511479526749 4.2827149154618382
leaf_count=580449 91 582 20557 42 135 30873 23593 56289 8303 813 79303 3585 22296 31 1720 135 15 1599 516 144 90 502 4248 78 381 445 1972 71 21 46
internal_value=-0.000355548 0.00369983 0.0257803 -0.0367536 0.00139527 0.000301027 -0.000527271 0.00145145 0.0346328 -0.000437139 -0.0132679 -0.0459729 -0.0157345 0.0213896 0.00367759 -0.00216166 -0.010117 0.0189648 0.0343046 0.0123247 0.0213252 0.00101865 0.00544863 -0.0358121 -0.0025427 -8.93547e-05 0.0432976 0.00756507 0.0264362 -0.0254984
internal_weight=5567.18 5009.08 473.396 558.099 4535.69 4391.12 4286.7 3710.44 144.564 42.456 576.262 440.657 38.1052 18.41 230.644 117.442 87.7274 18.3344 104.42 30.3187 29.7146 216.439 176.43 23.7941 74.3957 72.3168 74.1018 23.0635 14.683 8.38043
internal_count=838925 229719 27609 609206 202110 192781 190058 79882 9329 1026 110176 607960 27511 5215 7052 1246 976 5184 2723 660 270 6470 4750 213 841 826 2063 180 92 88
is_linear=0
shrinkage=0.05


Tree=97
num_leaves=31
num_cat=0
split_feature=2 13 13 15 0 14 3 11 7 13 12 14 3 4 11 14 10 17 13 11 14 1 9 17 14 12 0 4 22 14
split_gain=295.462 120.146 101.789 55.0681 52.2015 39.5637 31.0238 30.7515 30.3028 27.5182 27.5084 27.4721 24.5135 24.5059 19.3472 16.6886 17.3795 17.4923 13.5703 12.6857 12.584 12.1632 21.366 11.883 12.8937 10.7607 9.9164 8.42947 7.99767 7.73412
threshold=0.63245614035087727 0.73300330033003303 0.9979423868312759 1.0000000180025095e-35 0.16843971631205676 0.71714285714285719 0.86425061425061434 0.90567728650512891 0.73214285714285732 0.974521259331386 0.97315315315315332 0.30217391304347835 0.98076211616722175 0.57739470467585774 0.86784613958684831 0.94868421052631591 0.060737812911725968 0.87500000000000011 0.56675579322638159 0.89043787753465187 0.95119047619047625 0.8529266347687402 0.88303693570451447 0.63333333333333341 0.81101190476190488 0.43645592985694515 0.83803656597774256 0.65249530481069651 1.0000000180025095e-35 0.7633053221288516
decision_type=2 2 2 2 2 2 2 2 2 2 2 2 2 2 2 2 2 2 2 2 2 2 2 2 2 2 2 2 2 2
left_child=1 21 3 6 18 14 11 8 -8 -7 -9 -2 26 -13 -6 16 17 -14 -5 -18 23 -1 28 24 25 -3 27 -4 -23 -25
right_child=2 20 12 4 5 9 7 10 -10 -11 -12 13 15 -15 -16 -17 19 -19 -20 -21 -22 22 -24 29 -26 -27 -28 -29 -30 -31
leaf_value=-0.048611621650004794 -0.043493011667355731 0.080639963344431298 0.03009879795774701 -0.020519665401613083 0.00092530464628316821 0.0025089441946842539 0.013658087837743943 -0.013155162370662424 -3.8888926130542388e-07 -0.03269065733953512 0.015918977914383254 0.049545396656760769 0.051023762424608411 -0.019959516589781293 0.021112783064581211 0.049478646069961232 0.016684798908353247 -0.083068462854646113 0.039444577342510674 0.047058400576063544 0.026113451090165149 0.017921021391075247 1.0885170050218744 -0.010674884787614178 0.024993884344333958 -0.010249662622198126 -0.067422968270260175 -0.0053382486574845931 -0.037328784806251646 -0.046167804992753525
leaf_weight=410.81937284092419 78.443911550857592 3.3187502324581137 28.110504159703851 9.9618513075401989 176.14376964559779 160.17675414681435 502.26644708885578 600.53562008216977 2120.6469821813516 84.983449664898217 94.104918828234076 18.390375832095742 3.7370159295387548 40.854697967413813 363.82960471697152 132.82250760588795 79.230497997254133 6.9650189983658493 178.41212991112843 60.722721971105784 28.609126627445221 10.619104811281437 0.043841108330524459 31.258753071771935 34.192671097815037 173.6502363588661 4.5268442295491687 41.638331319205463 17.093516175344121 30.155297570861876
leaf_count=598043 94216 72 443 99 3617 2415 29402 4722 43572 1019 697 200 276 424 9144 12633 2866 202 12167 4263 911 1422 5 558 313 1818 54 1194 11918 240
internal_value=-0.000340712 -0.0297489 0.00420437 0.00213202 0.0126359 0.00696461 -0.000827426 0.000137778 0.0026151 -0.00969281 -0.00921641 -0.0240836 0.0298587 0.00161564 0.0145275 0.0365582 0.0251671 -0.0362451 0.0362735 0.0298633 -0.00543331 -0.0464473 -0.014413 -0.0087444 -0.00311432 -0.00854518 0.00428947 0.00894376 -0.0161578 -0.0281025
internal_weight=5526.26 739.761 4786.5 4428.75 973.508 785.134 3455.24 3317.55 2622.91 245.16 694.641 137.689 357.753 59.2451 539.973 283.478 150.655 10.702 188.374 139.953 301.185 438.576 27.7565 272.576 211.162 176.969 74.2757 69.7488 27.7126 61.4141
internal_count=838925 615300 223625 201694 28461 16195 173233 78393 72974 3434 5419 94840 21931 624 12761 20240 7607 478 12266 7129 3912 611388 13345 3001 2203 1890 1691 1637 13340 798
is_linear=0
shrinkage=0.05


Tree=98
num_leaves=31
num_cat=0
split_feature=6 14 13 0 2 5 6 4 0 13 0 12 10 1 4 6 2 7 4 3 1 2 4 3 12 13 12 18 8 14
split_gain=295.097 146.2 95.7742 55.5592 70.5251 93.1183 111.386 42.995 49.1682 40.2409 31.1679 29.523 28.2875 18.634 18.165 18.0564 35.6633 14.6514 14.4305 21.6817 14.388 18.2197 45.6893 13.4543 12.9178 11.4836 11.4221 10.9528 10.8117 10.7708
threshold=0.43650793650793657 0.1526806526806527 0.9979423868312759 0.45049019607843144 0.84660633484162906 0.77618722350963065 0.6515151515151516 0.9091524368313596 0.13921188630490958 0.58434262366846645 0.25227272727272732 1.0000000180025095e-35 0.93969696969696981 0.44386104149262051 0.8348012254901408 0.37980769230769235 0.917156862745098 0.86607142857142871 0.60484876437115653 0.99350649350649356 0.73838232398952042 0.3246621621621622 0.33138774539572574 0.91715686274509822 0.82427404196555309 0.53866082104424085 0.48394461629105917 1.0000000180025095e-35 1.0000000180025095e-35 0.9110671936758894
decision_type=2 2 2 2 2 2 2 2 2 2 2 2 2 2 2 2 2 2 2 2 2 2 2 2 2 2 2 2 2 2
left_child=1 11 3 4 7 26 -7 8 -2 12 18 20 -5 14 -11 27 23 -4 -3 -20 -1 22 -22 -17 -15 -9 -6 28 -12 -18
right_child=2 10 17 9 5 6 -8 25 -10 13 15 -13 -14 24 -16 16 29 -19 19 -21 21 -23 -24 -25 -26 -27 -28 -29 -30 -31
leaf_value=-0.039155374867725565 0.048486552714788911 0.095388708360007832 0.019045541077485007 -0.037811979755668121 0.0066344544148637975 -0.018779595153095414 0.0068362506948325425 -0.0069382058949364611 -0.021210373966647024 -0.019332558719687386 -0.015117216399594428 -0.049571035138467084 0.0046356863873532501 0.032877526158344196 0.01484812302685738 -0.034888224936148522 -0.065030218753714494 0.040454167038323177 -0.031099593948827109 0.027867873641268831 -0.050346905594268437 0.011557121775247165 1.6679690744985469 0.0012065963135603195 0.017500327265410762 0.06016267639896198 0.035310216575574149 -0.02314499434544311 0.007933232371336257 0.050771212835839345
leaf_weight=22.140018174133729 26.479618752200622 5.8248510116245589 139.65422686655074 53.413326121226419 40.758547234116122 571.54250624857377 1648.1452407129109 8.8245493056019786 570.18088640808128 56.255991627345793 76.778803348948713 416.24269493593602 148.00569016003283 201.66942396271043 125.77065594913438 38.070070797810331 49.259090806823224 186.83192936843261 20.336506332503632 66.770776685792953 0.11547660821816208 27.952836040698458 0.058174283243715763 80.216856791637838 423.1292037377134 22.981268343515694 234.62867026566528 64.798974585428368 150.76365263888147 2.0933108171448103
leaf_count=21457 647 98 6109 26028 2154 10606 32377 366 22186 672 6496 666313 1494 2467 1466 978 348 15184 273 1209 43 2565 11 1055 5035 309 3356 3220 4243 160
internal_value=-0.000327585 -0.0245688 0.00522626 0.00316622 -0.000127887 0.00364278 0.000240483 -0.0150978 -0.0181172 0.0133714 -0.00722445 -0.0452 -0.0066208 0.0183623 0.00428446 -0.0125392 -0.0255156 0.0312966 0.019196 0.014101 -0.00900455 0.0147289 0.525301 -0.0104103 0.0224637 0.0415455 0.0310661 -0.00500925 0.000155405 -0.0603097
internal_weight=5479.69 1021.42 4458.27 4131.79 3123.54 2495.07 2219.69 628.466 596.661 1008.24 554.913 466.509 201.419 806.825 182.027 461.981 169.639 326.486 92.9321 87.1073 50.2665 28.1265 0.173651 118.287 624.799 31.8058 275.387 292.341 227.542 51.3524
internal_count=838925 708469 130456 109163 72001 48493 42983 23508 22833 37162 18080 690389 27522 9640 2138 16500 2541 21293 1580 1482 24076 2619 54 2033 7502 675 5510 13959 10739 508
is_linear=0
shrinkage=0.05


Tree=99
num_leaves=31
num_cat=0
split_feature=6 6 14 14 14 6 9 6 1 0 0 7 8 9 1 6 0 9 0 0 5 14 17 4 0 0 20 4 12 12
split_gain=272.143 90.1471 89.0872 74.7724 62.8412 48.698 95.6787 62.9322 64.0937 37.3273 28.6396 28.1723 24.4116 24.3891 8.96372 8.08153 10.2782 8.69711 8.47733 9.0431 8.10488 7.8357 7.82512 8.68239 6.50749 6.44233 6.31393 6.02348 5.29718 4.91289
threshold=0.32051282051282054 0.95000000000000007 0.26201372997711675 0.26491228070175443 0.94868421052631591 0.76388888888888895 0.17445652173913045 0.58571428571428574 0.96168010752688182 0.16843971631205676 0.45049019607843144 0.89444444444444449 1.0000000180025095e-35 0.17974358974358975 0.88283236087583938 0.087121212121212141 0.33630952380952389 0.18834459459459463 0.70659971305595415 0.8790491118077326 0.58545472538704191 0.88348416289592768 0.63333333333333341 0.82300358116475347 0.74388789505068587 1.0000000180025095e-35 1.0000000180025095e-35 0.62402884485594912 0.90946348733233984 1.0000000180025095e-35
decision_type=2 2 2 2 2 2 2 2 2 2 2 2 2 2 2 2 2 2 2 2 2 2 2 2 2 2 2 2 2 2
left_child=3 4 22 14 5 7 9 8 -2 -7 -9 -8 13 27 -1 18 17 28 -5 -20 21 -18 23 -3 -15 -25 -21 -6 -17 -16
right_child=1 2 -4 15 12 6 11 10 -10 -11 -12 -13 -14 24 29 16 20 -19 19 26 -22 -23 -24 25 -26 -27 -28 -29 -30 -31
leaf_value=-0.048372136281772386 -0.0096433632296860066 0.045198412101543038 0.046016118493178201 0.05903696533729072 0.0026631354164185599 0.014471040108353395 -0.0433130356693157 0.0042420100125229523 0.034731885527170561 -0.012679013047615723 0.017381181648696762 0.053106047536187168 0.047939251799207362 0.044426798026684977 0.047998487011473176 0.028395478956763299 -0.037652873018749533 0.066027932279930632 -0.039800268699700755 0.041666118858273656 0.0040696716035730262 0.010211505436164269 -0.14292736533674913 -0.01837130076360189 -0.037481652725040553 0.0041769305552067041 -0.036104371015506634 -0.059000872025060047 -0.032973319539108169 -0.037261969187037905
leaf_weight=356.8753191116266 1178.8169147467706 11.160429316572843 233.4022595975548 8.9530650852248055 5.6928564533591297 237.76098122284748 206.9469871246838 1814.5503888741951 87.405144252930768 270.77266440627864 537.61209406144917 7.8638014388270667 97.138861493673176 22.033835746347908 3.7405448332428923 7.0486094895750302 47.777619888191111 6.9870347203686824 8.3894126589875686 12.007444789749568 26.974687384208664 10.414336357265709 0.93227442633360524 39.041771994438022 2.7247864538803688 167.95302335696761 3.3345887018367639 13.012380124069749 7.0167859895154834 3.0814931312925182
leaf_count=605216 131713 456 21236 107 53 2820 2420 35291 2370 3102 14518 98 8164 1278 74 78 1213 94 161 152 305 123 10 1637 106 4270 48 177 94 1541
internal_value=-0.000317849 0.00325199 0.0245215 -0.0353685 0.00110484 3.94525e-05 -0.011804 0.00240706 -0.00658022 1.47848e-05 0.00724511 -0.0397833 0.0340032 0.00285714 -0.0472869 -0.00416222 -0.0108523 0.020431 0.0175793 0.00193876 -0.0185852 -0.0290868 0.00162248 0.00224021 0.0354124 -7.5944e-05 0.0247627 -0.0402337 -0.0022195 0.00948661
internal_weight=5437.42 4934.82 452.49 502.601 4482.33 4341.73 723.344 3618.38 1266.22 508.534 2352.16 214.811 140.603 43.4639 363.697 138.904 106.219 21.0524 32.6845 23.7314 85.1666 58.192 219.087 218.155 24.7586 206.995 15.342 18.7052 14.0654 6.82204
internal_count=838925 229719 27609 609206 202110 192332 8440 183892 134083 5922 49809 2518 9778 1614 606831 2375 1907 266 468 361 1641 1336 6373 6363 1384 5907 200 230 172 1615
is_linear=0
shrinkage=0.05


Tree=100
num_leaves=31
num_cat=0
split_feature=2 14 15 0 14 12 12 1 3 11 12 11 11 14 1 14 12 1 8 4 3 3 25 8 11 10 14 14 17 1
split_gain=243.218 106.723 86.2139 51.7536 32.4211 78.5312 43.7822 39.3989 35.8608 35.396 30.846 30.3224 30.1175 47.8629 31.0646 27.2814 24.8233 22.7963 18.9448 18.8232 17.5098 16.9556 14.9577 14.5086 13.278 12.5812 11.8621 11.2216 11.6557 10.4287
threshold=0.63245614035087727 0.26491228070175443 1.0000000180025095e-35 0.16843971631205676 0.56385869565217395 0.90946348733233984 0.98312206238427591 0.94839989759344612 0.89725545390570038 0.77165036922408914 0.84756987316197119 0.74867953249736208 0.96216660739687077 0.57518796992481214 0.8529266347687402 0.76696832579185525 0.95548478414720461 0.91731416549789635 1.0000000180025095e-35 0.70092091833275905 0.99350649350649356 0.98076211616722175 1.0000000180025095e-35 1.0000000180025095e-35 0.68532871575057508 0.56982995748937249 0.60555555555555574 0.95119047619047625 0.70833333333333337 0.8529266347687402
decision_type=2 2 2 2 2 2 2 2 2 2 2 2 2 2 2 2 2 2 2 2 2 2 2 2 2 2 2 2 2 2
left_child=1 29 4 18 8 7 15 11 17 10 -10 -6 13 -5 -15 -7 -11 -2 20 -19 -4 23 -23 -14 25 -20 -9 28 -3 -1
right_child=2 27 3 12 5 6 -8 26 9 16 -12 -13 21 14 -16 -17 -18 19 24 -21 -22 22 -24 -25 -26 -27 -28 -29 -30 -31
leaf_value=-0.047871976123966056 -0.037805683946019797 -0.0040303372559563882 -0.048568616742793912 0.019095613403375643 0.035953538699729101 -0.014180446289551403 0.028398635623029828 0.02172440914972559 0.0050657594485866196 -0.012600573876885096 -0.020133870380483455 0.0045026704609382835 -0.020340267785506756 0.0067935069245675592 -0.024336100840549824 0.00731007813273189 0.074250861931490206 0.077665463226643819 -0.17586421541134234 -0.026236885125979482 0.048133357136643483 0.034240889097618257 0.0067356963316432643 0.025980817355072339 0.044818752823252213 0.0081771212002873309 0.05033714767159482 0.024591977866716217 -0.030654400712679154 -0.015229364385514879
leaf_weight=357.35891380556859 112.09665049187606 223.38898210285697 11.784888761932963 268.12092166382354 99.448422466404736 535.76867787260562 91.545337815303355 54.796504614874721 1171.3919805083424 680.78963383549126 135.48226357344538 334.10649875737727 38.614884993061423 152.95336698368192 168.35081197554246 203.87065649079159 8.3277118140831572 8.3782406081445533 0.99467539973556895 9.086349956749471 7.7658110531046978 208.68944479804486 64.768904151394963 30.067641564644873 193.84619523677975 13.98082388518378 106.86450025765225 27.470790778286755 50.378915080334991 26.26666978240246
leaf_count=597510 99991 2732 85 6286 786 4244 2376 463 57861 4862 801 2155 318 3471 4149 2490 59 270 27 257 138 9845 2749 700 17439 474 1329 911 822 13325
internal_value=-0.000304866 -0.0281466 0.00374188 0.0155771 -0.000123081 0.00570822 -0.00421972 0.019572 -0.00403631 -0.00238167 0.00245334 0.0117168 0.0103479 0.00349836 -0.00951719 -0.0082569 -0.011551 -0.0295273 0.036908 0.0236079 -0.0101572 0.022148 0.0277263 -6.19546e-05 0.0413144 -0.00404694 0.0406386 -0.00587278 -0.00892971 -0.045637
internal_weight=5396.76 684.864 4711.89 1159.94 3551.95 1426.4 831.185 595.216 2125.55 1995.99 1306.87 433.555 931.566 589.425 321.304 739.639 689.117 129.561 228.372 17.4646 19.5507 342.141 273.458 68.6825 208.822 14.9755 161.661 301.239 273.768 383.626
internal_count=838925 615300 223625 45681 177944 13843 9110 4733 164101 63583 58662 2941 27518 13906 7620 6734 4921 100518 18163 527 223 13612 12594 1018 17940 501 1792 4465 3554 610835
is_linear=0
shrinkage=0.05


Tree=101
num_leaves=31
num_cat=0
split_feature=6 14 13 0 2 5 6 0 4 13 11 0 10 6 9 12 6 9 11 10 8 9 0 0 5 0 9 4 10 12
split_gain=240.569 135.744 83.3818 49.4559 60.0379 91.5395 97.3671 43.4564 38.9225 36.4662 30.2234 26.8512 25.8745 16.9083 39.426 16.7874 15.6108 14.6876 13.822 24.6951 18.705 13.8108 13.5114 24.4508 13.2843 13.2034 17.6628 30.0049 12.5269 12.234
threshold=0.43650793650793657 0.13100686498855837 0.9979423868312759 0.45049019607843144 0.83910792512943055 0.77618722350963065 0.6515151515151516 0.13921188630490958 0.9091524368313596 0.58434262366846645 1.0000000180025095e-35 0.25227272727272732 0.93969696969696981 0.37980769230769235 0.19803921568627456 0.82427404196555309 0.95000000000000007 0.27361853832442073 0.89043787753465187 0.077221228384019097 1.0000000180025095e-35 0.11215932914046123 0.5865817091454274 0.25227272727272732 0.77219851408049234 0.5913729128014843 0.6195238095238097 0.57739470467585774 0.53883861236802422 0.48394461629105917
decision_type=2 2 2 2 2 2 2 2 2 2 2 2 2 2 2 2 2 2 2 2 2 2 2 2 2 2 2 2 2 2
left_child=1 10 3 4 7 29 -7 -2 -9 12 25 17 -5 -13 -15 28 -17 -3 19 22 21 -20 23 -4 -16 26 -1 -28 -11 -6
right_child=2 11 18 9 5 6 -8 8 -10 15 -12 13 -14 14 24 16 -18 -19 20 -21 -22 -23 -24 -25 -26 -27 27 -29 -30 -31
leaf_value=0.0046624428217232504 0.051558994828611648 0.0098956752340595873 0.025139129901631529 -0.037262931766019781 0.0048383747543260403 -0.018109059160501494 0.0057758528326052119 -0.020697178518864563 0.039334520158520139 0.019291057426220337 -0.04976469777819327 -0.0043814030052509965 0.0039453962870596325 -0.04989297497555667 0.010964342220996383 0.010191802464251897 0.045126088147625067 0.067527036016625436 -0.026302669850663121 0.021774645982312942 0.046790087926797341 0.031626476436577192 0.053046799387903923 -0.20864285253852943 -0.031536633925729494 -0.04200505081897464 0.13044712755182211 1.0929444302495896 0.042445115345930283 0.034001678803514124
leaf_weight=29.292009112192321 23.653532058815472 78.067753697687294 1.7869885861873616 51.308443612419069 42.209915933781303 575.73517524846829 1648.1208623300772 529.31199428957189 28.452389905462041 154.87137708230875 360.73776852735318 291.00407140247989 147.89108792325715 79.43132012168644 63.035140050342306 514.49549377709627 34.098152353428304 12.879231438040732 16.673203877173364 109.39023658959195 145.79393116245046 26.869853123091161 1.4507795711979268 2.989495093934238 25.956632552901283 17.644219759735279 1.1051746697630722 0.087373277870938071 93.793476554681547 242.91504763369448
leaf_count=5233 603 1300 73 26028 2299 10747 32614 21601 631 2035 662475 17452 1494 1225 1379 4145 2321 291 336 4855 14480 1460 41 48 271 18566 272 5 1139 3506
internal_value=-0.000292287 -0.0229767 0.00466235 0.00278041 -0.000342844 0.00301199 -0.000407724 -0.0148199 -0.0176349 0.0124668 -0.0447993 -0.00676501 -0.00666876 -0.0116787 -0.0242871 0.0172479 0.0123632 0.018057 0.0298833 0.0162612 0.0382015 0.00944465 -0.0805899 -0.12118 -0.00143211 -0.00758201 0.0123418 0.200966 0.0280245 0.0296843
internal_weight=5351.05 959.241 4391.81 4086.86 3090.4 2508.98 2223.86 581.418 557.764 996.458 408.867 550.374 199.2 459.427 168.423 797.258 548.594 90.947 304.954 115.617 189.337 43.5431 6.22726 4.77648 88.9918 48.1288 30.4846 1.19255 248.665 285.125
internal_count=838925 708469 130456 109163 72001 49166 43361 22835 22232 37162 686551 21918 27522 20327 2875 9640 6466 1591 21293 5017 16276 1796 162 121 1650 24076 5510 277 3174 5805
is_linear=0
shrinkage=0.05


Tree=102
num_leaves=31
num_cat=0
split_feature=6 13 13 6 13 0 6 0 13 3 14 1 1 1 6 0 14 5 6 6 6 5 0 17 0 0 11 23 9 10
split_gain=225.045 80.9453 73.3552 53.1849 69.0019 44.0851 36.4913 80.7428 53.2177 20.4807 21.548 20.0242 21.8802 8.66905 8.33618 15.4778 8.26366 7.90425 9.14623 7.84937 11.0168 8.32903 7.82609 7.80259 7.63372 8.33803 6.73616 6.59198 8.5124 11.054
threshold=0.32051282051282054 0.9979423868312759 0.73300330033003303 0.95000000000000007 0.73300330033003303 0.059714795008912663 0.76388888888888895 0.16843971631205676 0.56021978021978036 0.98076211616722175 0.94868421052631591 0.93348815322499534 0.85601143615849506 0.97336652441915616 0.6515151515151516 0.043961352657004842 0.082207207207207214 0.7047044118113126 0.58571428571428574 0.087121212121212141 0.17156862745098042 0.63669284681712146 0.40129870129870138 0.29166666666666669 0.70659971305595415 0.8790491118077326 0.68122887227491058 1.0000000180025095e-35 0.35781671159029654 0.40121951219512203
decision_type=2 2 2 2 2 2 2 2 2 2 2 2 2 2 2 2 2 2 2 2 2 2 2 2 2 2 2 2 2 2
left_child=2 3 22 5 13 14 8 -8 -7 17 11 12 -11 -5 16 -16 -2 -3 -19 24 -21 -22 27 -15 -4 -26 -23 28 -1 -30
right_child=1 9 19 4 -6 6 7 -9 -10 10 -12 -13 -14 23 15 -17 -18 18 -20 20 21 26 -24 -25 25 -27 -28 -29 29 -31
leaf_value=-0.0044150057599982567 0.011016515608022059 0.0095697021432881585 0.058146560855516297 0.0086659122449097778 0.04447489029030189 -0.014047561697573836 0.011528152669595424 -0.024163320973196623 0.0035084661697621332 0.025253766077873024 0.049225141857883542 0.045388169488096972 -0.025143141753010696 -0.0094839314400799596 0.030110409231588142 -0.059375156392780251 0.052442106412082745 -0.1212103792985066 -0.0068554113931329113 -0.043888614009385901 -0.014424070398706468 0.09325192665227669 -0.048181900577299312 -0.11241808283203376 -0.037697610118167788 0.025124756830857527 0.011276924312741953 -0.050587942121415388 0.81508176739460403 0.10845847715132842
leaf_weight=3.9857012610882521 15.733640549937261 71.125277140177786 8.9018186805769783 138.96256110200193 156.47183795413002 508.988164543116 243.20724052668083 454.73286732053384 2841.3336446550093 57.212592607364058 116.40329848742113 50.893173042219132 34.538410971406847 79.811324383830652 21.71620506444015 6.2151642655953756 51.260389182949439 2.5361053412780148 5.6304821548983455 18.979945732047781 49.588708295486867 2.7410504836589125 312.33077360800235 1.8844948983751226 7.9969319310039308 15.555858226492999 29.230447098612785 4.0377673794282583 0.057580508291721233 1.42598104319768
leaf_count=611 351 1616 102 3828 13575 147040 2759 5074 29598 2722 13226 3747 1319 2651 444 128 1456 25 129 408 694 21 600611 31 104 170 367 5930 1 187
internal_value=-0.000282027 0.00286632 -0.0339136 0.00110069 0.019077 -0.000535591 -0.00132537 -0.0117261 0.000841316 0.0264557 0.0332616 0.0202348 0.00628254 0.00106708 0.0331459 0.0101985 0.0427132 0.00422043 -0.0423679 -0.00267721 -0.00957863 -0.00159432 -0.0468216 -0.0118583 0.0187025 0.00379454 0.018305 -0.00213176 0.0336418 0.135884
internal_weight=5313.49 4858.66 454.833 4520.32 377.13 4143.19 4048.26 697.94 3350.32 338.339 259.047 142.644 91.751 220.658 94.9254 27.9314 66.994 79.2919 8.16659 132.995 100.54 81.5602 321.838 81.6958 32.4546 23.5528 31.9715 9.50703 5.46926 1.48356
internal_count=838925 229719 609206 206935 20085 186850 184471 7833 176638 22784 21014 7788 4041 6510 2379 572 1807 1770 154 1866 1490 1082 607340 2682 376 274 388 6729 799 188
is_linear=0
shrinkage=0.05


Tree=103
num_leaves=31
num_cat=0
split_feature=6 13 13 6 13 0 6 9 13 3 11 18 8 1 4 10 9 1 6 4 17 0 12 6 6 3 4 11 18 15
split_gain=210.273 75.3925 71.9964 48.9913 66.4397 40.752 33.0434 76.7159 48.2754 19.6914 21.8907 21.2686 15.4955 14.5027 12.8446 12.5874 12.1849 8.17552 11.7818 7.98764 7.92543 7.67724 7.65692 7.12942 10.1027 7.50709 7.42182 6.4495 5.74574 7.0013
threshold=0.32051282051282054 0.9979423868312759 0.73300330033003303 0.95000000000000007 0.73300330033003303 0.059714795008912663 0.76388888888888895 0.16064516129032261 0.56021978021978036 0.98076211616722175 0.89043787753465187 1.0000000180025095e-35 1.0000000180025095e-35 0.93896677559912867 0.78573924488759916 0.060737812911725968 0.033908045977011504 0.97336652441915616 0.6515151515151516 0.82300358116475347 0.18333333333333338 0.40129870129870138 0.99773755656108609 0.087121212121212141 0.17156862745098042 0.97498436522826781 0.76290944104691372 0.63756389159411342 1.0000000180025095e-35 1.0000000180025095e-35
decision_type=2 2 2 2 2 2 2 2 2 2 2 2 2 2 2 2 2 2 2 2 2 2 2 2 2 2 2 2 2 2
left_child=2 3 21 5 19 17 8 -8 -7 12 11 15 14 -13 22 -11 -16 -2 -19 -5 -21 -1 -3 26 -25 -26 -4 -27 -14 -30
right_child=1 9 23 4 -6 6 7 -9 -10 10 -12 13 28 -15 16 -17 -18 18 -20 20 -22 -23 -24 24 25 27 -28 -29 29 -31
leaf_value=-0.0021952183394914576 0.054287434570550401 0.022542972155583155 0.010124199821421022 0.043250030079480813 0.044157075849777183 -0.013433010498507827 -5.6328884504287142e-05 -0.035964767247006584 0.0033335372123862853 -0.082275667021347115 0.044992142027692264 -0.053164886423943174 0.035576938251643715 0.036451997459908264 -0.0084876745697809071 0.030529783340804889 -0.13855203835446334 0.036313693923264494 -0.010585272240782014 0.0015885161384493558 -0.035867350755733843 -0.048067590822037938 -0.025465793513874194 -0.042228571249751379 -0.019812359698640689 0.082590348292346627 0.091918624812364721 0.006404643437913248 -0.068058089468540695 0.038826493505464237
leaf_weight=9.4092066640732792 28.963692486286163 14.83584197051823 29.144168784376234 10.653966125100849 149.88512297999114 505.74519014946418 480.35049369058106 215.45886868325761 2840.9231034012046 2.5539137953892341 147.90836985455826 16.148397123441104 31.837661263998598 6.2663352908566585 3.3808697722852221 78.009848715271801 3.8527960442006588 44.67493295436725 19.123735873494297 194.68316336662974 15.227516658604143 297.78720658295788 18.867433909326792 18.745861866511405 33.206200827844441 2.9595131874084464 3.0650044353678814 45.272486174013466 3.2223194306716314 2.9208881352096796
leaf_count=6729 670 133 320 445 13575 147040 5292 2541 29598 61 16085 446 1282 285 30 4137 31 1302 407 5745 320 600611 171 408 452 31 56 599 30 93
internal_value=-0.000269812 0.00274008 -0.0333786 0.00105095 0.0184704 -0.000509546 -0.00126144 -0.0111755 0.000799793 0.0258164 0.0326685 0.0149681 0.00403269 -0.0281113 -0.0173081 0.0269538 -0.0777626 0.0322571 0.0222557 0.00101499 -0.00112864 -0.0466626 -0.00433282 -0.0025555 -0.00913442 -0.00151663 0.0179077 0.0110794 0.0270344 -0.0172381
internal_weight=5275.08 4835.49 439.59 4505.69 370.45 4135.24 4042.48 695.809 3346.67 329.805 250.887 102.978 78.9178 22.4147 40.9369 80.5638 7.23367 92.7624 63.7987 220.565 209.911 307.196 33.7033 132.393 100.184 81.4382 32.2092 48.232 37.9809 6.14321
internal_count=838925 229719 609206 206935 20085 186850 184471 7833 176638 22784 21014 4929 1770 731 365 4198 61 2379 1709 6510 6065 607340 304 1866 1490 1082 376 630 1405 123
is_linear=0
shrinkage=0.05


Tree=104
num_leaves=31
num_cat=0
split_feature=6 14 13 0 0 1 1 9 4 0 11 13 1 10 1 4 12 1 11 1 18 9 6 0 0 9 9 6 4 4
split_gain=199.368 122.575 68.6299 45.3805 44.2067 71.8738 70.0087 77.3532 55.0163 49.9277 31.4348 29.9527 25.0114 24.4441 16.5666 15.8461 15.514 14.0771 14.5587 24.0767 24.5925 12.9744 40.0525 18.1629 12.1438 15.5517 25.5998 11.4808 11.1854 10.3701
threshold=0.43650793650793657 0.13100686498855837 0.9979423868312759 0.45049019607843144 0.16843971631205676 0.84708196726872453 0.94395499108734415 0.16843971631205676 0.8471993603978466 0.27842377260981915 1.0000000180025095e-35 0.58434262366846645 0.92284702886618086 0.93969696969696981 0.44386104149262051 0.8348012254901408 0.43341543513957315 0.93348815322499534 0.86784613958684831 0.85903128054740974 1.0000000180025095e-35 0.11215932914046123 0.34523809523809529 0.27842377260981915 0.5913729128014843 0.74322344322344336 0.75893997445721595 0.72077922077922085 0.61399195922185446 0.86107775762885541
decision_type=2 2 2 2 2 2 2 2 2 2 2 2 2 2 2 2 2 2 2 2 2 2 2 2 2 2 2 2 2 2
left_child=1 10 3 4 5 29 9 -8 -7 -6 24 13 16 -5 15 -13 -3 18 19 -4 -21 22 -18 -23 25 -1 -27 -16 -14 -2
right_child=2 12 17 11 6 8 7 -9 -10 -11 -12 14 28 -15 27 -17 21 -19 -20 20 -22 23 -24 -25 -26 26 -28 -29 -30 -31
leaf_value=0.0089944192426628395 0.0066746822540472792 0.058013354160519927 0.025381667252201784 -0.036321709660167303 -0.023655658644633339 0.043435954534438978 0.020864250836345435 -0.026175800627024699 0.0010932509413431068 -0.0040266196189750738 -0.049722257728837781 -0.019364053273723692 0.087194509027524014 0.0045461172686327052 0.024012147902211317 0.012821824836589219 -0.003570962728400988 0.044242411691357342 0.031191055116419952 -0.0056339149899901162 -0.11250978994359442 0.053223777203439383 -0.054480579089547371 -0.0087041793942920758 -0.040979372122058939 1.0683963040189768 0.1088583030665244 0.0080411721392805238 0.013644960887030389 0.06921208134901094
leaf_weight=29.712072250375062 7.601218744472134 7.9643952134647398 44.527820955496281 48.736164684058167 479.53560013428796 83.686553851817735 412.14006014249753 110.91338147642091 920.72456827235874 998.49402935639955 316.41665746821673 55.492281511775218 5.5329951364547005 146.79994991491549 462.84084632538725 123.01127976505086 97.489741019671783 91.249992789234966 117.5327077396214 20.219566130544994 7.3351112715899935 12.366089260263832 63.994220889639109 278.31152912360267 15.774058884213444 0.089352809009141221 0.31302388315089047 148.66957309748977 78.64123854553327 51.823970015626401
leaf_count=5422 382 2284 1835 26028 11471 2029 6899 1731 22798 25761 662475 672 102 1494 4118 1466 3350 9439 9206 678 135 173 969 13637 18566 21 67 3384 1403 930
internal_value=-0.000257744 -0.0215793 0.00420514 0.0025478 -0.000453314 0.00778237 -0.00483165 0.0108894 0.0046212 -0.0103951 -0.0441136 0.0118808 -0.0065797 -0.00563994 0.0162174 0.00281604 -0.011164 0.0281063 0.020341 0.00264979 -0.0340845 -0.0123825 -0.0237459 -0.00606962 -0.0054399 0.0131758 0.321936 0.0201293 0.0184796 0.0612128
internal_weight=5237.94 906.605 4331.33 4050.47 3064.92 1063.84 2001.08 523.053 1004.41 1478.03 362.305 985.55 544.3 195.536 790.014 178.504 460.126 280.865 189.615 72.0825 27.5547 452.162 161.484 290.678 45.8885 30.1144 0.402377 611.51 84.1742 59.4252
internal_count=838925 708469 130456 109163 72001 26139 45862 8630 24827 37232 686551 37162 21918 27522 9640 2138 20413 21293 11854 2648 813 18129 4319 13810 24076 5510 88 7502 1505 1312
is_linear=0
shrinkage=0.05


Tree=105
num_leaves=31
num_cat=0
split_feature=6 13 6 13 14 6 9 6 1 1 3 13 4 1 1 0 10 14 22 6 6 4 3 1 9 13 11 9 11 4
split_gain=183.6 69.6618 66.9814 81.7084 45.9419 38.5799 74.0232 49.8837 51.9212 33.8476 26.746 25.6661 16.6243 11.7024 7.73617 7.70176 6.67211 10.8858 6.59579 6.55482 9.17718 7.10915 6.74083 6.45878 5.78917 6.17778 5.75338 5.70363 5.36198 5.23197
threshold=0.32051282051282054 0.73300330033003303 0.95000000000000007 0.73300330033003303 0.94868421052631591 0.76388888888888895 0.17445652173913045 0.58571428571428574 0.96168010752688182 0.8529266347687402 0.94826048171275656 0.93764952153110059 0.9091524368313596 0.8343909897292251 0.97336652441915616 0.40129870129870138 0.79768592830390594 0.44097222222222227 1.0000000180025095e-35 0.087121212121212141 0.17156862745098042 0.15590720336335895 0.97498436522826781 0.39013748597081938 0.35781671159029654 0.65485893416927909 0.63756389159411342 0.19292803970223329 0.97212578937568661 0.82300358116475347
decision_type=2 2 2 2 2 2 2 2 2 2 2 2 2 2 2 2 2 2 2 2 2 2 2 2 2 2 2 2 2 2
left_child=1 15 4 14 5 7 9 8 -2 -7 13 -9 -8 18 29 24 17 -16 -6 21 -21 28 27 -23 -1 -26 -24 -22 -3 -4
right_child=2 19 3 -5 10 6 12 11 -10 -11 -12 -13 -14 -15 16 -17 -18 -19 -20 20 22 23 26 -25 25 -27 -28 -29 -30 -31
leaf_value=-0.024182183607210177 -0.0089070566052149771 -0.039253037982373631 0.042098226891636698 0.045505429751791789 -0.032014077578079086 0.024875673504062817 -0.039150699723440686 0.0022672438202470499 0.032226858445822862 -0.0071249412870293752 0.047746160177477376 0.013176395840180967 0.030957685653459827 0.033290917074440908 -0.03557648392945955 -0.047851199768694827 -0.0043348100267651297 -0.38100941305789954 0.05678229155055118 -0.040383591580291645 -0.0390337667022011 -0.049839540773439134 0.077828557176721269 0.048893343532368981 0.03140497152148352 0.25425717739647269 0.0061425930885541163 0.0025106281334329066 0.021846326056173843 0.0053580282814819774
leaf_weight=6.9379856761952379 1150.9117841885891 7.1915548914112133 10.485419331351293 192.95245528314263 22.27582237683237 104.20456888328772 196.34230545791797 1465.0888043870218 82.194585915771313 399.16268125188071 80.447114492300898 853.11138127418235 8.8361029339721409 14.233943929430096 15.328790732659396 271.61355742573505 66.291201202431694 0.23151801666244942 2.307977717369794 18.485716206952929 16.908600544556975 1.8494499283842767 2.983799804467707 15.869213674217461 1.9233506818418393 0.37096559186466027 45.179068429395556 16.155136186163872 7.1716834455728531 127.73075739038177
leaf_count=5421 131713 97 443 21099 313 1297 2399 37602 2370 4625 8874 12207 119 543 1378 600611 1284 20 48 408 213 35 31 212 1301 7 599 239 32 3385
internal_value=-0.000248825 -0.0322514 0.00250684 0.021755 0.00069143 -0.00016549 -0.0108183 0.00195992 -0.00616521 -0.000500334 0.0312985 0.00628188 -0.0361314 -0.00278807 0.000931022 -0.0463247 -0.011251 -0.0407161 -0.0236777 -0.00226199 -0.00858695 0.0173963 -0.00135061 0.0385877 -0.00141375 0.0674377 0.0105837 -0.0187349 -0.00874562 0.00814523
internal_weight=5204.78 412.64 4792.14 413.02 4379.12 4259.85 708.546 3551.31 1233.11 503.367 119.265 2318.2 205.178 38.8177 220.068 280.846 81.8515 15.5603 24.5838 131.794 99.7123 32.0819 81.2266 17.7187 9.2323 2.29432 48.1629 33.0637 14.3632 138.216
internal_count=838925 609206 229719 27609 202110 192332 8440 183892 134083 5922 9778 49809 2518 904 6510 607340 2682 1398 361 1866 1490 376 1082 247 6729 1308 630 452 129 3828
is_linear=0
shrinkage=0.05


Tree=106
num_leaves=31
num_cat=0
split_feature=6 13 6 13 14 17 11 10 14 1 13 3 14 1 23 11 1 4 5 17 4 2 14 12 6 5 4 4 22 23
split_gain=171.363 68.0736 62.0405 78.9616 42.9476 36.698 85.0225 39.9005 32.4338 32.2175 30.2321 26.0945 19.0188 9.5659 8.27937 11.1863 11.9257 14.7073 10.4509 7.43762 7.60112 7.82732 6.27719 12.4458 5.97366 8.62676 6.99754 5.7687 5.70463 5.30743
threshold=0.32051282051282054 0.73300330033003303 0.95000000000000007 0.73300330033003303 0.94868421052631591 0.87500000000000011 0.96744022847817235 0.1622776622776623 0.8377192982456142 0.93348815322499534 0.974521259331386 0.97182539682539704 0.65108695652173931 0.8343909897292251 1.0000000180025095e-35 1.0000000180025095e-35 0.35843401463149366 0.6396097125050052 0.17058172205523869 0.36666666666666675 0.82300358116475347 0.99333333333333351 0.13100686498855837 0.36323411102172171 0.087121212121212141 0.63669284681712146 0.76290944104691372 0.86107775762885541 1.0000000180025095e-35 1.0000000180025095e-35
decision_type=2 2 2 2 2 2 2 2 2 2 2 2 2 2 2 2 2 2 2 2 2 2 2 2 2 2 2 2 2 2
left_child=1 14 4 19 5 6 7 -2 10 -10 -7 13 -8 28 15 16 17 -1 -18 20 -4 -22 -17 -24 26 29 -3 -27 -6 -26
right_child=2 24 3 -5 11 8 12 -9 9 -11 -12 -13 -14 -15 -16 22 18 -19 -20 -21 21 -23 23 -25 25 27 -28 -29 -30 -31
leaf_value=-0.050066934142499811 -0.018668908056648035 0.009335024917765139 0.044438709622137758 0.045240547996716313 -0.027151306787043961 -0.017238983793676329 0.00058603051760564278 0.00090492109465410871 -0.068093136382833638 0.040174266464104942 0.011484914967881154 0.048474556462738884 0.03301819180025347 0.029724173216356425 -0.05004823951282085 -0.050056394833150532 0.61798098528844581 1.4424808792694419 0.023207199547999796 -0.067547077130804475 -0.032492568509843972 0.0029667872158833388 0.23553376806417514 -0.017272460135068526 -0.013351596908388103 0.038451352941888783 0.09127517936582473 -0.0033450326342221825 0.056380010496941559 -0.054272700326261018
leaf_weight=0.032541377760934576 283.57889533042908 28.802194548305128 10.116444041952489 184.58987581776455 23.449215015396479 306.34443187172292 55.433380740694702 3179.1522508732742 42.904417192563415 8.1815507253631932 130.68325084634125 74.198706990573555 244.94526317901909 15.644286253955213 223.79384973534616 26.103285270655761 0.074849394703050964 0.033492297399789095 5.5690787395578809 3.8996455518063149 16.959807341219857 188.95326857804321 0.50720011338125814 12.129088967951246 53.65080529008992 12.65393699519336 2.8646471747197202 23.749900409951806 2.2391152884811154 9.2967686364427191
leaf_count=33 2999 320 441 21099 360 3115 682 178157 377 189 1540 8703 5273 664 543423 59002 154 7 1914 53 458 5558 60 2747 658 124 56 297 51 411
internal_value=-0.000237992 -0.0317045 0.00239514 0.0211278 0.000659814 -0.000157621 0.00151548 -0.000698069 -0.0130564 -0.0507538 -0.00864975 0.0307391 0.027033 -0.00109894 -0.0461334 -0.026423 0.0389111 0.706954 0.031095 0.000889689 0.00212507 4.62158e-05 -0.0360529 -0.00712523 -0.00216327 -0.0081908 0.0167475 0.0111833 -0.0198703 -0.0193953
internal_weight=5170.54 399.262 4771.27 404.519 4366.75 4251.22 3763.11 3462.73 488.114 51.086 437.028 115.531 300.379 41.3326 268.243 44.4495 5.70996 0.0660337 5.64393 219.929 216.03 205.913 38.7396 12.6363 131.018 99.3514 31.6668 36.4038 25.6883 62.9476
internal_count=838925 609206 229719 27609 202110 192332 187111 181156 5221 566 4655 9778 5955 1075 607340 63917 2108 40 2068 6510 6457 6016 61809 2807 1866 1490 376 421 411 1069
is_linear=0
shrinkage=0.05


Tree=107
num_leaves=31
num_cat=0
split_feature=6 23 15 6 0 1 0 0 6 9 5 0 6 0 17 12 1 6 9 0 13 6 6 9 13 13 11 12 6 8
split_gain=161.99 112.241 57.9808 48.3641 34.7311 31.015 33.0199 35.6836 30.4567 68.6774 62.5262 76.3197 44.8637 31.6932 27.2816 25.5732 18.276 23.0017 18.2393 18.1692 18.1025 13.6976 12.4948 30.3757 12.1691 11.8492 26.5685 18.4714 11.4148 11.6753
threshold=0.43650793650793657 1.0000000180025095e-35 1.0000000180025095e-35 0.86607142857142871 0.52803983228511542 0.92840996168582379 0.41048534798534803 0.16843971631205676 0.6515151515151516 0.16064516129032261 0.94382360726087744 0.059714795008912663 0.72077922077922085 0.15184453227931491 1.0000000180025095e-35 0.75083892617449677 0.51825847763347777 0.70714285714285718 0.18301435406698566 0.20881782945736438 0.48828053470060434 0.72077922077922085 0.37980769230769235 0.11834733893557424 0.58434262366846645 0.54847926267281111 1.0000000180025095e-35 0.45078563868761706 0.80909090909090919 1.0000000180025095e-35
decision_type=2 2 2 2 2 2 2 2 2 2 2 2 2 2 2 2 2 2 2 2 2 2 2 2 2 2 2 2 2 2
left_child=1 19 4 5 8 6 7 -4 10 20 13 -12 -11 -2 -6 -3 18 -18 -16 -1 -10 -8 25 -24 -5 26 -21 -27 29 -7
right_child=2 15 3 24 14 28 21 -9 9 12 11 -13 -14 -15 16 -17 17 -19 -20 22 -22 -23 23 -25 -26 27 -28 -29 -30 -31
leaf_value=0.019284885512640796 0.033813571259932777 -0.048669446020111445 0.041454435622053303 -0.0098951203807754809 -0.004199661761809706 -0.040123451289680014 0.019021275177260433 -0.013766009364430246 -0.0033555129953987232 0.0071856793071384097 0.040316242148374037 -0.029605747348213248 -0.027812066839423222 -0.0021569721112300799 0.019707590000665905 -0.007643763627439089 0.041797934214272657 -0.00045182124490220749 -0.010227974178650727 0.038525606464563218 0.010446469335789473 -0.0084022712931638086 -0.045887217933603307 -0.0031441284225085875 0.049892142042132846 0.099606632545049367 -0.046287933320785658 -0.00050181638767601844 -0.030140041154666227 0.029158892071044197
leaf_weight=63.047458687156904 72.630690159508958 282.04846053390065 32.88158651906997 9.2704167887568456 187.83999334828695 6.2425982244312754 301.90288731572218 265.30036188312806 307.01004965655738 138.06519270490389 43.243364503374323 400.11000663426239 271.91515902429819 390.35303035133984 150.98772042203927 43.896936987061054 128.71561485761777 42.968627336667851 76.747162746381946 12.258688302681547 1050.398635476944 53.621457715518773 68.431141260603908 105.87533843959682 103.89545375481248 4.6967438137507989 37.419423387997085 243.43290879661799 8.9507195586338621 234.68655171291903
leaf_count=1762 1439 616297 862 89 20407 49 6977 5041 10835 2432 726 6981 4085 23875 2088 414 1556 781 1354 2572 10210 1155 3206 7113 16250 250 71716 5139 380 12884
internal_value=-0.000227606 -0.0200137 0.00375533 0.0141802 0.000504918 0.010321 0.0045938 -0.00767665 -0.00191339 0.0019081 -0.00936542 -0.0227858 -0.0160262 0.00348592 0.0115152 -0.0431443 0.0189056 0.0312238 0.00961924 -0.0059258 0.00732482 0.0148852 -0.00929251 -0.0199247 0.0449944 -0.00306952 -0.0253591 0.0013931 0.025304 0.0273638
internal_weight=5138.84 861.107 4277.74 1016.75 3260.99 903.586 653.706 298.182 2673.73 1767.39 906.337 443.353 409.98 462.984 587.259 325.945 399.419 171.684 227.735 535.162 1357.41 355.524 472.114 174.306 113.166 297.808 49.6781 248.13 249.88 240.929
internal_count=838925 708469 130456 43687 86769 27348 14035 5903 60583 27562 33021 7707 6517 25314 26186 616711 5779 2337 3442 91758 21045 8132 89996 10319 16339 79677 74288 5389 13313 12933
is_linear=0
shrinkage=0.05


Tree=108
num_leaves=31
num_cat=0
split_feature=2 14 6 14 6 9 6 1 9 1 1 14 5 1 7 3 7 6 23 1 6 11 14 17 1 14 17 1 14 12
split_gain=155.222 82.538 48.6797 73.6004 37.115 59.361 44.1534 43.9574 45.3857 31.0361 40.7378 29.3086 36.6187 28.242 24.9744 19.0592 16.3522 14.7128 11.2777 10.8478 10.0374 9.21609 8.74055 8.14572 7.23798 6.83992 6.12611 6.10155 5.99204 18.5583
threshold=0.63245614035087727 0.26491228070175443 0.95000000000000007 0.2752525252525253 0.78888888888888908 0.17445652173913045 0.58571428571428574 0.96168010752688182 0.14119601328903655 0.8529266347687402 0.91731416549789635 0.73798627002288331 0.57342796031319943 0.78003132371411954 0.89444444444444449 0.93063352044907788 0.88194444444444453 0.72077922077922085 1.0000000180025095e-35 0.92840996168582379 0.95000000000000007 0.48545991045991055 0.34057971014492755 0.45000000000000007 0.71166962266033484 0.95119047619047625 0.63333333333333341 0.99782608695652186 0.13423423423423428 0.42260781181936991
decision_type=2 2 2 2 2 2 2 2 2 2 2 2 2 2 2 2 2 2 2 2 2 2 2 2 2 2 2 2 2 2
left_child=1 18 4 26 6 9 7 8 -2 13 -11 12 -8 -6 15 -7 -13 19 21 25 -19 23 -9 24 -1 -3 27 -4 -23 -30
right_child=2 17 3 -5 5 14 11 22 -10 10 -12 16 -14 -15 -16 -17 -18 20 -20 -21 -22 28 -24 -25 -26 -27 -28 -29 29 -31
leaf_value=-0.044052747993683444 -0.016550977414184775 -0.0071207450105019209 0.0049800332655189055 0.044320048736052414 0.0023849500952848532 0.13127849450223281 0.032791719316563071 0.0049861367209335988 0.0037242227196743749 -0.047235922230073349 -0.00045426344623877369 0.006978543131052734 0.0031190964092958733 0.055168260858808132 0.053483220542671128 -0.038920785713132067 0.027772084793124287 -0.051687018407545485 -0.049348618407809269 0.050865820869114897 0.050963237424807177 -0.047797547594590706 0.040803647729954012 0.472548919706619 0.032123202151373528 0.020755368475913999 -0.12262438748434981 -0.016855164921973354 0.090350286176068773 -0.040619187204472051
leaf_weight=4.6472329231619343 586.55357388709672 232.64491009811172 176.01512337941676 171.24291857099161 62.521994925104082 1.6603743422310788 110.54418250592425 23.823896757210605 521.33634740900015 53.776769450865686 345.60161310201511 153.32354180142283 1749.8388903870364 42.615287705557421 7.9075103253126136 176.04157989355735 246.65035368409008 24.043231608346108 219.76070130290464 9.1680218619294447 2.6432510307058683 32.45829368988052 59.753798483405262 0.094613574445248427 9.4784085651044716 24.304140094667673 1.0066203232854594 39.101137564517558 3.5465361036185632 11.396521751070393
leaf_count=3420 63097 3071 4718 20970 930 22 5308 699 75185 555 4482 3449 30011 580 112 2277 7474 199 541049 175 198 62741 2095 1 1011 822 13 1648 332 2281
internal_value=-0.00021929 -0.0247101 0.00288543 0.0198354 0.00130023 -0.00928506 0.00341655 -0.00437234 -0.00701014 -0.000390605 -0.00675347 0.00752218 0.00488225 0.0237796 -0.0334616 -0.0373305 0.0198012 -0.00612643 -0.044048 -0.00257715 -0.0415197 -0.0251446 0.0305938 0.010159 0.00706187 -0.00448402 0.000435256 0.0010111 -0.0357356 -0.00953532
internal_weight=5103.5 574.186 4529.32 387.366 4141.95 690.125 3451.82 1191.47 1107.89 504.516 399.378 2260.36 1860.38 105.137 185.609 177.702 399.974 292.804 281.382 266.117 26.6865 61.6216 83.5777 14.2203 14.1256 256.949 216.123 215.116 47.4014 14.9431
internal_count=838925 615300 223625 27349 196276 8958 187318 141076 138282 6547 5037 46242 35319 1510 2411 2299 10923 4465 610835 4068 397 69786 2794 4432 4431 3893 6379 6366 65354 2613
is_linear=0
shrinkage=0.05


Tree=109
num_leaves=31
num_cat=0
split_feature=2 13 15 6 1 6 0 2 3 7 2 4 6 6 0 6 1 4 0 6 13 1 1 0 4 6 22 1 1 14
split_gain=143.382 85.4368 55.4187 44.7347 30.4565 25.1972 32.7274 33.8426 47.5854 28.9618 35.3071 26.8198 61.4174 41.0301 26.6675 19.9804 27.3341 14.5269 14.243 14.1159 13.7435 12.7947 9.52103 11.7845 12.5696 9.4013 7.86632 7.20831 6.80542 11.3581
threshold=0.63245614035087727 0.73300330033003303 1.0000000180025095e-35 0.86607142857142871 0.95754013329469723 0.58571428571428574 0.097800095648015326 0.90521114106019784 0.99350649350649356 0.61250000000000016 0.86391694725028068 0.9091524368313596 0.72077922077922085 0.6515151515151516 0.49590163934426235 0.78888888888888908 0.88800900900900914 0.57739470467585774 0.52041666666666686 0.72077922077922085 0.58434262366846645 0.8529266347687402 0.92840996168582379 0.536811201445348 0.35542579000658048 0.95000000000000007 1.0000000180025095e-35 0.73838232398952042 0.97789987789987798 0.37171052631578955
decision_type=2 2 2 2 2 2 2 2 2 2 2 2 2 2 2 2 2 2 2 2 2 2 2 2 2 2 2 2 2 2
left_child=1 21 5 4 15 6 28 8 -8 10 17 12 -11 -13 -9 18 -17 -7 -4 22 -5 -1 23 24 -3 -21 -23 -25 -2 -30
right_child=2 19 3 20 -6 9 7 14 -10 11 -12 13 -14 -15 -16 16 -18 -19 -20 25 -22 26 -24 27 -26 -27 -28 -29 29 -31
leaf_value=-0.047555004604432016 0.051835236960938995 -0.053022272370813063 0.0046038008844014799 -0.015718510307254668 0.034536519090074873 0.057929365586595685 -0.024891546982844077 -0.030031588443307857 0.010861515327996549 0.0072682504387455871 0.058969563778998195 -0.012017046587075857 -0.024144418488413769 0.0073225844993872391 0.0002639151014949942 0.0084557337465409905 -0.046669543623456211 -0.0026887355367132167 0.019756720069597965 -0.049494975254169481 0.049802961094031706 0.02345012353002612 0.048938738210082038 -0.00065835516864900558 -0.0080988002450904373 0.050973099665525295 -0.034148291332299123 0.024924894091834737 -0.044634655351619722 0.043279031135543301
leaf_weight=247.73511789445183 25.157972498505842 19.154116008430719 549.84898946082103 8.75373502448201 106.98769961157814 11.410997228987979 137.39912097432534 258.26735663344152 288.4264012039057 317.43995521572651 48.196415841230191 334.14976623712573 305.21785045915749 1529.8846578947268 101.06232905076467 50.939227141905576 40.261433576233685 73.830697418074124 215.99740813966491 24.096049963496629 93.357794744893909 10.371741458249744 8.9960961844772083 115.06444917083718 83.235915543977171 2.5775537109002462 13.834718414902454 36.194437679834664 5.9354441890027365 9.6425640182569605
leaf_count=598043 390 173 14160 87 8387 1663 98886 7501 18136 5085 665 5240 5243 24807 6258 827 702 3754 5422 200 16096 1426 175 1683 1012 200 11919 469 172 144
internal_value=-0.000210455 -0.0240433 0.00275407 0.0127163 0.00938299 -0.000328085 -0.00794339 -0.0102105 -0.000674757 0.00207233 0.0247654 0.000854606 -0.00812979 0.00385573 -0.0215109 0.006243 -0.0158799 0.00542599 0.00887749 -0.00513035 0.044186 -0.0441648 -0.00161076 -0.00340359 -0.0165026 -0.0397864 -0.0094691 0.00546341 0.0357537 0.00978266
internal_weight=5073.43 561.26 4512.17 1066.15 964.035 3446.02 825.891 785.155 425.826 2620.13 133.438 2486.69 622.658 1864.03 359.33 857.047 91.2007 85.2417 765.846 289.319 102.112 271.942 262.645 253.649 102.39 26.6736 24.2065 151.259 40.736 15.578
internal_count=838925 615300 223625 45681 29498 177944 131487 130781 117022 46457 6082 40375 10328 30047 13759 21111 1529 5417 19582 3912 16183 611388 3512 3337 1185 400 13345 2152 706 316
is_linear=0
shrinkage=0.05


Tree=110
num_leaves=31
num_cat=0
split_feature=6 13 13 17 11 14 13 10 11 0 8 11 18 0 6 10 9 0 10 4 5 0 9 14 23 11 5 7 4 7
split_gain=131.867 62.6537 53.3593 36.4584 61.1851 31.7245 31.6831 96.8332 62.7137 23.7534 17.4754 22.296 25.5623 16.0634 20.0969 15.1327 12.3176 11.8421 10.73 9.73429 8.8905 10.26 8.99429 7.46649 7.35331 10.2339 7.32954 182.12 6.65185 9.36906
threshold=0.32051282051282054 0.68989800874210794 0.9979423868312759 0.55000000000000016 0.96216660739687077 0.61721611721611735 0.53866082104424085 0.93969696969696981 0.62390360065153672 0.52041666666666686 1.0000000180025095e-35 0.89043787753465187 1.0000000180025095e-35 0.059714795008912663 0.6515151515151516 0.060737812911725968 0.18301435406698566 0.20881782945736438 0.1622776622776623 0.87583523470594493 0.51844060913196943 0.71563342318059309 0.63211600429645554 0.44097222222222227 1.0000000180025095e-35 1.0000000180025095e-35 0.21879980873706581 0.22649572649572652 0.62402884485594912 0.73214285714285732
decision_type=2 2 2 2 2 2 2 2 2 2 2 2 2 2 2 2 2 2 2 2 2 2 2 2 2 2 2 2 2 2
left_child=1 24 3 4 6 18 7 -2 -8 13 16 12 15 23 -15 -12 28 -14 -6 -7 22 -22 -11 -5 25 26 27 -1 -4 -30
right_child=2 -3 10 9 5 19 8 -9 -10 20 11 -13 17 14 -16 -17 -18 -19 -20 -21 21 -23 -24 -25 -26 -27 -28 -29 29 -31
leaf_value=-0.050036305511440095 -0.039003813488728507 -0.0027172718890973624 0.017183399243964809 -0.065647074777258937 -0.012194533655932737 0.024669954735698371 0.037172485631783311 0.0025686548865232698 0.0022005659367862521 -0.0058343604874789134 -0.081872247999894343 0.043549142834969481 0.032509235363552019 -0.021048624051214559 -0.0055458905101481619 0.030866376354692394 0.020376223693611591 -0.054645641049562155 0.049671223690897374 0.047025524076393904 0.0249649277028543 0.0021355207916735259 -0.07653046569504407 0.036036086871648249 -0.050030761314802455 -0.037138952179674417 0.021369118009945787 4.8234210215640481 -0.047102799421783054 0.038298197454952637
leaf_weight=0.29171419300837342 184.52057457267074 135.07455487491097 8.5223988052457553 1.9557425584644104 54.665848638862371 91.209676833357662 136.54160283217789 581.4916578779812 2096.5521067528171 39.473276963748503 3.1119786663912228 125.47369187371805 5.0183073789812651 362.48474451998482 493.88243104581488 68.385629285126925 39.46341718826443 17.450500610750169 8.039506047498433 104.46270342823118 78.761936503229663 131.18970605917275 5.0777372042648485 23.474928203038871 183.99610262049828 30.904688432550756 5.652438105258625 0.020518376550171524 20.977548932656649 3.7920548794791094
leaf_count=487 146933 2457 85 73 890 1756 2133 7454 29031 695 61 15349 270 3820 5283 3893 2163 391 352 4598 963 1435 55 1464 543015 61626 1600 21 238 334
internal_value=-0.000202343 -0.0295418 0.00202624 0.000650321 0.00334034 0.0266867 0.00132901 -0.00744551 0.00433891 -0.00706127 0.0227161 0.0297569 0.01134 -0.010945 -0.0121079 0.0259594 0.00148012 -0.03518 -0.00426267 0.0366048 0.00639499 0.0106998 -0.013892 0.0282162 -0.0459469 -0.0255662 0.0343959 0.270223 -0.0209188 -0.0340285
internal_weight=5041.92 355.94 4685.98 4393.78 3257.48 258.378 2999.11 766.012 2233.09 1136.3 292.196 219.44 93.9664 881.798 856.367 71.4976 72.7554 22.4688 62.7054 195.672 254.503 209.952 44.551 25.4307 220.865 36.8694 5.96467 0.312233 33.292 24.7696
internal_count=838925 609206 229719 206935 193147 7596 185551 154387 31164 13788 22784 19964 4615 10640 9103 3954 2820 661 1242 6354 3148 2398 750 1537 606749 63734 2108 508 657 572
is_linear=0
shrinkage=0.05


Tree=111
num_leaves=31
num_cat=0
split_feature=2 13 15 0 18 1 1 11 1 13 14 11 14 17 23 25 14 10 1 13 5 11 13 11 0 4 0 7 14 13
split_gain=125.634 80.3301 48.1476 39.484 23.4066 31.899 39.4264 24.3353 24.0555 23.0297 41.6625 43.6448 40.1165 28.7206 26.1532 20.8933 19.3767 20.2214 12.753 11.7094 10.5141 9.86219 14.1189 13.2954 8.57416 9.65146 11.9747 10.7638 7.66348 10.6716
threshold=0.63245614035087727 0.73300330033003303 1.0000000180025095e-35 0.16843971631205676 1.0000000180025095e-35 0.85903128054740974 0.92840996168582379 0.83661171569565984 0.87811943760860178 0.94148770619358868 0.7231800766283526 0.79261711247172417 0.62828947368421062 0.18333333333333338 1.0000000180025095e-35 1.0000000180025095e-35 0.94281045751633996 0.86219390304847587 0.8529266347687402 0.68989800874210794 0.38707482577025604 0.9201073044602458 0.95898421853721072 0.86784613958684831 0.536811201445348 0.38024234184663236 0.20881782945736438 0.22649572649572652 0.78416149068322993 0.92356377799415779
decision_type=2 2 2 2 2 2 2 2 2 2 2 2 2 2 2 2 2 2 2 2 2 2 2 2 2 2 2 2 2 2
left_child=1 18 9 19 7 -6 -7 8 -5 10 11 14 21 -13 -2 -9 17 -14 -1 -4 -21 23 -23 -11 25 26 -3 -28 29 -12
right_child=2 24 3 4 5 6 -8 15 -10 12 28 13 16 -15 -16 -17 -18 -19 -20 20 -22 22 -24 -25 -26 -27 27 -29 -30 -31
leaf_value=-0.047291523539814945 0.0032759189199247536 0.068735155279579171 -0.0087355694739879256 0.011794632533828784 0.012000293908700546 -0.059637978702913708 0.019228720491783164 0.021075813651853792 -0.02841128047567152 0.025637387618492442 0.069660697776977115 0.013288026707666243 0.0016626446218134792 -0.016762954071792038 -0.016063581572715643 -0.0022198153868424743 0.046842595288137806 -0.047135694651267379 -0.0086515695866147962 -0.011530726646912145 0.040317617216421568 -0.014515297893091217 0.062095384199909412 0.062216622648124956 0.0027788152179195813 -0.0074089847899797591 0.02761796289007409 -0.064193929260496954 0.079951683071697324 0.012833544816759333
leaf_weight=227.73598520751693 1426.9006754894799 2.2905873311683562 15.252015202655455 81.018705699767452 76.506559388304595 49.257010809815256 23.362953171599656 441.75588733470067 68.790282340196427 96.643461178522557 12.605970425531266 89.590329362545162 751.51380601571873 706.57555970406975 199.22066370549146 123.06230882101227 23.012092774733901 21.846738540101796 23.563506031146972 10.43578363675624 155.07854714733548 24.549027556553483 7.9653308191336682 33.435311090666801 159.20554455905221 100.89672470861115 3.7453562985174385 21.619460492394865 11.038506353273986 23.97132539190352
leaf_count=598043 54777 38 346 1910 1801 706 867 16752 1359 837 79 731 7560 5452 105635 4123 1980 164 13345 323 17494 171 60 283 2328 1315 32 199 63 152
internal_value=-0.000210755 -0.0230141 0.00253712 0.0119356 0.00748837 -0.0105296 -0.0342654 0.0112483 -0.00666738 -0.00032588 -0.00287917 -0.00378964 0.00625036 -0.0133814 0.000906583 0.0160002 0.0016295 0.000284136 -0.0436684 0.0331855 0.0370485 0.0288831 0.0042527 0.0350397 -0.00497674 -0.0145816 -0.0407499 -0.050637 0.0434378 0.0324184
internal_weight=5012.45 539.057 4473.39 1044.52 863.754 149.127 72.62 714.627 149.809 3428.87 2469.9 2422.29 958.966 796.166 1626.12 564.818 796.373 773.361 251.299 180.766 165.514 162.593 32.5144 130.079 287.758 128.552 27.6554 25.3648 47.6158 36.5773
internal_count=838925 615300 223625 45681 27518 3374 1573 24144 3269 177944 166889 166595 11055 6183 160412 20875 9704 7724 611388 18163 17817 1351 231 1120 3912 1584 269 231 294 231
is_linear=0
shrinkage=0.05


Tree=112
num_leaves=31
num_cat=0
split_feature=2 13 13 17 11 14 13 10 11 0 8 12 12 14 11 18 11 1 0 9 10 1 1 12 9 9 4 10 14 13
split_gain=115.749 78.1594 45.6615 30.6812 52.828 29.4525 25.9818 79.7589 51.9438 20.6549 19.9079 15.6874 32.7633 19.2588 15.6337 20.1064 11.8117 11.7975 22.2594 32.3143 11.4219 10.5197 10.2711 10.2321 9.88231 9.24962 8.9923 8.29169 8.22235 8.62755
threshold=0.63245614035087727 0.68989800874210794 0.9979423868312759 0.55000000000000016 0.96216660739687077 0.65108695652173931 0.53866082104424085 0.93969696969696981 0.62390360065153672 0.52041666666666686 1.0000000180025095e-35 0.97315315315315332 0.92068331397599701 0.68990384615384626 0.89043787753465187 1.0000000180025095e-35 1.0000000180025095e-35 0.71166962266033484 0.66421568627450989 0.61167800453514753 0.1622776622776623 0.94839989759344612 0.46454637410519767 0.43645592985694515 0.13100686498855837 0.59838709677419366 0.78573924488759916 0.060737812911725968 0.84807692307692317 0.974521259331386
decision_type=2 2 2 2 2 2 2 2 2 2 2 2 2 2 2 2 2 2 2 2 2 2 2 2 2 2 2 2 2 2
left_child=1 16 3 4 6 20 7 -2 -8 11 24 12 -5 -13 15 27 17 -1 25 -20 -6 -17 26 -3 -4 -19 -11 -12 -25 -30
right_child=2 23 10 9 5 -7 8 -9 -10 22 14 13 -14 -15 -16 21 -18 18 19 -21 -22 -23 -24 28 -26 -27 -28 -29 29 -31
leaf_value=-0.047547493028229769 -0.037358553323350856 0.072380065056753554 -0.026071466352221791 -0.0029211000212301351 -0.009286564843639428 0.037773257789548306 0.034908159326816859 0.0024502840884166517 0.002592672788503874 -0.036796786613138836 -0.061122225475267612 0.044235012975666989 -0.023941786184877276 -0.0046276320807939709 0.042380855162319826 -0.050544009240832938 -0.047744365924088775 -0.023639412464266971 0.97496716099225866 0.089696539627720132 0.051257172982367642 0.039718197165045703 0.016108182002175949 -0.010282167839107369 0.014135781322749251 0.067067085300285975 0.0022505637309967875 0.030713467312780487 0.081388082893134941 0.0056870013322838642
leaf_weight=11.484412847377827 161.34496144662262 4.1890406260499722 25.193417687900364 422.07410171374795 58.932134347967803 166.90281836129725 132.55725541221909 571.50406880307128 2008.8651419031667 18.425999838771531 2.5566669893451026 27.828728529624641 330.53068250743672 73.233523256145418 114.92717323335819 14.973199648782613 209.47639937937493 7.7992149656347429 0.14622039176174517 0.34940295992419124 8.976598331704734 4.1151356934569767 134.65401706603006 237.93409360281657 38.846909029409289 4.3939077180693857 73.79447705578059 63.60829471796751 4.0798177905380717 48.586595275439322
leaf_count=18594 143329 114 492 4967 1023 5989 1982 7461 28248 344 56 368 4103 806 15115 379 590113 1620 53 36 416 245 1846 3172 1795 378 812 3849 30 1190
internal_value=-0.000201228 -0.0223263 0.00242386 0.00115248 0.00367494 0.0264778 0.00181207 -0.00631408 0.00459305 -0.00610547 0.0225834 -0.00966924 -0.012153 0.0088273 0.0303462 0.0141226 -0.0439254 -0.0108317 0.0223992 0.350872 -0.00128352 -0.0310849 0.00730401 -0.00520682 -0.00168172 0.00904754 -0.00555124 0.0271649 -0.00632524 0.0115512
internal_weight=4982.28 528.439 4453.85 4189.62 3109.08 234.812 2874.27 732.849 2141.42 1080.54 264.221 853.667 752.605 101.062 200.18 85.2533 233.65 24.1732 12.6887 0.495623 67.9087 19.0883 226.874 294.79 64.0403 12.1931 92.2205 66.165 290.601 52.6664
internal_count=838925 615300 223625 201694 188448 7428 181020 150790 30230 13246 21931 10244 9070 1174 19644 4529 610794 20681 2087 89 1439 624 3002 4506 2287 1998 1156 3905 4392 1220
is_linear=0
shrinkage=0.05


Tree=113
num_leaves=31
num_cat=0
split_feature=6 14 13 11 17 11 10 11 12 12 14 14 10 13 14 1 11 1 12 11 1 10 3 8 5 9 6 23 1 14
split_gain=111.381 92.0827 44.5969 30.6536 30.0612 70.7337 37.9692 26.7607 24.8302 24.9538 41.7039 24.9216 54.9607 23.4912 21.9544 19.7625 15.9703 13.4378 13.1676 12.549 20.2983 15.8486 12.4746 11.5775 10.7238 10.47 35.6269 10.4534 9.78571 9.70222
threshold=0.43650793650793657 0.13100686498855837 0.9979423868312759 1.0000000180025095e-35 0.63333333333333341 0.96744022847817235 0.1622776622776623 0.95441308243727607 0.91537359751730729 0.97315315315315332 0.77525252525252542 0.56385869565217395 0.24156877605153471 0.96677704194260494 0.65108695652173931 0.92284702886618086 0.79261711247172417 0.93348815322499534 0.43341543513957315 0.86784613958684831 0.85903128054740974 0.060737812911725968 0.97726098191214483 1.0000000180025095e-35 0.87972200632037689 0.063508064516129045 0.34523809523809529 1.0000000180025095e-35 0.73838232398952042 0.78416149068322993
decision_type=2 2 2 2 2 2 2 2 2 2 2 2 2 2 2 2 2 2 2 2 2 2 2 2 2 2 2 2 2 2
left_child=1 3 4 27 5 6 13 -8 11 16 -11 24 -13 -2 -7 18 -10 19 -3 20 -4 -22 28 -17 -6 26 -20 -1 -21 -16
right_child=2 15 17 -5 8 14 7 -9 9 10 -12 12 -14 -15 29 23 -18 -19 25 22 21 -23 -24 -25 -26 -27 -28 -29 -30 -31
leaf_value=0.01529234165465867 -0.010310799779516617 0.055258355830928779 0.022351627538720345 -0.049569283797011414 0.0075549381074683361 0.00056290796787591372 0.0024705707293731756 0.031520221676130701 -0.042550766121446336 0.027397444697718189 -0.037055028348232592 -0.010957657615361318 0.051561369551395814 -0.051930122077459062 0.02893685635794457 -0.06490684148137095 -0.016001990193449427 0.042259061618577648 -0.0004669492074628366 -0.027103309244399399 -0.15282492075613385 -0.021390218524440719 0.040156821532264748 0.021723865263008145 -0.019847153150476651 -0.0056336691631939453 -0.053136859228791855 -0.03617247374992074 0.027386518573352909 0.052255249618104807
leaf_weight=27.381457674462581 170.30846930807456 7.6938687858637413 40.015943781007081 215.88263138444745 55.659931015426992 50.025548330508173 2668.0579746472358 81.706302841659635 73.30507015902549 73.512086564209312 38.108687927946448 73.30547243822366 67.543974815867841 42.331558504141867 117.2604753584601 4.0617864690721026 249.24556065909564 71.194877694826573 76.777764336817199 15.110372229944913 2.526795573532584 24.848489361815155 66.168146181153134 76.370333917904645 99.586349960183725 304.8818124847603 55.182293623918667 15.425301861687329 18.120286566670984 71.997211638372391
leaf_count=2980 2244 2284 1835 662475 770 926 88591 2859 416 917 262 912 634 459 4844 22 2931 9439 2217 341 26 787 8486 1483 897 15129 783 21096 379 1501
internal_value=-0.000194265 -0.0174891 0.00305596 -0.0419051 0.00178384 0.00387179 0.00175963 0.00333375 -0.00737029 -0.0149841 0.00539259 0.00379406 0.0190232 -0.0185962 0.0300211 -0.00545766 -0.0220356 0.0240738 -0.0095842 0.0163113 -0.000345008 -0.0335219 0.0276041 0.0173491 -0.0100228 -0.0107262 -0.0224921 -0.00325287 0.00260935 0.0378076
internal_weight=4953.6 783.657 4169.94 258.689 3931.95 3201.69 2962.4 2749.76 730.267 434.171 111.621 296.096 140.849 212.64 239.283 524.968 322.551 237.985 444.536 166.79 67.3912 27.3753 99.3988 80.4321 155.246 436.842 131.96 42.8068 33.2307 189.258
internal_count=838925 708469 130456 686551 109163 101424 94153 91450 7739 4526 1179 3213 1546 2703 7271 21918 3347 21293 20413 11854 2648 813 9206 1505 1667 18129 3000 24076 720 6345
is_linear=0
shrinkage=0.05


Tree=114
num_leaves=31
num_cat=0
split_feature=6 14 6 13 6 0 1 13 10 11 0 3 4 2 14 13 1 4 2 23 6 4 11 4 17 14 11 10 0 1
split_gain=102.953 57.3479 45.0135 66.6401 33.0212 62.1769 53.6431 34.4451 64.6205 51.96 36.5491 23.2592 19.9429 16.2877 15.452 9.98161 9.76906 9.05554 7.88807 7.16393 8.29611 10.687 7.14088 6.87162 6.94115 8.39131 7.1885 6.03926 9.97289 5.58434
threshold=0.32051282051282054 0.13100686498855837 0.95000000000000007 0.73300330033003303 0.78888888888888908 0.16843971631205676 0.93896677559912867 0.56021978021978036 0.93969696969696981 0.62390360065153672 0.52041666666666686 0.99350649350649356 0.87583523470594493 0.9240384615384617 0.082207207207207214 0.68989800874210794 0.88283236087583938 0.9091524368313596 0.88067796610169491 1.0000000180025095e-35 0.054093567251461992 0.49997589083363908 0.64002954699403258 0.82300358116475347 0.18333333333333338 0.22902097902097904 0.65593783044293053 0.22295321637426904 0.44529914529914533 0.39798293493945669
decision_type=2 2 2 2 2 2 2 2 2 2 2 2 2 2 2 2 2 2 2 2 2 2 2 2 2 2 2 2 2 2
left_child=1 16 4 23 7 6 18 8 14 15 -11 -7 -13 -8 -2 -9 -1 -10 -6 22 21 -21 29 -4 25 -25 -26 -24 -29 -3
right_child=2 19 3 -5 5 11 13 9 17 10 -12 12 -14 -15 -16 -17 -18 -19 -20 20 -22 -23 27 24 26 -27 -28 28 -30 -31
leaf_value=-0.049244973533635196 -0.049625208008694299 0.14983830493550557 0.041060016400002786 0.043988208360684872 0.0030328933003528759 0.078929203526181019 -0.057061732122948197 0.064673536954003547 0.013228808437145835 -0.00010124987923618651 0.013377237463612199 -0.036860321227935103 -0.01445508840001937 0.0028856002398616677 -0.014320292764851623 0.028966738396254368 0.023449990882049472 -0.0039813831127660853 0.066275374528255979 -0.04149572723915522 -0.04598950886936231 0.072444303964789167 0.0085134838287402453 -0.00063726171496755605 -0.0089138380639038513 0.057401121996357496 -0.082078161647801698 0.019267498036630248 -0.027465644741768519 0.029347403210860504
leaf_weight=167.17855282200617 97.332982196909143 1.133392198011278 10.070255269296466 151.11937119672075 5.5989683382795183 5.7830069668416391 12.075940718525088 24.436111050803447 111.97844164972776 2281.4903429260303 645.1954598731536 149.69283786526648 295.13228729751427 183.63228793442249 45.47117008359055 98.328958084108308 4.7529009041609234 240.78951611707453 41.298717972589657 4.226450058748016 19.217983466514852 4.0111424712522421 58.108688881155103 185.28849728102796 9.7273052416276169 6.4444731557741752 5.126563183264806 15.836690039315725 40.895733381796163 6.3449733359157108
leaf_count=593028 123287 124 445 21099 99 76 142 631 5087 34056 9776 1974 3769 2533 17890 906 1544 1323 561 2351 7923 269 637 5431 175 314 145 218 2314 798
internal_value=-0.000185595 -0.027532 0.00172441 0.0185039 0.000268355 -0.00971209 0.0106959 0.00221999 -0.0100059 0.00420685 0.00287012 -0.0206997 -0.0219949 -0.000813378 -0.0383835 0.0360741 -0.0472354 0.00148161 0.0587251 -0.00491386 -0.0279951 0.0139853 0.000266901 0.000728529 -0.00123746 0.00131351 -0.0341653 -0.00281595 -0.0144202 0.0476085
internal_weight=4927.72 321.707 4606.01 367.776 4238.24 693.214 242.606 3545.02 495.572 3049.45 2926.69 450.608 444.825 195.708 142.804 122.765 171.931 352.768 46.8977 149.775 27.4556 8.23759 122.319 216.657 206.587 191.733 14.8539 114.841 56.7324 7.47837
internal_count=838925 609206 229719 27609 202110 9154 3335 192956 147587 45369 43832 5819 5743 2675 141177 1537 594572 6410 660 14634 10543 2620 4091 6510 6065 5745 320 3169 2532 922
is_linear=0
shrinkage=0.05


Tree=115
num_leaves=31
num_cat=0
split_feature=6 23 14 0 2 5 6 0 4 14 14 12 3 0 4 3 6 6 9 10 7 8 4 5 0 0 5 0 11 6
split_gain=96.6786 84.9483 41.4767 39.431 46.3242 77.6602 76.8215 35.8574 35.6701 28.3903 22.4494 20.2793 19.526 13.9589 14.1649 15.198 13.7222 13.6215 25.14 12.8401 12.4911 10.9782 10.8477 10.1616 8.9728 8.95691 11.1909 8.08141 7.87667 7.48745
threshold=0.43650793650793657 1.0000000180025095e-35 0.94868421052631591 0.45049019607843144 0.83910792512943055 0.77618722350963065 0.6515151515151516 0.13921188630490958 0.9091524368313596 0.44949494949494956 0.2752525252525253 0.82427404196555309 0.94826048171275656 0.25227272727272732 0.61399195922185446 0.99350649350649356 0.95000000000000007 0.37980769230769235 0.19803921568627456 0.30571895424836609 0.58571428571428574 1.0000000180025095e-35 0.69346300319273613 0.77618722350963065 0.79516317016317017 0.71307506053268777 0.5963828510317023 0.097800095648015326 0.94502042062674152 0.13392857142857145
decision_type=2 2 2 2 2 2 2 2 2 2 2 2 2 2 2 2 2 2 2 2 2 2 2 2 2 2 2 2 2 2
left_child=1 13 3 4 7 22 -7 -2 -9 -3 24 19 21 14 -1 -16 -13 23 -19 -12 -20 25 -6 28 -5 26 -4 -17 -15 -11
right_child=2 9 12 10 5 6 -8 8 -10 29 11 16 -14 17 15 27 -18 18 20 -21 -22 -23 -24 -25 -26 -27 -28 -29 -30 -31
leaf_value=0.092801395542754045 0.048116317991112607 -0.048450620835286611 0.049177634944614891 0.0033647006135882856 0.063818786925639762 -0.016835454371821115 0.0045644333153376272 -0.01896202696048796 0.038682542483398155 0.060639429893289631 0.0011683098062892465 0.008143586000436305 0.048410135737678162 -0.013547707747268373 -0.032246600577078448 0.053707123345016719 0.043663915967088976 -0.042462407411014293 0.013496419277107929 0.034303436478616812 -0.02607493261259939 0.041290787208602985 0.024313457410223647 0.015671721243944663 -0.018225421913117972 -0.083473882179824238 -0.045670748809482797 0.010307843898716111 0.0077569169796032154 -0.010263538268871225
leaf_weight=5.2338709922041735 22.675614050240256 203.85537644810393 5.6454829238355178 168.16809846024262 18.606264585629106 565.87971233425196 1619.8100926094921 527.42224517199793 28.27533682261128 4.1300741638988248 35.496308831032366 531.97890920797363 71.978993127122521 148.23348180638277 18.310982600058196 13.528469894547014 28.654696218203753 71.161814852355747 50.819491030270001 165.79486788343638 32.822704669088125 9.6541324360296148 262.93536188767757 62.410137850500178 67.415396731201326 4.7814137786626807 6.9241327233612537 51.792046522663441 61.336221428588033 37.818605988286436
leaf_count=155 696 616338 71 19081 409 11493 36132 22096 682 39 537 5483 12486 74364 444 453 3194 4040 4790 2156 1219 612 5997 4149 9244 46 41 1435 709 334
internal_value=-0.00017934 -0.0165539 0.00283083 0.00204797 -0.000777907 0.00220773 -0.000976043 -0.0135141 -0.0160289 -0.0407423 0.010676 0.0148469 0.0348078 -0.00502349 0.0130049 0.00801101 0.00995908 -0.00877737 -0.0206175 0.0284603 -0.00203209 -0.0014477 0.0269242 -0.00203827 -0.0028136 -0.0252274 -0.0030708 0.0192962 -0.00731234 -0.00328276
internal_weight=4903.55 761.453 4142.1 4043.11 3045.6 2467.23 2185.69 578.373 555.698 245.804 997.508 761.925 98.9842 515.649 88.8654 83.6315 560.634 426.784 154.804 201.291 83.6422 27.0052 281.542 271.98 235.583 17.351 12.5696 65.3205 209.57 41.9487
internal_count=838925 708469 130456 117200 77505 54031 47625 23474 22778 616711 39695 11370 13256 91758 2487 2332 8677 89271 10049 2693 6009 770 6406 79222 28325 158 112 1888 75073 373
is_linear=0
shrinkage=0.05


Tree=116
num_leaves=31
num_cat=0
split_feature=2 13 15 1 12 17 14 12 13 0 0 11 11 0 1 8 12 0 2 1 13 10 0 9 11 10 8 22 14 9
split_gain=90.6477 71.6059 40.4181 34.7699 21.5394 27.0685 39.1417 51.3276 41.8784 19.0308 21.9574 21.7002 18.1449 16.5272 14.3818 13.7873 11.9961 11.9054 26.2973 11.6464 11.2023 11.1997 9.5495 8.87829 8.76886 11.32 8.40044 8.26634 8.22655 11.8436
threshold=0.65345368916797508 0.65485893416927909 1.0000000180025095e-35 0.94395499108734415 0.98312206238427591 0.87500000000000011 0.56385869565217395 0.90946348733233984 0.93764952153110059 0.50396825396825407 0.16843971631205676 0.86784613958684831 1.0000000180025095e-35 0.52041666666666686 0.71166962266033484 1.0000000180025095e-35 0.45174787420704554 0.54653679653679665 0.48528138528138537 0.30255681818181818 0.96677704194260494 0.19163509180996796 0.78817016317016331 1.0000000180025095e-35 0.69543787222446751 0.59197099892588623 1.0000000180025095e-35 1.0000000180025095e-35 0.81534090909090928 0.56048780487804895
decision_type=2 2 2 2 2 2 2 2 2 2 2 2 2 2 2 2 2 2 2 2 2 2 2 2 2 2 2 2 2 2
left_child=1 12 4 9 5 6 8 -8 -2 10 26 -12 14 21 -1 23 -3 27 -19 -11 -15 -7 -21 -5 25 -17 -4 -16 -18 -30
right_child=2 16 3 15 -6 13 7 -9 -10 19 11 -13 -14 20 17 24 28 18 -20 22 -22 -23 -24 -25 -26 -27 -28 -29 29 -31
leaf_value=-0.045618057862876711 -0.0051194173430753748 0.062083095297690488 -0.0051418102255932378 0.028534289486511034 0.025666922646502766 -0.025158248922305296 0.019617107160722107 -0.0036467466383647488 0.028148973395344508 -0.15660925706533602 -0.017642229575246287 0.0050684729329168246 -0.0482089916052479 -0.0099015845995838164 0.045049791956634562 -0.098462914389081349 -0.011018458476226511 0.31116306376417052 0.014953509728042625 0.026028170761472333 0.029603997581028069 -0.00030768914406392397 0.0048444009379530716 -0.083659492199964325 0.036406516239489678 0.015573847892223065 0.043846891713446086 -0.038289692120628722 -0.011092697038341917 0.026770483250821115
leaf_weight=11.943892356764993 1872.0654255394475 6.4921245167497537 11.284516668412833 2.9993235962465397 77.64923491794616 214.38532229000703 514.55348186893389 439.70833768416196 99.628834999166429 0.94857977249193837 151.07770653974148 346.23784286295995 180.36529579912894 42.397611520020291 6.0155326681269781 2.4942512551788267 252.69413469510619 1.0994417454057832 2.352741118054837 158.91038765068515 31.112628809176385 57.49969354289351 79.974165493593318 4.2789467796683311 167.87976519414224 17.06536690890789 38.974689235445112 5.8876195551129058 42.872242465149611 39.851360389962792
leaf_count=19242 138055 280 180 33 2361 2602 4068 3455 699 35 2356 10187 613073 486 475 76 4353 259 517 6255 522 671 3022 24 19615 588 2772 1050 609 1005
internal_value=-0.000171678 -0.0193008 0.0022556 0.0111749 -0.000360068 -0.000977848 0.000584804 0.0088975 -0.00343838 0.00649659 0.00135223 -0.00183073 -0.042459 -0.0142156 -0.00446923 0.0300934 -0.00523523 0.0275377 0.10929 0.0182419 0.00681884 -0.0199027 0.0189362 -0.0374252 0.0327151 0.00103183 0.0328476 0.00382784 -0.0065382 0.00714755
internal_weight=4880.7 549.574 4331.13 982.126 3349 3271.35 2925.96 954.262 1971.69 787.408 547.575 497.316 207.665 345.395 27.2992 194.718 341.91 15.3553 3.45218 239.833 73.5102 271.885 238.885 7.27827 187.439 19.5596 50.2592 11.9032 335.418 82.7236
internal_count=838925 640863 198062 45143 152919 150558 146277 7523 138754 24807 15495 12543 634616 4281 21543 20336 6247 2301 776 9312 1008 3273 9277 57 20279 664 2952 1525 5967 1614
is_linear=0
shrinkage=0.05


Tree=117
num_leaves=31
num_cat=0
split_feature=3 14 14 17 11 14 5 12 14 1 3 1 1 12 11 1 9 9 8 8 12 1 12 1 9 1 18 17 14 17
split_gain=80.9515 83.2121 53.6983 26.7478 56.2926 29.2076 22.1399 17.1086 58.8549 21.6599 15.7441 15.7205 16.9989 13.9683 13.466 13.5252 15.8823 24.0473 13.1722 12.5559 12.4374 12.1541 10.207 9.8929 9.57944 9.65057 6.01436 6.75488 5.64015 5.49271
threshold=0.87585616438356173 0.24068965517241384 0.94868421052631591 0.55000000000000016 0.96216660739687077 0.65108695652173931 0.5963828510317023 0.84756987316197119 0.39444444444444454 0.97336652441915616 0.94826048171275656 0.615216815280754 0.96524758454106296 0.82427404196555309 1.0000000180025095e-35 0.79375571530176814 0.36055555555555557 0.37638888888888894 1.0000000180025095e-35 1.0000000180025095e-35 0.9630991285403051 0.91731416549789635 0.97315315315315332 0.4585988984965968 0.22361111111111112 0.93348815322499534 1.0000000180025095e-35 0.22500000000000003 0.46410256410256417 0.55000000000000016
decision_type=2 2 2 2 2 2 2 2 2 2 2 2 2 2 2 2 2 2 2 2 2 2 2 2 2 2 2 2 2 2
left_child=1 14 3 4 7 20 21 8 -2 -9 19 23 13 -13 15 -1 -17 -18 -8 -4 -6 29 -14 28 -23 -26 27 -20 -5 -3
right_child=2 6 10 11 5 -7 18 9 -10 -11 -12 12 22 -15 -16 16 17 -19 26 -21 -22 24 -24 -25 25 -27 -28 -29 -30 -31
leaf_value=-0.041000516148456879 -0.0018820070118110415 0.0080615997696854343 -0.056772650255883184 -0.041769057011259741 -0.0070324013724127159 0.039248538073881144 -0.047969169550959777 -0.0055746126317148953 0.016729233275516623 0.022889864406178389 0.047694885460473978 0.0062521700872763047 0.0026190285056675402 -0.013361081655168439 -0.047965132778142579 0.014115347580343633 0.71474889264835018 0.11469773546333467 0.036919569513780899 0.050654695692740205 0.070823701749240076 0.058493173368225571 0.043593858828921965 0.020782918479319002 0.045121778695391211 -0.1017104005235438 -0.058447747753330906 -0.01197479482276188 0.0010828258821654762 -0.0079044501755656665
leaf_weight=10.434900355816355 1217.5836451478535 125.77853417792358 6.9919762033969146 8.4053056936245394 59.961772548733279 160.05864906986244 36.010810630337801 921.08580910414457 652.39347360050306 72.061412576120347 80.492817865451798 104.39483913514414 147.89134516986087 695.99458713969216 183.51433655529399 6.8196865381905791 0.19573861337266851 1.1359043628326615 8.9396758396760543 4.4516631402075291 5.6094711194746187 16.596081142313782 16.939542805077508 84.291984024224803 2.3838261198252431 2.1091731414198875 5.2469035543035707 33.663849863107316 88.8338191320654 94.220719967561308
leaf_count=21256 102145 2840 69 200 1325 6698 253 10551 10069 2669 13625 1531 3658 8937 645015 1403 46 290 95 444 102 357 463 1456 22 23 58 476 1290 1559
internal_value=-0.000164587 -0.0186658 0.00208872 0.00126813 0.00368919 0.0277343 -0.00299782 0.00179431 0.00461104 -0.00350927 0.0398932 -0.00525294 -0.00779175 -0.0108029 -0.0438577 -0.00330268 0.0449561 0.202899 -0.0251266 -0.0149826 -0.000371988 0.00469956 0.00682998 0.00824621 0.0409594 -0.0238065 -0.00793595 -0.00171509 -0.00262127 0.0012237
internal_weight=4854.49 527.05 4327.44 4235.51 3088.75 225.63 324.95 2863.12 1869.98 993.147 91.9365 1146.75 965.22 800.389 202.101 18.5862 8.15133 1.33164 83.8612 11.4436 65.5712 241.088 164.831 181.531 21.0891 4.493 47.8504 42.6035 97.2391 219.999
internal_count=838925 673693 165232 151094 133559 8125 5683 125434 112214 13220 14138 17535 14589 10468 668010 22995 1739 336 882 513 1427 4801 4121 2946 402 45 629 571 1490 4399
is_linear=0
shrinkage=0.05


Tree=118
num_leaves=31
num_cat=0
split_feature=6 23 14 0 2 5 6 0 7 14 14 12 8 6 0 10 6 9 7 8 10 9 0 18 1 6 0 10 0 9
split_gain=80.5043 75.65 36.1343 34.9055 40.5732 70.401 68.9908 32.1049 30.229 27.3504 18.4122 18.1349 14.3481 13.132 12.5137 11.9303 11.2655 23.1076 12.3761 11.3545 9.92787 9.77552 9.76274 9.28057 8.08475 8.70932 7.98017 7.5586 7.55568 7.27477
threshold=0.43650793650793657 1.0000000180025095e-35 0.94868421052631591 0.45049019607843144 0.83910792512943055 0.77618722350963065 0.6515151515151516 0.13921188630490958 0.89444444444444449 0.44949494949494956 0.2752525252525253 0.82427404196555309 1.0000000180025095e-35 0.95000000000000007 0.20881782945736438 0.30571895424836609 0.37980769230769235 0.23466833541927412 0.61250000000000016 1.0000000180025095e-35 0.098126750700280124 0.17974358974358975 0.37617924528301894 1.0000000180025095e-35 0.94395499108734415 0.13392857142857145 0.79516317016317017 0.17677696078431376 0.88603896103896107 0.89769754055468354
decision_type=2 2 2 2 2 2 2 2 2 2 2 2 2 2 2 2 2 2 2 2 2 2 2 2 2 2 2 2 2 2
left_child=1 14 3 4 7 20 -7 -2 -9 -3 26 15 21 -13 -1 -12 19 22 -19 29 -6 -4 -18 -21 25 -11 -5 -27 -28 -16
right_child=2 9 12 10 5 6 -8 8 -10 24 11 13 -14 -15 16 -17 17 18 -20 23 -22 -23 -24 -25 -26 27 28 -29 -30 -31
leaf_value=0.016802694965967185 0.046580422938858806 -0.048195512274001387 -0.021590070405906395 0.0035827333008626675 -0.0010256749595381422 -0.016114585647653043 0.0042320104883507674 -0.018278873521861552 0.028440262251374263 0.059097225589268547 0.00032859344555852938 0.007434317944170786 0.047269248932464564 0.04319982180754748 -0.018953680378048315 0.032415879001402449 -0.017034604011761392 0.017010841066509613 -0.02602155829983915 0.010391719216117125 0.029042702827978446 0.037044005605783636 -0.049506685889679214 -0.018067578997874281 0.066345792166232084 -0.047060355132637885 -0.024112972528717386 0.0010427994037246306 0.022427746118891798 0.06484976729258099
leaf_weight=59.176303073094459 21.910080947447568 180.6481330391689 15.941075121285396 167.56078991567483 30.886700795497745 562.13362397975288 1609.5532607943751 514.48808409841149 37.122002135380171 4.0464553218334904 35.175036809872836 528.03253311710432 62.099326816387475 26.976183354621753 85.42027496593073 164.17805226915516 42.954689136124216 50.287760037346743 25.021950920228846 158.38460519054206 246.87313997815363 12.829558643978087 50.195488029654371 34.971219100349117 3.7918117898516348 13.763217277824877 56.177942946669646 20.08252977905795 10.323103053378871 2.6705797556205644
leaf_count=1762 696 616338 344 19081 659 11493 36132 21910 868 39 537 5483 11663 3194 24708 2156 1056 4559 972 41288 5747 1249 3732 13109 41 124 7207 169 2037 572
internal_value=-0.000157403 -0.0154391 0.00256725 0.00186096 -0.000806044 0.00199689 -0.00103464 -0.0127771 -0.0151348 -0.0397715 0.0100177 0.0138189 0.0337458 0.0091727 -0.00481234 0.0267542 -0.00765537 -0.017882 0.00271316 -0.00153421 0.0256991 0.00455636 -0.0345327 0.00524444 -0.00326396 -0.0102297 -0.00223346 -0.0185181 -0.0168884 -0.0164131
internal_weight=4833.68 731.415 4102.26 4011.39 3022.97 2449.45 2171.69 573.52 551.61 222.332 988.424 754.362 90.87 555.009 509.083 199.353 449.907 168.46 75.3097 281.447 277.76 28.7706 93.1502 193.356 41.684 37.8922 234.062 33.8457 66.501 88.0909
internal_count=838925 708469 130456 117200 77505 54031 47625 23474 22778 616711 39695 11370 13256 8677 91758 2693 89996 10319 5531 79677 6406 1593 4788 54397 373 332 28325 293 9244 25280
is_linear=0
shrinkage=0.05


Tree=119
num_leaves=31
num_cat=0
split_feature=2 13 6 13 0 6 0 1 6 9 0 3 12 6 1 1 1 20 9 6 2 0 3 6 1 14 4 10 14 18
split_gain=75.2214 53.8902 33.5644 61.0137 32.1554 28.9981 52.7851 50.2465 30.0987 32.4185 30.386 24.3662 13.7446 13.0368 11.6312 11.3247 9.43182 8.64741 11.0171 7.3295 7.11233 15.4391 7.73583 7.10446 6.33841 6.21442 5.98197 5.8043 7.14582 5.16246
threshold=0.60943257184966848 0.68989800874210794 0.95000000000000007 0.73300330033003303 0.043961352657004842 0.76388888888888895 0.16843971631205676 0.93896677559912867 0.58571428571428574 0.14854215918045707 0.12632978723404256 0.99350649350649356 1.0000000180025095e-35 0.72077922077922085 0.71166962266033484 0.98903903903903923 0.92840996168582379 1.0000000180025095e-35 0.54201977401129953 0.95000000000000007 0.40253164556962034 0.58102025506376609 0.50316455696202544 0.95000000000000007 0.97336652441915616 0.098387096774193564 0.59657090219668085 0.79768592830390594 0.44097222222222227 1.0000000180025095e-35
decision_type=2 2 2 2 2 2 2 2 2 2 2 2 2 2 2 2 2 2 2 2 2 2 2 2 2 2 2 2 2 2
left_child=1 12 4 24 15 8 7 -7 9 -6 -10 -8 14 16 -1 25 17 18 -3 -15 21 -16 -22 -14 -4 -2 -19 28 -26 -29
right_child=2 13 3 -5 5 6 11 -9 10 -11 -12 -13 23 19 20 -17 -18 26 -20 -21 22 -23 -24 -25 27 -27 -28 29 -30 -31
leaf_value=-0.045472989794721058 0.014630129338287924 -0.013349994169077312 0.0067990552237766613 0.043111161963093288 -0.01238543386935422 0.056367555819860228 0.090257619852861543 -0.0017715058482962076 -0.012674076633215051 0.004376999060678421 0.0073380713771244574 -0.021109788850159992 -0.04856828863072879 -0.053489097425904832 -0.00830804696522436 -0.030499921580203496 0.052232806632031649 -0.020766287831697618 0.011152886499476624 0.050953584688075773 0.44957087857450306 0.26648368445824944 0.0071412506667573802 0.096354642473738178 -0.034081832197485028 0.053661327173640007 -0.10270773565157548 -0.0088556813712349011 -0.2798603940493371 0.040839874738359011
leaf_weight=8.6562984520278423 13.6138178051915 83.222746439627372 134.46158622018993 134.15759115573019 622.17336204118328 45.922656086739153 4.9680028118891633 194.82506956823636 210.25326138717355 537.74122448753042 1938.7172188415134 431.65434676373843 146.00903064530576 18.65299422712997 1.1292454938229632 5.6523541230708352 7.6168393660336724 36.599618851556443 102.22297733149026 1.8460487152915437 0.099995212396605804 0.9338821603450923 8.2681832419184484 0.85058880550786753 14.651287339394909 40.644974309951067 2.3716172659769645 60.078434474533424 0.30182848032564003 5.7237912521231911
leaf_count=17759 286 1425 3789 20933 77827 662 74 2689 4225 93061 41260 5645 560474 160 228 202 159 454 1547 168 74 95 1439 37 1378 1544 27 1185 20 99
internal_value=-0.000151051 -0.0204071 0.00177744 0.0166464 0.000493555 -5.28899e-05 -0.0094783 0.00931853 0.00187661 -0.0046143 0.0053801 -0.0198426 -0.0425412 -0.00586214 -0.0026271 0.0368519 -0.00248548 -0.00434265 0.000156693 -0.0440835 0.0329281 0.116077 0.012428 -0.0477289 0.000149257 0.0438682 -0.0257529 -0.010923 -0.0390429 -0.00453293
internal_weight=4814.02 418.48 4395.54 349.375 4046.17 3986.26 677.37 240.748 3308.89 1159.91 2148.97 436.622 165.947 252.533 19.0876 59.9111 232.034 224.417 185.446 20.499 10.4313 2.06313 8.36818 146.86 215.217 54.2588 38.9712 80.7553 14.9531 65.8022
internal_count=838925 584046 254879 27404 227475 225443 9070 3351 216373 170888 45485 5719 580106 3940 19595 2032 3612 3453 2972 328 1836 323 1513 560511 6471 1830 481 2682 1398 1284
is_linear=0
shrinkage=0.05


Tree=120
num_leaves=31
num_cat=0
split_feature=6 14 6 14 0 6 0 1 6 5 4 3 1 1 5 9 6 23 6 12 4 10 0 5 4 2 10 1 11 17
split_gain=69.5347 50.3865 34.2216 57.8109 30.0141 25.7138 49.7725 45.6963 27.326 53.0011 38.3657 20.6624 9.56775 8.45429 8.10638 8.36713 6.72044 9.47951 8.48567 8.1162 6.40773 5.57272 5.31612 7.39096 5.13785 6.19408 6.28173 5.2505 4.77575 5.53481
threshold=0.32051282051282054 0.13100686498855837 0.95000000000000007 0.2752525252525253 0.059714795008912663 0.76388888888888895 0.16843971631205676 0.93896677559912867 0.6515151515151516 0.91876457324502359 0.82300358116475347 0.99350649350649356 0.88283236087583938 0.98903903903903923 0.38707482577025604 0.053342816500711245 0.087121212121212141 1.0000000180025095e-35 0.14835164835164838 0.44908872639965086 0.77462137175352319 0.65863337204800632 0.51564027370478993 0.83743493969231286 0.82300358116475347 0.99333333333333351 0.79080338266384786 0.89992118226600992 0.68985092086120925 0.55000000000000016
decision_type=2 2 2 2 2 2 2 2 2 2 2 2 2 2 2 2 2 2 2 2 2 2 2 2 2 2 2 2 2 2
left_child=1 12 4 24 13 8 7 -7 9 -6 -10 -8 -1 14 15 -2 20 18 -18 -20 -3 -16 -14 -24 -4 27 -27 -26 -15 -30
right_child=2 16 3 -5 5 6 11 -9 10 -11 -12 -13 22 28 21 -17 17 -19 19 -21 -22 -23 23 -25 25 26 -28 -29 29 -31
leaf_value=-0.049002970704700256 0.052964490099728957 0.0092209952891539482 0.03483118034928389 0.042382295347564027 0.0036039094613861278 0.054210983175954464 0.073482367645637814 -0.0015233540781796103 -0.011268915946757713 -0.013590029961433514 0.01014755746339476 -0.02047293951218792 0.014909061147536052 -0.09026251243193481 0.045630455390125411 -0.15583145837894974 -0.051422978965961055 -0.044181344644532113 0.12347886595453211 -0.00086439278014257312 0.089490092769998919 0.018351033139132417 -0.050327613998394506 0.71464175469674185 -0.0025668992485456776 -0.019311136461230154 0.0053786722382812395 -0.057595642810694216 0.054428224290802567 -0.055651673238204358
leaf_weight=129.38244503315946 0.83368176314979692 30.822881478816271 10.289817381184546 132.64588758931495 1235.564305462467 45.35085454210639 5.930409119318937 194.52809840801638 253.06181541248225 703.34036240767455 1204.1837044503191 440.5512439571321 4.5502588876406653 1.9972304045222689 50.942419787868857 1.1303954408504067 8.458504807436837 17.02186427610286 1.3330414394440584 84.528515050769784 2.7044102277141056 29.598974699620157 0.06131361168809224 0.065102766267955303 8.7063036949839461 30.889221004443243 155.21351788844913 8.6329171083634701 2.4154421561397612 2.1657536644488573
leaf_count=593028 23 3442 466 21168 143076 662 83 2680 5125 18978 22480 5781 1471 48 2272 22 634 7893 313 2292 60 675 68 5 245 2555 2956 219 114 91
internal_value=-0.000144236 -0.0243721 0.00135154 0.0164532 9.76088e-05 -0.000528886 -0.00935575 0.00901363 0.00125502 -0.00263322 0.00642842 -0.019225 -0.0464634 0.0288084 0.0331578 -0.0672049 -0.00392932 -0.00983883 -0.00364106 0.0010661 0.0156957 0.0356053 0.0237946 0.343622 0.000361091 -0.00138236 0.00128067 -0.0299648 -0.0257409 0.00238811
internal_weight=4796.9 278.928 4517.97 346.378 4171.59 4082.51 686.361 239.879 3396.15 1938.9 1457.25 446.482 134.059 89.0839 82.5055 1.96408 144.869 111.342 94.3201 85.8616 33.5273 80.5414 4.67668 0.126416 213.732 203.442 186.103 17.3392 6.57843 4.5812
internal_count=838925 609206 229719 27609 202110 198865 9206 3342 189659 162054 27605 5864 594572 3245 2992 45 14634 11132 3239 2605 3502 2947 1544 73 6441 5975 5511 464 253 205
is_linear=0
shrinkage=0.05


Tree=121
num_leaves=31
num_cat=0
split_feature=2 14 15 6 14 17 14 14 14 12 0 12 14 10 14 17 14 14 12 12 12 12 12 12 14 10 5 8 6 22
split_gain=66.0859 59.0006 31.0656 34.9457 21.4902 25.7908 18.3141 18.0534 17.6349 62.7943 28.9213 27.9774 33.8151 26.1745 25.8497 22.4027 33.8562 27.2714 21.5619 20.0829 14.1271 13.8569 12.7796 11.2982 9.95512 8.15899 6.88276 6.14327 7.85773 9.63503
threshold=0.64326765188834167 0.13423423423423428 1.0000000180025095e-35 0.86607142857142871 0.57518796992481214 0.45000000000000007 0.59411764705882364 0.71714285714285719 0.56385869565217395 0.90946348733233984 0.13921188630490958 0.97315315315315332 0.71714285714285719 0.33498349834983504 0.68990384615384626 0.22500000000000003 0.39444444444444454 0.43303571428571436 0.95548478414720461 0.61369648869648874 1.0000000180025095e-35 0.22660960902548141 0.39036004645760747 0.50917508417508428 0.84412955465587058 0.6876990445859873 0.77924891806830221 1.0000000180025095e-35 0.55050505050505061 1.0000000180025095e-35
decision_type=2 2 2 2 2 2 2 2 2 2 2 2 2 2 2 2 2 2 2 2 2 2 2 2 2 2 2 2 2 2
left_child=1 20 8 4 -4 6 -6 -7 15 10 -10 12 -11 -12 -13 16 21 -18 19 -17 27 -2 -3 25 26 -5 -24 -1 29 -29
right_child=2 22 3 23 5 7 -8 -9 9 11 13 14 -14 -15 -16 18 17 -19 -20 -21 -22 -23 24 -25 -26 -27 -28 28 -30 -31
leaf_value=-0.051245896981487404 0.0022912952616817822 0.089612970099438624 0.018457900737577415 -0.068910287334533249 -0.1260934569689762 0.020819925517502703 -0.011521679000553052 -0.00021401259928146362 0.046941737467136389 -0.019012393022638425 0.0026939007292018174 0.049518517546809908 0.0051841198925446016 0.026149588367616446 0.0019441582928987943 0.014281181079308007 0.054911004760798555 0.010067726136780903 0.063919651559453963 -0.012757697724437085 -0.049379560475649731 -0.0099912359469775253 -0.011554673013433998 0.049792603956569766 0.011774390725398579 0.026996506784181695 0.072202014595376826 0.097627847543227703 -0.036921705688262349 -3.4917102480512572e-05
leaf_weight=6.0692002067080493 566.64260168751935 3.4835229359159703 279.2813372775563 3.5206642858684045 3.5551732233725479 175.61958197690547 184.43823148822412 243.39723415276967 69.591876578284428 386.22327474411577 284.74193335371092 38.361041841562837 230.60653005447239 204.25858765374869 111.67456321860664 75.360018772407784 43.938349943608046 148.46241325652227 9.8839293494820577 773.96811327544856 131.8605983096204 386.09441282047192 265.44715172186261 65.883864773437381 59.849156571784988 5.9913761215284467 2.4756863568909457 3.7458873226860323 6.5221155312610781 7.7511520222469699
leaf_count=15798 7418 654 7198 82 72 5559 4567 11821 1357 3279 1860 375 2807 1497 2614 4562 307 977 70 5863 590184 132036 15166 15798 1373 270 36 375 175 4775
internal_value=-0.000137525 -0.0175884 0.00184364 0.0097595 0.00697956 0.00169845 -0.0136884 0.00860179 -0.000442552 0.00403202 0.0167835 -0.00525626 -0.00996634 0.0124915 0.014108 -0.00340154 0.00117729 0.0203085 -0.00950411 -0.0103586 -0.0429475 -0.00268617 -0.00564987 0.0424382 -0.00666231 -0.0085012 -0.0107807 -0.00773805 0.00691623 0.0317849
internal_weight=4778.7 487.204 4291.5 961.687 886.292 607.01 187.993 419.017 3329.81 1325.46 558.592 766.865 616.83 489.001 150.036 2004.35 1145.14 192.401 859.212 849.328 155.949 952.737 331.256 75.3959 327.772 9.51204 267.923 24.0884 18.0192 11.497
internal_count=838925 628536 210389 45367 29217 22019 4639 17380 165022 13789 4714 9075 6086 3357 2989 151233 140738 1284 10495 10425 611307 139454 17229 16150 16575 352 15202 21123 5325 5150
is_linear=0
shrinkage=0.05


Tree=122
num_leaves=31
num_cat=0
split_feature=6 23 14 14 17 11 12 13 14 13 1 11 6 3 14 14 12 1 8 1 4 6 9 7 8 13 13 1 6 18
split_gain=61.3969 66.3429 32.798 26.7419 23.8343 61.8926 25.1609 42.4329 19.2408 25.5472 24.2516 20.0667 19.1859 17.9406 15.4759 14.9038 13.7856 11.5628 13.1986 10.2348 10.8613 9.33252 25.46 13.4917 10.4328 8.78957 7.88438 7.41228 7.62997 7.36694
threshold=0.43650793650793657 1.0000000180025095e-35 0.94868421052631591 0.44949494949494956 0.87500000000000011 0.96744022847817235 0.90946348733233984 0.93764952153110059 0.8377192982456142 0.9805186590765339 0.93348815322499534 0.93315273186398617 0.95000000000000007 0.94826048171275656 0.77525252525252542 0.7633053221288516 0.85791925465838526 0.93896677559912867 1.0000000180025095e-35 0.73838232398952042 0.81164657390364325 0.37980769230769235 0.11215932914046123 0.58571428571428574 1.0000000180025095e-35 0.9805186590765339 0.98469347910972294 0.94395499108734415 0.13392857142857145 1.0000000180025095e-35
decision_type=2 2 2 2 2 2 2 2 2 2 2 2 2 2 2 2 2 2 2 2 2 2 2 2 2 2 2 2 2 2
left_child=1 17 4 -3 5 6 7 -2 9 16 11 -10 -8 19 -7 -11 -6 21 -19 20 -4 24 -23 -24 -1 -16 -12 28 -5 -26
right_child=2 3 13 27 8 14 12 -9 10 15 26 -13 -14 -15 25 -17 -18 18 -20 -21 -22 22 23 -25 29 -27 -28 -29 -30 -31
leaf_value=-0.015418509091050256 0.00046110736538729051 -0.047845043844845496 -0.019963030426537843 0.056742080177927437 0.017384804126780767 0.017355477611383945 -0.010092985594359753 0.017907041629004652 -0.019315745584972746 0.036177882147731072 -0.11687976446601432 -0.093606184832043415 0.044518394920270377 0.047977833706269402 0.053915106833079124 -0.0047051585984783486 -0.016915337353405741 -0.08798225448717116 0.024740392403732856 0.025821624884530898 -0.17490658249442925 -0.040674481923780925 0.013773116406354882 -0.022964642488653358 0.0097586419925888342 0.021162760328852035 0.055328777741170315 0.064992493003091789 -0.016923513809978131 -0.015659224079447965
leaf_weight=88.423916434534476 2311.8426213118364 155.97784760926152 10.137860194779934 3.9250006200745693 32.982837239425862 157.28004640340805 549.47630658186972 410.41731924097985 17.483221051981673 48.500904994783923 0.73355257301591237 18.933331281412393 16.567541506141424 59.592859442345798 62.111071383580565 41.252670457819477 261.90246623707935 2.746924028848297 47.528282765997574 14.742284862790255 1.2730635749176133 64.583627257932676 63.235700206336332 41.321144948946312 161.42173101879598 30.564659488387406 7.0768695021979511 3.6944277253933242 33.65572199691087 34.620835110035841
leaf_count=25334 84952 616338 198 39 380 5788 4909 10129 313 1103 11 127 2185 12486 1493 973 2908 17 1514 540 32 3154 5821 1408 41405 1665 264 41 293 13105
internal_value=-0.000131208 -0.0137926 0.00223217 -0.0383747 0.00157089 0.00292016 0.00109694 0.00309132 -0.00956096 -0.00596978 -0.0407932 -0.0579401 -0.00849456 0.0328267 0.0269057 0.0173872 -0.0130789 -0.00416949 0.0185815 -0.00169692 -0.0372494 -0.00669108 -0.0159919 -0.000745744 -0.00116092 0.0431133 0.039155 -0.00258631 -0.00922974 0.00526988
internal_weight=4754.01 701.135 4052.87 197.253 3967.13 3538.26 3288.3 2722.26 428.866 384.639 44.227 36.4166 566.044 85.7461 249.956 89.7536 294.885 503.882 50.2752 26.1532 11.4109 453.607 169.14 104.557 284.466 92.6757 7.81042 41.2752 37.5807 196.043
internal_count=838925 708469 130456 616711 117200 111121 102175 95081 6079 5364 715 440 7094 13256 8946 2076 3288 91758 1531 770 230 90227 10383 7229 79844 3158 275 373 332 54510
is_linear=0
shrinkage=0.05


Tree=123
num_leaves=31
num_cat=0
split_feature=2 14 5 7 0 2 1 14 9 14 1 5 0 11 14 8 0 4 10 4 1 0 1 0 1 11 4 5 5 7
split_gain=58.3595 58.5623 31.9589 37.8066 61.0919 36.3768 35.034 33.3004 27.1189 44.1919 27.4931 26.9269 25.5169 23.7553 22.9861 21.3145 21.2185 16.9127 16.3608 26.0979 16.2899 14.9298 12.9667 12.7151 11.9745 11.23 12.2922 12.6448 14.2522 12.4126
threshold=0.69028213166144214 0.13423423423423428 0.69811193154807361 0.89444444444444449 0.36626016260162603 0.87007672634271105 0.75189008964417325 0.94868421052631591 0.087595907928388769 0.089572192513368995 0.85001028383381338 0.87972200632037689 0.18274582560296851 1.0000000180025095e-35 0.13423423423423428 1.0000000180025095e-35 0.15184453227931491 0.54913390615808255 0.9240384615384617 0.45684543524050408 0.85601143615849506 0.90661337209302328 0.31169389728711766 0.58102025506376609 0.71166962266033484 0.96744022847817235 0.74403493302006318 0.57783260057793318 0.50806018160886623 0.64583333333333337
decision_type=2 2 2 2 2 2 2 2 2 2 2 2 2 2 2 2 2 2 2 2 2 2 2 2 2 2 2 2 2 2
left_child=1 13 12 4 5 16 21 8 10 -10 -5 -7 15 24 18 20 -4 -16 -14 -20 -2 -6 -19 -8 -1 26 27 28 -3 -29
right_child=2 25 3 7 6 11 23 -9 9 -11 -12 -13 14 -15 17 -17 -18 22 19 -21 -22 -23 -24 -25 -26 -27 -28 29 -30 -31
leaf_value=-0.042164840243349253 0.053965711140732203 -0.013496669110843823 0.015945945258329101 0.011754685406384724 -0.010678088021569982 0.0087792283932891981 0.01927729904362073 0.047862748358406426 -0.025033448133446063 0.048573415195324599 -0.001335303123926849 -0.027535135229516686 -0.046941746986786402 -0.049014083136666525 0.046802425148763704 0.042908392252214073 -0.03422865595849317 -0.15177349794481459 0.48066799022005685 -0.0020113825448559238 -0.049949169014032471 0.055448885275906946 0.0095754819706373104 0.070881284397596708 0.021677892425028357 0.010191660620306157 0.037885554157491168 -0.03872019098625612 0.012696268888585436 0.0015595932136092435
leaf_weight=11.418716326064894 5.5110016363323693 160.88921617004962 22.730796212912537 507.36714580800617 187.37950587457453 143.84258446795866 163.18468249897705 41.047783858375624 28.373209350887919 72.485268879740033 1915.7062313736533 79.127884475630708 29.821969225813518 134.92982221473358 31.941607343032956 96.078713401249843 288.58993431570707 1.2487530298822083 0.28186541034665324 43.37187320672092 11.947805015399352 8.9430502353934553 436.36693419649964 12.878996967076089 20.586011735053034 94.970199494389817 13.302378771186339 64.991973401425639 76.688665932277218 27.101761139463633
leaf_count=20065 457 14690 501 16331 5334 3135 4376 9538 1338 1157 45586 1268 54159 631879 736 3237 5597 28 154 2459 313 381 7971 340 2665 1941 157 1044 1691 397
internal_value=-0.000124695 -0.0146291 0.00200053 8.7349e-05 -0.00868874 -0.0195241 0.00685758 0.00318955 0.00246301 0.0278665 0.00140561 -0.00410803 0.0121166 -0.039828 0.00760947 0.0336735 -0.0305652 0.0116787 -0.0183959 0.0011052 -0.0171477 -0.00766582 0.00911507 0.0230521 -0.00110006 -0.00502386 -0.00923707 -0.0111385 -0.00504175 -0.0268665
internal_weight=4733.11 604.879 4128.23 3471.66 906.677 534.291 372.386 2564.98 2523.93 100.858 2423.07 222.97 656.571 166.935 543.033 113.538 311.321 469.557 73.4757 43.6537 17.4588 196.323 437.616 176.064 32.0047 437.944 342.974 329.672 237.578 92.0937
internal_count=838925 674529 164396 94882 20932 10501 10431 73950 64412 2495 61917 4403 69514 654609 65507 4007 6098 8735 56772 2613 770 5715 7999 4716 22730 19920 17979 17822 16381 1441
is_linear=0
shrinkage=0.05


Tree=124
num_leaves=31
num_cat=0
split_feature=2 13 13 17 11 14 13 14 13 8 11 18 0 11 9 1 0 12 5 5 4 1 5 1 14 17 4 1 9 5
split_gain=53.4161 46.0256 28.0522 21.823 36.9183 24.9516 21.5741 35.1915 24.6697 15.9143 15.5182 17.2998 15.4667 13.5677 13.3824 12.1404 26.0685 18.0422 10.0054 16.0654 14.1071 13.939 12.3759 9.35903 9.23099 9.07417 8.89275 8.60697 8.47385 8.41799
threshold=0.60943257184966848 0.68989800874210794 0.9979423868312759 0.55000000000000016 0.96216660739687077 0.61721611721611735 0.96677704194260494 0.6858552631578948 0.53091882442914906 1.0000000180025095e-35 0.89043787753465187 1.0000000180025095e-35 0.52041666666666686 1.0000000180025095e-35 0.54631217838765023 0.92840996168582379 0.18274582560296851 0.97315315315315332 0.62148641413763051 0.50323576915428803 0.4767441789041662 0.90498325035343308 0.24947103609027213 0.71166962266033484 0.81534090909090928 0.22500000000000003 0.87583523470594493 0.46454637410519767 0.13100686498855837 0.65630268283387327
decision_type=2 2 2 2 2 2 2 2 2 2 2 2 2 2 2 2 2 2 2 2 2 2 2 2 2 2 2 2 2 2
left_child=1 13 3 4 6 25 8 -8 -2 28 11 -11 15 23 27 16 -5 -17 19 22 -21 -22 -3 -1 -24 -6 -7 -14 -4 -20
right_child=2 18 9 12 5 26 7 -9 -10 10 -12 -13 14 -15 -16 17 -18 -19 29 20 21 -23 24 -25 -26 -27 -28 -29 -30 -31
leaf_value=-0.044396175669710269 -0.0057279097260931507 0.012340639085647219 -0.025101920448486394 0.027081684888219788 0.035045186743927183 0.019469264146714637 0.043736793321716622 -0.025093548314240877 0.0051461332900223228 0.023254059165764941 0.040288394232861909 -0.031995606522406309 -0.0068624780185992541 -0.047175294529764988 0.1616406248251685 -0.0065468556495505374 -0.019060645647976552 0.026790817724655643 -0.053712127089604871 0.04542690051321524 -0.0095635626680794922 0.063550317038904944 -0.029748778679151391 0.028541756508099831 0.0048860896434106118 -0.015222035838560766 0.043418952525316842 0.013131833326694889 0.012289568969402191 -0.00026026616991537061
leaf_weight=7.3779583430587108 712.13767830347933 39.00731062318664 25.799843697808683 33.430708578904159 11.125727038364856 68.946372659411281 21.288566712988541 145.4329419163987 1949.2177820762154 58.451063007581979 91.726056859828532 18.701738315634429 90.750726190177375 119.85233657076606 1.3718512792838726 386.70002542273141 362.7256609898468 45.343039365718141 18.064812728203837 27.653908298816532 44.237463659606874 7.6454909315798423 74.744748021475971 10.889376832579726 25.905785680748522 46.506710957502946 88.525188399245963 132.27818202870549 36.714529698481783 12.436968139139934
leaf_count=17759 179569 693 499 514 556 1618 289 1485 30428 3916 15185 627 1199 560511 18 5356 3739 744 240 383 734 104 1212 1836 384 665 4629 1949 1894 190
internal_value=-0.000120631 -0.0178975 0.00147259 0.000515709 0.00266219 0.0226308 0.00114337 -0.0163046 0.00223641 0.0184099 0.0263878 0.00986161 -0.00569 -0.0410573 0.00595375 -0.00884487 -0.0151668 -0.00304806 -0.00508662 -0.00135302 0.016584 0.00121053 -0.0115684 -0.000917003 -0.0208343 -0.00551814 0.032933 0.00499612 -0.003142 -0.0319174
internal_weight=4714.99 387.816 4327.17 4095.78 3043.18 215.104 2828.08 166.722 2661.36 231.393 168.879 77.1528 1052.6 138.12 224.401 828.199 396.156 432.043 249.696 219.195 79.5369 51.883 139.658 18.2673 100.651 57.6324 157.472 223.029 62.5144 30.5018
internal_count=838925 584046 254879 232758 219239 7468 211771 1774 209997 22121 19728 4543 13519 580106 3166 10353 4253 6100 3940 3510 1221 838 2289 19595 1596 1221 6247 3148 2393 430
is_linear=0
shrinkage=0.05


Tree=125
num_leaves=31
num_cat=0
split_feature=2 14 5 3 14 1 1 1 11 13 10 1 4 7 2 2 4 1 4 11 10 5 17 7 4 11 13 5 1 2
split_gain=49.9456 54.3256 28.9768 37.4998 39.7683 24.89 39.288 30.1438 23.2439 23.1494 23.0386 17.1873 16.3255 15.3746 17.0955 14.5309 12.5993 10.4637 10.0959 10.7178 11.723 14.1647 11.1888 9.85197 9.39261 8.31062 6.52404 8.68917 6.11025 6.27941
threshold=0.69028213166144214 0.13423423423423428 0.69811193154807361 0.92907444668008055 0.94868421052631591 0.85001028383381338 0.94395499108734415 0.78003132371411954 1.0000000180025095e-35 0.50675799086758 0.98611111111111127 0.30255681818181818 0.70092091833275905 0.68333333333333346 0.87007672634271105 0.78629976580796257 0.3170682072344107 0.71166962266033484 0.74403493302006318 0.96744022847817235 0.73304597701149432 0.57783260057793318 0.45000000000000007 0.64583333333333337 0.64550842683270859 0.61912519997102888 0.89680527383367148 0.51844060913196943 0.95754013329469723 0.6861407249466952
decision_type=2 2 2 2 2 2 2 2 2 2 2 2 2 2 2 2 2 2 2 2 2 2 2 2 2 2 2 2 2 2
left_child=1 8 9 24 5 7 -7 -5 17 10 -2 -11 16 15 -15 -13 -12 -1 19 20 21 -3 -21 -14 -4 -22 -20 -28 29 -19
right_child=2 18 3 4 -6 6 -8 -9 -10 11 12 13 23 14 -16 -17 -18 28 26 22 25 -23 -24 -25 -26 -27 27 -29 -30 -31
leaf_value=-0.041226316987374917 -0.048820283962630169 -0.0066769178372816963 0.064458829485549277 0.0026300961847573624 0.04618882359804178 -0.0088399575787313951 0.0036837194922286448 0.025960265349736739 -0.048897431011039938 -0.20027930080640824 0.80074617588598551 0.0071220494511214649 0.022836055352704134 -0.02861120198032795 0.013384952327027147 0.02583567064076623 0.065451753671024931 0.020541530838649017 0.087726123885955173 0.054619483778818603 0.059143442754604571 -0.031106561561199082 0.0022808759867060709 -0.024162481291313473 -0.047463187623055882 0.0021732210798999473 -0.085081359859059708 0.033114936024630219 -0.13623342110283806 0.23603126313557643
leaf_weight=10.691056658615709 29.230192233415437 215.1047052875947 1.9510437613353122 680.66643598853261 47.271106292726472 1238.3417639433173 1266.9168901104131 173.80642758164322 123.58639924977615 0.92435494650271621 0.058672722079790129 157.66396617129794 18.559536487009609 37.896859370055608 67.209019093774259 303.25997812773858 8.2647206418623664 20.110157263712615 4.1852767481468645 11.717100437497718 9.089850154428861 81.937117184817907 79.457324595190585 27.931897263741121 47.807058881575358 21.644034148426726 1.8296003038994957 10.35746161197312 0.61150084808468719 0.34384986621444014
leaf_count=20065 53272 13522 106 19352 11024 26060 31611 4939 631879 43 13 5036 726 587 1856 6256 1574 2627 64 135 1429 1288 1750 151 1790 1583 17 132 4 34
internal_value=-0.000114355 -0.0137092 0.00184048 1.80633e-05 0.000647418 6.65439e-06 -0.0025067 0.00737563 -0.0390933 0.0115174 -0.0129714 0.0151476 0.00614515 0.0154994 -0.00175713 0.0194345 0.0706349 -0.000938609 -0.00465099 -0.00615625 -0.0103741 -0.0134157 0.00900707 -0.00540051 -0.0430747 0.0190227 0.0338669 0.0153705 0.019508 0.0241641
internal_weight=4698.43 590.665 4107.76 3456.76 3407 3359.73 2505.26 854.473 155.343 650.999 84.045 566.954 54.8148 566.03 105.106 460.924 8.32339 31.7566 435.322 418.95 327.776 297.042 91.1744 46.4914 49.7581 30.7339 16.3723 12.1871 21.0655 20.454
internal_count=838925 674529 164396 94882 92986 81962 57671 24291 654609 69514 55736 13778 2464 13735 2443 11292 1587 22730 19920 19707 17822 14810 1885 877 1896 3012 213 149 2665 2661
is_linear=0
shrinkage=0.05


Tree=126
num_leaves=31
num_cat=0
split_feature=6 23 0 2 5 6 0 4 2 6 0 14 9 0 0 2 11 1 7 2 1 5 11 2 6 0 14 9 6 0
split_gain=50.3689 55.8672 30.778 40.573 57.6059 58.2925 68.5313 36.9478 31.7955 28.4819 32.8459 24.7635 23.17 14.8175 21.0266 17.7218 14.1727 12.9297 11.7179 22.5741 29.7399 14.762 12.4035 12.2632 12.1673 11.4497 10.7201 9.89028 23.0589 14.5325
threshold=0.43650793650793657 1.0000000180025095e-35 0.42365967365967372 0.86391694725028068 0.77618722350963065 0.6515151515151516 0.059714795008912663 0.9091524368313596 0.91476997578692509 0.72077922077922085 0.13921188630490958 0.44949494949494956 0.20881782945736438 0.79205974842767313 0.90098039215686287 0.87007672634271105 0.63226761531359243 0.50448293420993118 0.68333333333333346 0.82426470588235301 0.73838232398952042 0.64202650137866046 0.90567728650512891 0.77849927849927869 0.95000000000000007 0.097800095648015326 0.30217391304347835 0.11215932914046123 0.34523809523809529 0.23582887700534763
decision_type=2 2 2 2 2 2 2 2 2 2 2 2 2 2 2 2 2 2 2 2 2 2 2 2 2 2 2 2 2 2
left_child=1 25 3 7 -5 6 -6 9 -7 10 -2 -3 -11 18 15 17 -9 -15 19 20 -4 24 -21 -23 -20 -1 -17 28 -27 -29
right_child=2 11 13 4 5 8 -8 16 -10 12 -12 -13 -14 14 -16 26 -18 -19 21 22 -22 23 -24 -25 -26 27 -28 29 -30 -31
leaf_value=0.038115507366060307 0.046859617555655146 -0.047453167703536255 -0.0065533599989928059 0.026989758578435448 0.040643550193221009 -0.023409329943557492 -0.020653762994538472 -0.0065627238692588857 0.0066159942065613583 0.079316358855474681 -0.010983393994761488 -0.0029531028544440233 -0.033764663378996869 -0.030011617680761833 0.03797274064334303 -0.016823432375804716 0.063767878659667973 0.037837698296307343 -0.032755297756655546 0.061471235749813641 0.026073642078491107 0.042983060747774006 0.015138573776319487 0.0080124289977422571 0.028488371868922058 0.00052539628781621511 0.012428628570827332 0.038800640159704268 -0.035102891940093743 -0.0030808644250014585
leaf_weight=15.468562931520863 26.154627362382598 134.15950950427214 114.66232134387246 216.27109105128329 50.540073509095237 93.955180678982288 466.31386508455034 10.737688031163996 1432.416269090143 4.6465439078165209 398.17871767104953 40.761685913428664 180.40551437623799 79.487889417971019 30.640639995515812 43.636386765632778 21.517596653313376 7.7019854751415542 36.831041468598414 43.061535579850897 178.68345413843053 26.713054127409123 21.73581748874858 407.34069768665358 10.399800059618427 106.78351086363546 110.9686871569138 22.411773230065592 79.020283160934923 273.19704194861697
leaf_count=520 932 616338 10485 5864 2034 1433 9688 338 38827 63 19801 373 3155 6838 1962 1928 520 484 684 1000 7608 676 619 12287 906 13780 2324 662 3602 73194
internal_value=-0.000110645 -0.0127819 0.0020106 -0.000700192 0.00245078 -0.00014662 -0.0146599 -0.0117961 0.0047678 -0.0145565 -0.00741813 -0.0370834 -0.0309253 0.00908377 -0.00104814 -0.00599293 0.040355 -0.0240181 0.0123721 0.0192202 0.0133205 0.00727607 0.0459293 0.0101646 -0.01927 -0.00422684 0.0041724 -0.00558737 -0.0146269 9.44089e-05
internal_weight=4684.8 671.802 4013 2901.14 2259.5 2043.23 516.854 641.641 1526.37 609.385 424.333 174.921 185.052 1111.86 272.436 241.795 32.2553 87.1899 839.428 358.143 293.346 481.285 64.7974 434.054 47.2308 496.881 154.605 481.413 185.804 295.609
internal_count=838925 708469 130456 82655 57846 51982 11722 24809 40260 23951 20733 616711 3218 47801 13536 11574 858 7322 34265 19712 18093 14553 1619 12963 1590 91758 4252 91238 17382 73856
is_linear=0
shrinkage=0.05


Tree=127
num_leaves=31
num_cat=0
split_feature=2 14 5 7 0 1 2 12 9 13 11 1 11 0 1 13 20 1 11 0 17 12 0 1 11 17 7 1 0 11
split_gain=43.0034 50.1978 25.0933 31.2082 52.5629 32.0394 31.7568 30.8367 24.8814 41.626 23.8673 22.9168 22.9135 21.1972 20.8486 18.5441 14.6856 14.6104 14.566 12.8445 11.7816 11.7207 11.0651 10.894 9.92289 10.928 9.55534 9.40091 8.50434 7.91095
threshold=0.69028213166144214 0.13423423423423428 0.69811193154807361 0.89444444444444449 0.36626016260162603 0.75189008964417325 0.89009661835748799 0.98312206238427591 0.087595907928388769 0.53866082104424085 0.51270084100272795 0.93348815322499534 1.0000000180025095e-35 0.18274582560296851 0.93896677559912867 0.5539183820873963 0.099999994039535536 0.30255681818181818 0.5015878834427222 0.90661337209302328 0.22500000000000003 0.42631272364150791 0.58102025506376609 0.96927447552447565 0.96744022847817235 0.45000000000000007 0.55050505050505061 0.71166962266033484 0.267479674796748 0.51561557629305022
decision_type=2 2 2 2 2 2 2 2 2 2 2 2 2 2 2 2 2 2 2 2 2 2 2 2 2 2 2 2 2 2
left_child=1 12 13 4 6 19 10 8 11 -10 -4 -5 27 16 -8 18 -2 -17 26 -6 -19 28 -7 -18 29 -26 -15 -1 -3 -23
right_child=2 21 3 7 5 22 14 -9 9 -11 -12 -13 -14 15 -16 17 23 20 -20 -21 -22 24 -24 -25 25 -27 -28 -29 -30 -31
leaf_value=-0.040276184374392315 0.034186008073106421 0.29976803677055519 0.025279973944387909 -0.0044786676589668277 -0.010289105279803175 0.018461196216617275 0.022310866369768017 0.033546679798236313 -0.023417251910977488 0.047776984720214175 -0.029243795551106289 0.0053831139705400547 -0.048784726221268414 0.036052501449823762 -0.014851419519972438 -0.18667704436620133 -0.019788792862103704 0.024723062090042654 -0.046739748870077424 0.051603799473912186 0.006180229608513642 0.16132637605403724 0.067138977090993771 -0.2263957643020218 0.053451937253383985 0.0025259872003306661 -0.014507259583925187 0.018282444246636907 0.051444823176900183 -0.009657259943250061
leaf_weight=10.100679636700081 105.3597340630804 0.36955428653163735 21.292814645101316 1096.1241247334692 186.44769947887107 162.21437528825481 65.357114317506785 79.157341982121579 29.267931483103894 68.779425304033794 349.82547660497949 1273.5275932193035 113.58639453751675 13.135794650501337 89.317950914264657 0.93924521707231079 2.5654062204994257 113.47531698497187 26.152248301776126 8.7771678333374421 349.50905527641589 0.67786113687907246 12.579668557853436 0.84922644542530168 12.095632005948572 81.606311419280246 32.381254033243749 21.32086807138694 5.1437318608805072 333.66158719273517
leaf_count=20065 3930 16 527 29757 5334 4376 1333 10033 1484 1001 6726 31675 631879 4703 1915 24 56 2031 51506 381 6762 63 340 21 144 1797 481 2665 1675 16225
internal_value=-0.000106442 -0.0128649 0.00169965 4.67045e-06 -0.00802228 0.00641538 -0.0181826 0.00282801 0.00184263 0.0265249 -0.0261155 0.000821373 -0.038331 0.0107554 0.000851304 0.00666856 0.0308786 0.0103253 -0.0170022 -0.00750645 0.010725 -0.00434739 0.0219645 -0.0711724 -0.0052804 0.00909983 8.38147e-05 -0.000541643 0.0680899 -0.0093106
internal_weight=4665.6 578.563 4087.04 3442.67 895.812 370.019 525.793 2546.86 2467.7 98.0474 371.118 2369.65 145.008 644.367 154.675 535.593 108.774 463.924 71.6693 195.225 462.984 433.555 174.794 3.41463 428.041 93.7019 45.517 31.4215 5.51329 334.339
internal_count=838925 674529 164396 94882 20932 10431 10501 73950 63917 2485 7253 61432 654609 69514 3248 65507 4007 8817 56690 5715 8793 19920 4716 77 18229 1941 5184 22730 1691 16288
is_linear=0
shrinkage=0.05


Tree=128
num_leaves=31
num_cat=0
split_feature=3 13 14 17 11 10 12 11 14 13 11 15 5 15 9 3 14 11 12 4 8 8 8 9 4 3 9 9 3 9
split_gain=39.6809 56.5108 38.4728 22.3059 58.4988 29.3974 36.8289 24.8816 20.6883 30.2298 29.2032 20.1742 18.5587 15.8804 15.5149 15.0724 13.4463 13.0158 11.6673 10.9541 11.6268 10.0761 8.49635 7.96409 6.65138 9.866 6.38398 6.26449 5.82254 8.72996
threshold=0.87585616438356173 0.68989800874210794 0.94868421052631591 0.87500000000000011 0.96744022847817235 0.1622776622776623 0.92605021128511067 0.9201073044602458 0.81101190476190488 0.9805186590765339 0.94502042062674152 1.0000000180025095e-35 0.5963828510317023 1.0000000180025095e-35 0.5763403263403265 0.94826048171275656 0.65108695652173931 1.0000000180025095e-35 0.9630991285403051 0.58714012138519522 1.0000000180025095e-35 1.0000000180025095e-35 1.0000000180025095e-35 0.80196078431372564 0.34893713830770506 0.52689415847310594 0.21807065217391305 0.091966173361522213 0.58885448916408678 0.54201977401129953
decision_type=2 2 2 2 2 2 2 2 2 2 2 2 2 2 2 2 2 2 2 2 2 2 2 2 2 2 2 2 2 2
left_child=1 17 3 4 5 7 -7 -2 9 13 -10 -12 24 -5 -11 21 18 22 -6 26 -21 -4 -1 -18 28 -26 -14 -22 29 -3
right_child=2 12 15 8 16 6 -8 -9 10 14 11 -13 19 -15 -16 -17 23 -19 -20 20 27 -23 -24 -25 25 -27 -28 -29 -30 -31
leaf_value=-0.04321156490035772 0.0020596253107751958 -0.036561885128690429 -0.051171826375212254 -0.016020041082416864 -0.0060222205533956748 0.0034663878485563116 -0.014629229092333504 -0.028868166004943005 -0.0039952866256392798 0.02938479955196234 -0.038177969125785999 -0.11634768938688018 0.033838613249646141 0.020031264072895627 -0.10458868114689612 0.046855689464763622 0.031972580109822679 -0.046363220202472549 0.06770529089714937 -0.054520500686832535 0.0060352373728583472 0.050563091584438349 0.029229767700743581 -0.10895720840777677 0.098670673742474416 0.0082891724820486953 -0.056008978346790451 -0.035265967998092118 0.014388162747973219 0.0093128201723771207
leaf_weight=6.7162285201338827 113.68426206405275 27.185245142842177 7.2237668484449369 263.24811932061857 45.643052728846669 2855.7948678431567 311.88618741487153 151.95271586021408 39.23389235441573 66.21536459797062 22.801293940283358 12.936989445472134 11.160057665780185 34.556127018644474 2.2338916994631282 62.243290054262616 198.08454368286766 122.30874007954844 6.0808975812979034 29.948543428909034 20.314511031494476 3.6705092790070921 10.186849921534304 1.0075666047632683 3.0751347002806133 166.62433548585977 2.4027039776556185 16.752606986090541 18.479604881023988 16.766881327959709
leaf_count=17985 1280 467 69 2721 867 128315 3259 2704 1005 1648 133 117 102 640 22 13625 8264 646328 108 202 291 444 5010 11 40 2576 27 209 235 221
internal_value=-0.000102533 -0.0141802 0.00141277 0.000775475 0.00204784 0.000344911 0.00168471 -0.015632 -0.00984848 -0.00495001 -0.0337785 -0.0664748 -0.00238317 -0.0118368 0.0250125 0.0373596 0.0253585 -0.0406796 0.00264551 -0.0230575 -0.0313509 -0.0168952 0.000446103 0.0312594 0.00479338 0.00992698 0.0179217 -0.012631 -0.00916055 -0.0190616
internal_weight=4650.42 451.921 4198.5 4125.36 3684.13 3433.32 3167.68 265.637 441.226 366.254 74.9722 35.7383 312.71 297.804 68.4493 73.1376 250.816 139.212 51.724 80.5784 67.0157 10.8943 16.9031 199.092 232.131 169.699 13.5628 37.0671 62.4317 43.9521
internal_count=838925 673693 165232 151094 144808 135558 131574 3984 6286 5031 1255 250 4370 3361 1670 14138 9250 669323 975 831 702 513 22995 8275 3539 2616 129 500 923 688
is_linear=0
shrinkage=0.05


Tree=129
num_leaves=31
num_cat=0
split_feature=6 23 14 14 6 13 6 9 7 7 3 17 11 12 1 4 3 9 6 1 1 3 5 14 11 11 1 1 6 10
split_gain=42.4198 48.8437 24.2 23.6244 20.2778 46.5662 30.0471 37.0848 32.2957 23.1812 16.3236 15.7021 35.5468 16.244 9.93913 15.8815 12.5297 11.1376 19.9523 13.9181 8.98209 8.52798 8.0332 7.8274 16.8636 9.66607 6.69501 6.6726 6.66483 6.90491
threshold=0.43650793650793657 1.0000000180025095e-35 0.94868421052631591 0.44949494949494956 0.95000000000000007 0.73300330033003303 0.76388888888888895 0.16064516129032261 0.81666666666666676 0.89444444444444449 0.94826048171275656 0.63333333333333341 0.96744022847817235 0.92068331397599701 0.90498325035343308 0.60484876437115653 0.97498436522826781 0.11215932914046123 0.34523809523809529 0.82326647133949382 0.73838232398952042 0.72281323877068571 0.3339150686680849 0.13840996168582378 0.63453564465275603 1.0000000180025095e-35 0.94395499108734415 0.97336652441915616 0.13392857142857145 0.17677696078431376
decision_type=2 2 2 2 2 2 2 2 2 2 2 2 2 2 2 2 2 2 2 2 2 2 2 2 2 2 2 2 2 2
left_child=1 14 4 -3 6 27 11 8 -8 -9 20 12 -2 -13 17 -16 -17 18 -1 -20 21 -4 -23 25 -25 -19 28 -6 -5 -30
right_child=2 3 10 26 5 -7 7 9 -10 -11 -12 13 -14 -15 15 16 -18 23 19 -21 -22 22 -24 24 -26 -27 -28 -29 29 -31
leaf_value=-0.0051920576967138983 0.0025108627657903369 -0.047087779514836975 0.058168777504952335 0.05356314684862528 0.0069260808995662906 0.040914369379705336 0.052256967292480194 -0.03166441525500116 -0.0049889300028303548 0.05226050822479044 0.047346922247443433 0.0045999037970903501 0.025927521008511353 -0.012069924923600261 0.071977792398457016 -0.035603576611502478 0.010307891089011067 0.014697303447086972 -0.021135940431781523 -0.077257574778490282 0.024776913413504874 -0.18655907961118645 -0.03892359396886403 0.064885982842722886 -0.0020830750387108589 -0.050059344983879185 0.062983761567362045 -0.011301240855707504 -0.043959945224271865 0.0024676849611813718
leaf_weight=76.709632275757031 2151.6269247547898 119.57096234471828 2.0139610394835499 3.7977802930399767 134.04356070316862 103.68645287072286 26.061910226271721 183.18580955101061 450.77664362383075 8.6149347597965953 48.171480378834531 258.38148495080532 175.26700358605012 336.41732053132728 9.0541598044510447 17.602998872462194 95.389137802412733 8.693297751349748 23.687205939902924 20.702888330197311 13.82888078689575 1.0358171714469779 8.3412083406001312 9.8331872884737077 213.5251703888207 17.093855534985778 3.5191895929165176 80.281837299233302 13.470114961266516 19.750834527891129
leaf_count=12917 74418 616338 23 39 3828 16539 328 2530 5476 106 12486 3217 4325 3751 240 531 2567 2287 1855 1066 540 32 175 834 4361 65100 41 2682 124 169
internal_value=-9.71141e-05 -0.0119153 0.00183927 -0.0359047 0.00130511 0.0134063 0.000233251 -0.00932824 -0.00186012 -0.0278948 0.0302849 0.00242143 0.00427466 -0.00482853 -0.00411311 0.00826104 0.00315536 -0.00819208 -0.0206308 -0.0473102 -0.0023047 -0.0351823 -0.0552319 -0.0021461 0.000865188 -0.0282288 -0.00291909 9.85052e-05 -0.00918415 -0.0163573
internal_weight=4634.14 652.4 3981.74 160.109 3908.34 318.012 3590.33 668.639 476.839 191.801 73.3913 2921.69 2326.89 594.799 492.292 122.046 112.992 370.245 121.1 44.3901 25.2199 11.391 9.37703 249.146 223.358 25.7872 40.5379 214.325 37.0187 33.2209
internal_count=838925 708469 130456 616711 117200 23049 94151 8440 5804 2636 13256 85711 78743 6968 91758 3338 3098 88420 15838 2921 770 230 207 72582 5195 67387 373 6510 332 293
is_linear=0
shrinkage=0.05


Tree=130
num_leaves=31
num_cat=0
split_feature=6 23 0 2 7 6 0 2 0 14 7 4 0 14 12 6 6 3 0 0 1 8 6 7 3 8 6 12 1 14
split_gain=38.7279 46.5273 27.8354 27.124 43.0663 53.4625 61.3889 38.4758 25.3319 23.1874 22.5323 20.191 14.9042 14.7827 14.9826 13.1191 15.5922 12.3315 10.2796 10.2496 7.97674 7.24445 7.11771 17.9164 17.7447 11.0113 7.04666 6.43056 18.5061 15.3874
threshold=0.43650793650793657 1.0000000180025095e-35 0.45049019607843144 0.81120250685468098 0.73214285714285732 0.63068181818181823 0.059714795008912663 0.91476997578692509 0.13921188630490958 0.44949494949494956 0.68333333333333346 0.69346300319273613 0.41742424242424248 0.2752525252525253 0.59316189362945659 0.95000000000000007 0.72077922077922085 0.92450142450142458 0.36626016260162603 0.097800095648015326 0.97789987789987798 1.0000000180025095e-35 0.37980769230769235 0.58571428571428574 0.99350649350649356 1.0000000180025095e-35 0.26136363636363641 0.25078616352201266 0.64108231038055619 0.074537037037037054
decision_type=2 2 2 2 2 2 2 2 2 2 2 2 2 2 2 2 2 2 2 2 2 2 2 2 2 2 2 2 2 2
left_child=1 19 3 8 11 6 -6 -7 -2 -3 12 -5 -10 27 -15 16 -16 -13 -12 20 21 -1 25 24 -24 26 -21 -4 -29 -30
right_child=2 9 13 4 5 7 -8 -9 10 -11 18 17 -14 14 15 -17 -18 -19 -20 22 -22 -23 23 -25 -26 -27 -28 28 29 -31
leaf_value=-0.071201648485643962 0.04776139562442587 -0.046883141138823248 0.0042047858160664028 0.06194879405105317 0.039530282860701489 -0.016842762440374043 -0.019019398111847816 0.0063566313948397544 -0.024509783255708843 -0.0027830145634397301 -0.0049848680323905806 -0.0075726140784805746 0.0063422581516573212 0.054208880285192808 0.013902505067668226 0.042639889719868165 -0.0036421141075266214 0.020426216287674184 0.030671560462323978 -0.002032049030010447 -0.058907878740875025 0.061915253529802844 -0.020830405628301914 -0.026826487419580099 0.025155540156417345 0.0061134962775906722 -0.030638083684210195 -0.037986107104124145 -0.050291720438593451 0.024132870244976751
leaf_weight=1.11709104501642 16.984646383672953 114.22353172928706 146.67008371185511 25.486509023874532 48.888735866174102 203.50783145101741 531.31843941612169 1467.3095835872227 291.49143796402495 40.330973685719073 54.586696636630222 48.022349584789481 45.217915369896218 20.829443409340456 540.91556414938532 31.770121291978285 165.34705339651555 217.15200691251084 32.100180499954149 46.804586823665886 1.9043687325902272 12.015214597340673 38.471463177615078 102.72985059482744 46.133032468555029 202.11872379250417 39.864117300632643 39.500980154727586 8.6753199064696656 34.820476037974004
leaf_count=8 619 616338 1816 740 2037 3535 11167 40186 16617 373 1200 1623 2623 311 7761 5555 1990 5395 772 19606 59 453 5300 3198 2466 54935 5733 14681 9724 2104
internal_value=-9.25502e-05 -0.011449 0.00175428 -0.000656057 0.00132886 -0.00100988 -0.014086 0.00353091 -0.0121121 -0.0353752 -0.014514 0.0194412 -0.0203666 0.00902546 0.0123892 0.0112089 0.00979504 0.0153557 0.00821872 -0.00392006 0.0367238 0.0505918 -0.00520365 -0.012794 0.00424475 -0.000279851 -0.0151897 -0.0020889 -0.013211 0.00928874
internal_weight=4616.31 645.713 3970.6 2982.07 2541.69 2251.02 580.207 1670.82 440.381 154.555 423.396 290.661 336.709 988.529 758.862 738.033 706.263 265.174 86.6869 491.158 15.0367 13.1323 476.122 187.334 84.6045 288.787 86.6687 229.667 82.9968 43.4958
internal_count=838925 708469 130456 86514 64683 56925 13204 43721 21831 616711 21212 7758 19240 43942 15617 15306 9751 7018 1972 91758 520 461 91238 10964 7766 80274 25339 28325 26509 11828
is_linear=0
shrinkage=0.05


Tree=131
num_leaves=31
num_cat=0
split_feature=6 23 0 2 5 6 0 7 13 2 0 12 11 6 13 10 11 6 6 1 7 9 12 0 9 6 9 6 0 9
split_gain=35.3047 44.2035 25.2779 35.7786 47.0552 46.5313 56.8577 27.2152 39.0363 24.5543 24.165 21.123 18.2114 17.7238 13.0661 17.0235 15.5028 15.6349 19.538 11.8744 11.7623 13.6708 9.77332 9.45023 8.64548 8.27398 7.98633 18.3402 12.1896 8.06553
threshold=0.43650793650793657 1.0000000180025095e-35 0.41048534798534803 0.86391694725028068 0.77618722350963065 0.6515151515151516 0.059714795008912663 0.89444444444444449 0.53866082104424085 0.91476997578692509 0.15184453227931491 0.61369648869648874 0.74867953249736208 0.68333333333333346 0.58434262366846645 0.93969696969696981 0.645706733468 0.95000000000000007 0.76388888888888895 0.68608825986534971 0.68333333333333346 0.52440476190476204 0.48394461629105917 0.097800095648015326 0.059411764705882358 0.58571428571428574 0.11215932914046123 0.34523809523809529 0.23582887700534763 1.0000000180025095e-35
decision_type=2 2 2 2 2 2 2 2 2 2 2 2 2 2 2 2 2 2 2 2 2 2 2 2 2 2 2 2 2 2
left_child=1 23 3 7 22 6 -6 10 -9 -7 13 -3 -12 -2 15 -4 19 18 -18 -16 21 -17 -5 24 -1 -24 27 29 -28 -25
right_child=2 11 14 4 5 9 -8 8 -10 -11 12 -13 -14 -15 16 20 17 -19 -20 -21 -22 -23 25 26 -26 -27 28 -29 -30 -31
leaf_value=0.048470660385792105 0.040536224928636948 -0.047842958918321243 -0.031337981939861453 -0.00073020797125522227 0.038502709533486633 -0.021101094554539474 -0.019009349487923183 -0.035470415602806317 0.06651247002700926 0.0057253576170834437 -0.0025779098530733214 -0.0077209206429187174 -0.02328477711696969 -0.048869302599188841 0.0093360627736275206 0.050705718936680369 0.009895215426401963 0.040446541285045545 -0.015045604517208933 0.054442450288282512 -0.0025372613835542338 -0.027498617468784705 0.01485632979202638 0.0076909157239010983 -0.080225880073886868 0.037590005426388275 0.036223787311175558 -0.031591777428462434 -0.0027086789675553895 -0.025706853064287168
leaf_weight=13.233493523672221 30.508472072135191 100.84328222418117 43.384427931450773 31.693473836756311 47.500167190562934 90.79317567369435 451.05147134372965 15.049687097081913 24.921473141293973 1409.4152670159237 148.55684828603989 48.620371978169715 372.26497658836888 6.7741315313614896 25.572860178188421 23.196603026415691 765.20901621435769 37.208929728833027 87.502418203512207 33.975742965529207 132.88668911508285 7.3616707472829139 62.322527791373432 82.835660841315985 1.4477142870891828 111.85972978314385 21.72080929139338 77.592628058162518 270.26850239188934 23.123864332766971
leaf_count=484 1219 615087 29441 1658 2034 1422 9440 473 554 38599 16048 1624 4999 116 350 690 11023 6084 939 375 682 275 1219 7123 36 2816 662 3602 73194 6657
internal_value=-8.88625e-05 -0.0109877 0.00167214 -0.000894078 0.00204832 -0.000296053 -0.0135298 -0.0117404 0.0281145 0.00410181 -0.0145948 -0.0347913 -0.0173784 0.0242915 0.00789229 -0.00349556 0.010373 0.00872028 0.00733587 0.0350717 0.00389487 0.0318658 0.0248089 -0.00373018 0.0357799 0.0294559 -0.00494996 -0.0131224 0.00018747 0.000402421
internal_weight=4598.7 639.686 3959.01 2802.71 2204.64 1998.76 498.552 598.076 39.9712 1500.21 558.104 149.464 520.822 37.2826 1156.3 206.829 949.469 889.92 852.711 59.5486 163.445 30.5583 205.876 490.223 14.6812 174.182 475.541 183.552 291.989 105.96
internal_count=838925 708469 130456 80597 57188 51495 11474 23409 1027 40021 22382 616711 21047 1335 49859 31088 18771 18046 11962 725 1647 965 5693 91758 520 4035 91238 17382 73856 13780
is_linear=0
shrinkage=0.05


Tree=132
num_leaves=31
num_cat=0
split_feature=6 23 0 1 1 0 1 5 15 12 20 0 0 2 1 2 0 0 5 2 10 13 10 9 0 9 9 6 0 9
split_gain=32.1703 41.8808 23.1997 26.1843 30.0755 44.4076 41.7665 42.1929 37.7415 21.0176 15.2192 13.9622 18.4581 15.7833 11.4773 10.6696 9.7149 8.68956 8.57413 8.41584 8.26634 8.19669 13.911 7.89074 7.74008 7.59557 7.22414 16.6403 11.1336 7.29466
threshold=0.43650793650793657 1.0000000180025095e-35 0.45049019607843144 0.72654304864372798 0.83674369460915932 0.20881782945736438 0.92284702886618086 0.94382360726087744 1.0000000180025095e-35 0.61369648869648874 1.0000000180025095e-35 0.79205974842767313 0.90098039215686287 0.87007672634271105 0.50448293420993118 0.75134408602150549 0.36626016260162603 0.097800095648015326 0.69811193154807361 0.86391694725028068 0.48038461538461547 0.95581728266527866 0.077221228384019097 0.059411764705882358 0.36626016260162603 0.52440476190476204 0.11215932914046123 0.34523809523809529 0.23582887700534763 1.0000000180025095e-35
decision_type=2 2 2 2 2 2 2 2 2 2 2 2 2 2 2 2 2 2 2 2 2 2 2 2 2 2 2 2 2 2
left_child=1 17 3 15 5 19 7 -6 -8 -3 -7 21 13 14 -13 -2 -17 23 -18 -5 -15 22 -4 -1 -11 -24 27 29 -28 -19
right_child=2 9 11 4 6 10 8 -9 -10 24 -12 12 -14 20 -16 16 18 26 -20 -21 -22 -23 25 -25 -26 -27 28 -29 -30 -31
leaf_value=0.047268360135092849 -0.065429069188725847 -0.047699237113600301 -0.042312772181457396 0.012088854089125954 -0.00096542906743534514 0.001457029704191455 -0.00066254860822423259 -0.025312239199475457 0.019424719340163599 0.027381978970826688 0.062734515544776812 -0.028977762422125786 0.035596961701505843 0.013264019101628683 0.035812913572390755 -0.047439895234737316 0.0598410319980682 0.0073025959038112934 -0.013679652863275164 0.056983586683396814 -0.010406728090315938 0.020690330795233039 0.011868127634178794 -0.074918451600821653 -0.018822341212610075 -0.0096185903718629742 0.034844098650972093 -0.030128011878148793 -0.002573950513998953 -0.024492498284581887
leaf_weight=12.900158393313175 17.711318718589609 96.206953401131614 13.05888728960417 12.64805333339609 395.96181066439021 220.63158327434212 1607.2407992313674 323.1964361181017 273.65340340672992 12.059433641028589 10.620596400665816 78.097788392711664 29.830640747590223 89.662655548774637 7.4908756633230942 18.522455261379946 4.8493932967830942 82.87737459068012 21.759940736810677 59.759432725142688 62.657941468816716 193.72159441641998 461.5633340566128 1.4721060307929281 36.491154933544749 45.153814765944844 21.458651623732294 77.301974611953483 270.19633353482641 23.058566062958562
leaf_count=484 3266 615087 161 907 13603 9141 26092 6638 23495 137 384 6838 1962 2096 484 642 139 7123 711 1496 2156 6867 19056 36 1487 4322 662 3602 73194 6657
internal_value=-8.51965e-05 -0.0105397 0.00159382 -0.000610606 8.04553e-05 0.0149705 -0.00165856 -0.0119071 0.00225997 -0.034165 0.00427129 0.0082584 -0.00147802 -0.00612673 -0.0233072 -0.0325416 -0.0196354 -0.00354977 -0.000280944 0.0491414 0.00352692 0.011912 0.0086403 0.0347531 -0.00734569 0.00995344 -0.00470898 -0.0124892 0.0001791 0.000381911
internal_weight=4581.82 634.023 3947.79 2966.56 2903.71 303.66 2600.05 719.158 1880.89 144.758 231.252 981.238 267.74 237.909 85.5887 62.8431 45.1318 489.265 26.6093 72.4075 152.321 713.498 519.776 14.3723 48.5506 506.717 474.893 183.238 291.655 105.936
internal_count=838925 708469 130456 86514 81756 11928 69828 20241 49587 616711 9525 43942 13536 11574 7322 4758 1492 91758 850 2403 4252 30406 23539 520 1624 23378 91238 17382 73856 13780
is_linear=0
shrinkage=0.05


Tree=133
num_leaves=31
num_cat=0
split_feature=13 10 6 12 10 14 17 0 1 1 10 14 12 14 25 10 13 17 1 0 1 10 10 9 1 1 9 3 9 18
split_gain=30.3285 100.411 56.1324 32.0197 29.9708 38.4789 28.6135 23.6385 28.1046 22.3442 18.0852 17.5216 15.5421 26.0498 11.0559 10.5942 10.5633 10.8059 10.4471 10.1602 9.5078 8.76894 7.68197 7.25487 12.8642 13.6704 7.75727 7.03623 6.89331 6.15115
threshold=0.53866082104424085 0.93969696969696981 0.95000000000000007 0.82427404196555309 0.64879240943070748 0.39444444444444454 0.18333333333333338 0.52041666666666686 0.72103136953706226 0.83674369460915932 0.33498349834983504 0.11651583710407241 0.59316189362945659 0.37171052631578955 1.0000000180025095e-35 0.48038461538461547 0.73300330033003303 0.18333333333333338 0.44386104149262051 0.99193548387096786 0.60584605453026508 0.33498349834983504 0.69455046649703156 0.36055555555555557 0.71166962266033484 0.82769517838483375 0.37638888888888894 0.62593283582089565 0.5763403263403265 1.0000000180025095e-35
decision_type=2 2 2 2 2 2 2 2 2 2 2 2 2 2 2 2 2 2 2 2 2 2 2 2 2 2 2 2 2 2
left_child=1 11 3 4 5 6 -2 8 20 -10 -7 -1 19 -14 15 -13 17 -4 21 -6 -5 -9 -19 -3 26 29 -25 -27 -20 -26
right_child=2 23 16 7 12 10 -8 18 9 -11 -12 14 13 -15 -16 -17 -18 22 28 -21 -22 -23 -24 24 25 27 -28 -29 -30 -31
leaf_value=-0.045261360068744566 0.0085238393958237142 -6.5823390008992383e-05 0.03754484902803229 0.045109110311796471 0.035720425874236253 2.2042299758235405e-05 -0.02132566132347952 0.0022859067043368366 0.010384523150848592 -0.0059933572497548639 0.019206302572686088 0.29376359910862548 -0.015912878129170662 0.026330451586162425 0.11846602290653829 -0.014348489487660676 0.040974318361770623 -0.053082259063431836 0.013363847820076158 0.36290774364246609 -0.039599752202463492 -0.025039826149697037 0.030515402674714837 0.088834785909089345 0.20082758579362042 0.19754959813310002 -0.040280448374455109 0.024349646447254129 -0.0076882516413110079 0.01727635702334621
leaf_weight=174.27455395333527 129.23763486687676 538.22244031797163 12.924640470650049 3.4784745092038056 110.78337697703682 202.90831097378395 211.95900055592938 129.75638798833825 238.35917745996267 1648.7616718865465 311.3594666569843 0.28188075037178961 54.853669700481987 109.03949638968334 1.7488009228400176 27.207789122818212 105.15603898372501 8.8750938274897617 348.38616038486362 0.23778314141236379 69.444543176097795 37.944624018156901 3.980578181333839 1.3168259707017558 1.737316775179351 0.59790472265740646 9.9782652963549463 30.441731844119204 43.769806430675089 0.6190882282971869
leaf_count=705887 5642 19435 467 269 9331 2690 10145 2073 3652 25488 3398 19 986 703 723 10242 21099 164 4935 34 1063 344 69 653 255 101 7445 901 656 56
internal_value=-8.13212e-05 -0.00901512 0.00177675 0.00062296 0.00761486 0.00299951 -0.0100193 -0.00251347 -0.00510164 -0.00392469 0.011637 -0.0392521 0.0219767 0.012192 -0.0034342 -0.0111891 0.0339425 0.00526032 0.00654766 0.0364212 -0.0355591 -0.00389691 -0.0271974 0.00154153 0.0208992 0.0365001 -0.0252277 0.0276859 0.0110142 0.152604
internal_weight=4567.64 786.427 3781.22 3650.28 1130.38 855.464 341.197 2519.9 1960.04 1887.12 514.268 203.513 274.914 163.893 29.2385 27.4897 130.936 25.7803 559.857 111.021 72.923 167.701 12.8557 582.914 44.6911 33.396 11.2951 31.0396 392.156 2.35641
internal_count=838925 745717 93208 71409 32929 21875 15787 38480 30472 29140 6088 716871 11054 1689 10984 10261 21799 700 8008 9365 1332 2417 233 28846 9411 1313 8098 1002 5591 311
is_linear=0
shrinkage=0.05


Tree=134
num_leaves=31
num_cat=0
split_feature=2 13 13 17 11 14 3 13 14 13 8 11 18 11 9 10 12 10 0 9 9 0 0 14 9 12 0 12 9 2
split_gain=28.768 31.2654 19.9252 18.1431 29.3341 22.0277 18.9527 18.0291 31.7687 22.7848 13.6546 14.6147 15.2289 12.6231 11.1999 10.8242 9.51507 8.29208 7.33397 7.24229 6.88732 5.97336 6.53927 5.91043 9.71806 6.70287 6.30097 7.29076 5.01408 4.868
threshold=0.60943257184966848 0.68989800874210794 0.9979423868312759 0.55000000000000016 0.96216660739687077 0.61721611721611735 0.98076211616722175 0.96677704194260494 0.6858552631578948 0.94148770619358868 1.0000000180025095e-35 0.89043787753465187 1.0000000180025095e-35 1.0000000180025095e-35 0.55291153415453542 0.86497211497211512 0.97315315315315332 0.1622776622776623 0.20881782945736438 0.13100686498855837 0.31180555555555561 0.85239651416122009 0.50396825396825407 0.81534090909090928 0.56048780487804895 0.45078563868761706 0.30860805860805868 0.93682289884821535 0.93257575757575772 0.74322344322344336
decision_type=2 2 2 2 2 2 2 2 2 2 2 2 2 2 2 2 2 2 2 2 2 2 2 2 2 2 2 2 2 2
left_child=1 13 3 4 7 17 -7 9 -9 -2 19 12 20 -1 15 16 -5 -6 -14 -4 -12 22 -21 25 26 -3 -25 -28 -15 -23
right_child=2 23 10 14 5 6 -8 8 -10 -11 11 -13 18 28 -16 -17 -18 -19 -20 21 -22 29 -24 24 -26 -27 27 -29 -30 -31
leaf_value=0.0012214315771865898 0.00020167550729802299 0.051855754223684984 -0.024820329785109889 -0.00691289921091311 -0.012963455458889918 -0.0099523323294320506 0.038791050052280028 0.042999285580803494 -0.02336866312284204 0.014657949180593292 0.028387624879516845 0.038706935392758088 0.028144727079446916 -0.04689389030859225 0.11605143529919676 -0.048009042882291603 0.0076592367981276168 0.047853658449229314 -0.047587312840064046 0.0033266108506385555 -0.022733261104790028 -0.12586888533084459 0.054348460043122375 -0.082165746594380251 0.024989562332844894 -0.010500904363025997 0.040302251683071111 -0.023000948116914069 0.093943623105838273 -0.0071222620554154447
leaf_weight=17.2744842961838 2292.3979923261286 4.4173181167570865 24.984811469214037 882.56019744759396 49.50192277203314 23.826617888640612 122.33392282878049 20.595793601358309 144.79887492093258 309.34766906360164 46.636226537986659 79.71446926437784 4.0873279890511212 81.47636971774773 1.8927877193782467 14.88831853168085 128.30865559889935 6.3202863854821763 14.673309455858542 22.316455390769992 7.672562582185491 1.330215108348056 8.7392127361381409 3.0590207637287703 37.605372377671301 176.70265471149469 6.2487736828625229 16.71551128430292 0.63690732599934463 2.4576582837617025
leaf_count=19595 205163 127 499 11841 871 541 5706 289 1485 4834 3619 15185 267 560269 20 94 1564 350 360 1226 297 53 470 21 1002 2626 39 125 242 145
internal_value=-7.91533e-05 -0.0139785 0.00105718 0.000263767 0.00224566 0.0206407 0.0308451 0.000902943 -0.0151042 0.00192053 0.0159722 0.0239014 0.00774938 -0.0376285 -0.00546238 -0.00568661 -0.00506327 -0.00607764 -0.0310878 -0.00427669 0.0211654 0.0104543 0.0176844 -0.00437474 0.00873446 -0.00898009 -0.0147552 -0.00577562 -0.0458015 -0.0488234
internal_weight=4553.52 344.136 4209.39 3996.77 2969.12 201.983 146.161 2767.14 165.395 2601.75 212.612 152.784 73.0694 99.3878 1027.65 1025.76 1010.87 55.8222 18.7606 59.8284 54.3088 34.8435 31.0557 244.749 63.6287 181.12 26.0233 22.9643 82.1133 3.78787
internal_count=838925 584046 254879 232758 219239 7468 6247 211771 1774 209997 22121 19728 4543 580106 13519 13499 13405 1221 627 2393 3916 1894 1696 3940 1187 2753 185 164 560511 198
is_linear=0
shrinkage=0.05


Tree=135
num_leaves=31
num_cat=0
split_feature=6 14 3 14 17 11 10 12 11 14 1 11 13 8 15 6 14 10 13 9 13 4 14 4 11 20 1 9 4 6
split_gain=27.2019 21.8574 24.2386 20.3518 20.2654 45.8221 27.9809 27.5376 25.8033 21.0139 29.2172 30.441 24.5565 16.4391 14.1679 14.0599 13.9342 21.6575 16.0127 12.5762 9.87036 5.97258 5.63895 4.94725 7.92988 4.20936 7.37939 4.06745 3.29314 4.5398
threshold=0.17156862745098042 0.94281045751633996 0.97182539682539704 0.13840996168582378 0.87500000000000011 0.96744022847817235 0.1622776622776623 0.92605021128511067 0.9201073044602458 0.81534090909090928 0.93348815322499534 0.94502042062674152 0.9805186590765339 1.0000000180025095e-35 1.0000000180025095e-35 0.11437908496732027 0.76696832579185525 0.11791443850267382 0.9805186590765339 0.5300120048019209 0.9805186590765339 0.76290944104691372 0.92582417582417598 0.53528387017968582 0.81385202075554652 1.0000000180025095e-35 0.83925293634440234 0.29679679679679688 0.58714012138519522 0.58571428571428574
decision_type=2 2 2 2 2 2 2 2 2 2 2 2 2 2 2 2 2 2 2 2 2 2 2 2 2 2 2 2 2 2
left_child=3 4 13 -1 5 6 8 -8 -2 12 11 -11 14 28 -6 21 17 -7 -18 -14 -12 25 23 -17 -25 26 -5 -27 -3 -30
right_child=1 2 -4 15 9 16 7 -9 -10 10 20 -13 19 -15 -16 22 18 -19 -20 -21 -22 -23 -24 24 -26 27 -28 -29 29 -31
leaf_value=-0.049319883897757918 0.0022932322275810014 -0.00029322090500229073 0.046609098324549424 0.021691397010095467 -0.015326562401311739 -0.0010168577563323198 0.0024729306115923808 -0.012772408477281319 -0.028318461267639601 -0.013191704098698815 -0.086408262022754978 -0.080607187914219863 0.025464879531273757 0.040676487330345928 0.016691057626756153 -0.059618485374440956 0.049504817781821198 0.036807586312199228 0.0074175998847461127 -0.074485820435230304 0.047281730438182575 0.086071654380663054 -0.15154400764867068 -0.048568227620079563 0.036480445162988769 0.049337151264554804 -0.27621030188983403 -0.043580217215691525 -0.058883500412954516 -0.011442977499872999
leaf_weight=47.919327387389785 118.92678910400718 9.3418290000408906 53.322921295533888 23.679122940971872 267.83823617976304 108.57531978213228 2999.2313328884338 328.66395856719464 163.45377505850047 33.605264275101945 1.552041538292541 33.374614072032273 70.16047083074227 14.161475649569182 39.668982846196741 8.5995590173697618 68.481070647016168 58.093276134226471 33.731810288736597 3.2949415422044686 12.50038115843199 2.7320958793861783 1.024182847701012 5.893023103795711 5.1237511977087706 1.4821961937414005 0.20972207078011607 5.7348498828505399 10.542642826214434 9.666803138330577
leaf_count=430845 1330 86 13531 3131 3285 3543 360750 3372 2840 583 21 207 1701 881 680 4128 1653 2570 1725 31 480 63 11 726 81 50 11 448 69 93
internal_value=-7.40807e-05 0.000513755 0.0239832 -0.0255524 -1.08467e-05 0.0011681 -0.000314927 0.000967296 -0.0154261 -0.00990992 -0.0330314 -0.0467834 -0.00499188 -0.0036169 -0.0111962 -0.00464652 0.0210807 0.0121671 0.0356154 0.0209815 0.0325161 0.0151919 -0.0371695 -0.031198 -0.00901325 0.00896638 0.0190761 -0.0244974 -0.0248431 -0.0361912
internal_weight=4540.59 4438.19 97.0357 102.398 4341.15 3879.16 3610.28 3327.9 282.381 461.995 81.0323 66.9799 380.963 43.7128 307.507 54.4785 268.881 166.669 102.213 73.4554 14.0524 33.838 20.6405 19.6163 11.0168 31.1059 23.8888 7.21705 29.5513 20.2094
internal_count=838925 399431 14660 439494 384771 377783 368292 364122 4170 6988 1291 790 5697 1129 3965 8649 9491 6113 3378 1732 501 3703 4946 4935 807 3640 3142 498 248 162
is_linear=0
shrinkage=0.05


Tree=136
num_leaves=31
num_cat=0
split_feature=13 10 6 11 6 0 1 0 6 14 9 6 13 17 1 11 25 10 11 1 11 9 1 1 9 9 0 18 9 9
split_gain=26.5245 91.4756 51.4045 42.0788 25.9229 34.2671 42.9924 22.5682 24.8724 17.6989 13.7278 11.9677 10.2233 9.86938 9.06012 8.85604 8.73894 8.53137 7.8319 6.71145 8.1162 6.48372 11.304 10.3408 7.03265 6.94698 6.17126 6.01837 5.86935 6.96895
threshold=0.53866082104424085 0.93969696969696981 0.95000000000000007 0.62390360065153672 0.76388888888888895 0.16843971631205676 0.93896677559912867 0.043961352657004842 0.6515151515151516 0.069366479550922219 0.17445652173913045 0.80909090909090919 0.73300330033003303 0.18333333333333338 0.98903903903903923 0.645706733468 1.0000000180025095e-35 0.48038461538461547 0.5037108262108263 0.73838232398952042 0.60367097709730666 0.36055555555555557 0.71166962266033484 0.82769517838483375 0.37638888888888894 0.52440476190476204 0.54316770186335417 1.0000000180025095e-35 0.31180555555555561 0.29217479674796754
decision_type=2 2 2 2 2 2 2 2 2 2 2 2 2 2 2 2 2 2 2 2 2 2 2 2 2 2 2 2 2 2
left_child=1 9 3 11 7 6 -6 14 -9 -1 -7 19 13 -4 -5 -15 17 -11 -18 20 -2 27 24 -24 -23 -25 -19 28 29 -3
right_child=2 21 12 4 5 10 -8 8 -10 16 -12 -13 -14 15 -16 -17 18 26 -20 -21 -22 22 23 25 -26 -27 -28 -29 -30 -31
leaf_value=-0.049061019117960472 -0.0092541620917971964 -0.0013716864005245365 0.036322313451828465 0.04989301677732165 0.056739620340415714 -0.011124185725417781 -0.0042927281385214712 -0.0029335560493001078 0.0065562257112269824 0.22794046508298949 -0.030531450076972166 -0.041187975726933057 0.040423020826376249 0.018825651290610777 -0.030277733863881068 -0.064223874049953666 0.54029662024749148 -0.011565023216707535 0.051051098016403632 0.034948886471583694 0.046393679318389093 0.082888131489420772 0.1287912438733643 0.041839927800671216 -0.039340007874761995 -0.0086025466546810949 -0.046779123475630881 0.015857691866298051 -0.026444603118521377 0.055008111342610459
leaf_weight=129.12010737085075 20.601828760351058 456.55048352960875 12.680233786348255 31.608593261800706 35.24818708258681 222.5139786361251 159.07079248176888 1716.0988270241796 1155.3084711329138 0.34233535744715382 154.31020519277081 6.2655169041827312 99.541538974153809 5.9764242738019657 3.9662484687287352 6.9347096062265337 0.084003965515875634 40.455128375135246 3.1179096944397315 114.07344507147354 9.6081868608307541 1.339713868786929 2.6414697559375773 21.456458193701113 9.6798624567745701 10.00996868261427 17.967532140741241 52.731626476750534 23.243220556949382 5.5476045385948956
leaf_count=613599 2256 14236 467 1477 473 2172 1853 40978 17128 43 1694 45 21099 80 162 153 3 18588 3379 1651 1520 653 311 477 7445 525 81259 2803 1760 636
internal_value=-6.95836e-05 -0.00849557 0.00166842 0.00058188 -0.000538316 -0.0102767 0.00677814 0.00137502 0.00088465 -0.0385193 -0.0190715 0.0264617 0.0331766 0.00499042 0.0409548 -0.0257811 -0.0165536 -0.0209366 0.0638867 0.0293994 0.00844443 0.00134178 0.0195461 0.03377 -0.02448 0.0257934 -0.0223949 -0.000184987 -0.001928 -0.000694833
internal_weight=4528.09 774.287 3753.81 3628.67 3478.13 571.143 194.319 2906.98 2871.41 191.087 376.824 150.549 125.133 25.5914 35.5748 12.9111 61.9669 58.765 3.20191 144.283 30.21 583.2 45.1275 34.1079 11.0196 31.4664 58.4227 538.073 485.341 462.098
internal_count=838925 745717 93208 71409 65937 6192 2326 59745 58106 716871 3866 5472 21799 700 1639 233 103272 99890 3382 5427 3776 28846 9411 1313 8098 1002 99847 19435 16632 14872
is_linear=0
shrinkage=0.05


Tree=137
num_leaves=31
num_cat=0
split_feature=6 23 14 14 17 11 10 11 15 14 10 3 14 1 11 13 2 12 13 1 1 3 1 10 2 12 1 5 1 2
split_gain=24.4872 34.1503 21.5857 19.4343 15.7821 40.0785 22.2218 25.4632 22.4789 15.2025 23.5146 15.0854 14.7131 24.142 23.1881 22.8895 12.211 11.3381 9.46332 8.15873 7.36491 7.04977 6.40075 8.49827 6.75201 10.3229 8.04319 5.95671 5.80777 6.62463
threshold=0.43650793650793657 1.0000000180025095e-35 0.44949494949494956 0.94868421052631591 0.87500000000000011 0.96744022847817235 0.1622776622776623 0.95441308243727607 1.0000000180025095e-35 0.81534090909090928 0.11791443850267382 0.97182539682539704 0.81534090909090928 0.93348815322499534 0.94502042062674152 0.9805186590765339 0.81120250685468098 0.85791925465838526 0.9805186590765339 0.90498325035343308 0.73838232398952042 0.72281323877068571 0.60070251637722494 0.22295321637426904 0.91476997578692509 0.68244631185807669 0.71605405473954764 0.3339150686680849 0.94395499108734415 0.95160031225605002
decision_type=2 2 2 2 2 2 2 2 2 2 2 2 2 2 2 2 2 2 2 2 2 2 2 2 2 2 2 2 2 2
left_child=1 19 -3 4 5 6 8 -8 -2 10 -7 20 15 14 -14 17 -17 -6 -15 22 21 -5 23 -1 26 -26 -24 -23 29 -4
right_child=3 2 28 11 12 9 7 -9 -10 -11 -12 -13 13 18 -16 16 -18 -19 -20 -21 -22 27 24 -25 25 -27 -28 -29 -30 -31
leaf_value=0.018776654464606603 -0.0036721328301690137 -0.04584807124800868 0.0055684450879672749 0.057648493799864732 0.017727273628837175 0.0019840836032977284 0.0010246975555524306 0.029407534073545571 -0.036345117976255885 0.045869522101999426 0.041198859911260939 0.047714994059632344 -0.01176715731987686 -0.087786756191312265 -0.076742799050399976 -0.018647466880867578 0.034465511011668309 -0.014044971830294309 0.046194655085703099 0.0080752795176513414 0.022882823564347631 -0.15196578263929134 -0.020903856415262129 -0.009847873475435566 0.014607571403278506 -0.036331216991209191 0.00041463009053222455 -0.033176051577699137 0.06096027042563297 -0.042295466795183305
leaf_weight=48.530567043460906 168.94061112171039 89.343823642993812 26.607189153321087 1.8929704055190111 31.747613001265563 113.2025355133228 2878.6621845475456 81.251187456655316 76.471320579992607 53.034959094948135 57.71905029786285 39.745986414607614 27.527167850872502 1.4849648480303574 27.397464886773378 13.828858868451787 49.76144125405699 243.01205741148442 11.71711926278658 119.55570062545303 14.195049558300523 1.2028197799809266 66.550165085893241 55.677473325646133 12.539591380191267 48.085601255530491 132.00243399112514 8.6065227701328677 3.3918897132389239 9.9259922844357771
leaf_count=775 1309 616338 249 23 379 3854 95011 3340 2515 2394 2698 12324 532 20 174 186 1457 2862 469 3338 658 37 29117 35966 2962 560 19040 214 41 83
internal_value=-6.75536e-05 -0.00936445 -0.0321898 0.00139132 0.00092967 0.00203386 0.000605063 0.00180382 -0.0138532 0.0224832 0.0152266 0.0283671 -0.00838593 -0.0295856 -0.0441783 -0.00411739 0.0229151 -0.0103738 0.0311245 -0.00325479 -0.00132709 -0.030694 -0.00698244 0.00348281 -0.0111902 -0.0257951 -0.00673083 -0.047742 -0.00162538 -0.00743608
internal_weight=4513.61 612.21 129.269 3901.4 3835.76 3429.28 3205.33 2959.91 245.412 223.957 170.922 65.6433 406.477 68.1267 54.9246 338.35 63.5903 274.76 13.2021 482.942 25.8974 11.7023 363.386 104.208 259.178 60.6252 198.553 9.80934 39.9251 36.5332
internal_count=838925 708469 616711 130456 117200 111121 102175 98351 3824 8946 6552 13256 6079 1195 706 4884 1643 3241 489 91758 932 274 88420 36741 51679 3522 48157 251 373 332
is_linear=0
shrinkage=0.05


Tree=138
num_leaves=31
num_cat=0
split_feature=13 10 6 11 6 0 6 0 6 3 14 12 3 13 17 11 14 14 5 10 12 4 9 5 5 2 8 12 6 0
split_gain=23.3327 84.6035 47.5092 38.087 23.4992 30.9463 21.0787 20.9938 22.0614 19.185 17.8066 12.0178 10.4089 9.96406 8.97822 7.7769 7.6247 7.48767 9.38523 6.85787 6.38712 6.30436 7.18088 6.76193 8.29723 7.92521 6.75898 6.26299 6.12738 6.09321
threshold=0.53866082104424085 0.93969696969696981 0.95000000000000007 0.62390360065153672 0.76388888888888895 0.16843971631205676 0.86607142857142871 0.043961352657004842 0.6515151515151516 0.99350649350649356 0.069366479550922219 0.71892556179775291 0.98610843141038018 0.73300330033003303 0.18333333333333338 0.645706733468 0.41421568627450983 0.54772727272727284 0.79886201760873288 0.51530771633864425 0.30202253291706266 0.86107775762885541 0.31180555555555561 0.60412511091216492 0.65630268283387327 0.79784946236559151 1.0000000180025095e-35 0.93682289884821535 0.18465909090909094 0.23582887700534763
decision_type=2 2 2 2 2 2 2 2 2 2 2 2 2 2 2 2 2 2 2 2 2 2 2 2 2 2 2 2 2 2
left_child=1 10 3 11 7 6 -6 12 -9 -7 -1 16 -5 14 -4 -16 28 18 -13 29 -21 23 26 -3 25 -25 -23 -19 -2 -12
right_child=2 21 13 4 5 9 -8 8 -10 -11 19 17 -14 -15 15 -17 -18 27 -20 20 -22 22 -24 24 -26 -27 -28 -29 -30 -31
leaf_value=-0.048977291066341619 -0.037687376428301049 -0.00025435671739804409 0.035074836202007145 -0.05268049441556525 0.0098367151350672449 0.076240869623989738 -0.072926352778297163 -0.0027743223591882669 0.0061749502591621867 -0.019576258389011853 0.23820118873108542 0.038018312591500319 0.048309705955685261 0.03991625077517643 0.017922173828221144 -0.059572157111853902 0.075202748216207094 0.042288640877453244 -0.025725157317432981 0.074296348374482832 -0.020553997196932766 0.066428861905087636 -0.032421135986895909 0.163483748967823 0.018823127876868059 0.030613287829996373 -0.00056181182874372442 -0.018448081882645347 0.033377028184297136 -0.058967467392293277
leaf_weight=120.57502129262866 3.1495367574461843 54.006153537520731 12.461970805423336 2.7757691992446771 185.48612128198147 5.2991321682929984 8.0261468489188683 1712.7419096055601 1151.7241821688367 369.22335733147338 0.49097504338715126 7.6931580323725965 31.57120725105051 94.912748459842987 5.9475321422796679 7.105028176214546 10.878124301787464 17.707482186146084 23.153534151613712 1.830822399475436 58.077480707368522 3.7967067455174393 17.747868394944817 2.0138950692344215 48.625230786536122 2.5348013465991244 454.26596606720705 5.5825501468498251 82.166456985883997 0.26592543979495531
leaf_count=613599 2439 25699 467 190 2246 49 80 40978 17128 3817 5 59 1449 21099 80 153 83 141 112 1832 101237 45 88 54 499 21 2440 74 2564 198
internal_value=-6.30875e-05 -0.00802362 0.00156461 0.000536024 -0.000532367 -0.0098317 0.00640402 0.00128988 0.000823938 -0.0182205 -0.0378606 0.0251747 0.0401481 0.0324594 0.00472015 -0.0242611 0.0357801 0.00633009 -0.00982755 -0.0157657 -0.0176553 0.00125212 -0.00121562 0.0122073 0.024864 0.0894405 -6.55169e-06 0.0277302 0.0307536 0.133796
internal_weight=4501.84 764.231 3737.61 3617.18 3466.85 568.035 193.512 2898.81 2864.47 374.522 181.24 150.331 34.347 120.427 25.5145 13.0526 96.1941 54.1367 30.8467 60.6652 59.9083 582.991 475.811 107.18 53.1739 4.5487 458.063 23.29 85.316 0.7569
internal_count=838925 745717 93208 71409 65937 6192 2326 59745 58106 3866 716871 5472 1639 21799 700 233 5086 386 171 103272 103069 28846 2573 26273 574 75 2485 215 5003 203
is_linear=0
shrinkage=0.05


Tree=139
num_leaves=31
num_cat=0
split_feature=13 12 2 1 10 1 18 1 12 10 13 15 11 12 12 7 2 12 13 12 1 1 1 11 11 2 12 2 13 1
split_gain=21.7254 34.2617 28.1581 27.3495 32.4776 22.5961 35.5325 24.5232 20.5597 19.9472 16.8886 14.867 21.2509 34.698 29.1241 14.2459 13.418 13.3255 11.4297 10.9487 14.2572 10.4806 10.4215 10.1779 17.4957 16.2958 8.73048 8.47892 8.24241 7.88578
threshold=0.93764952153110059 0.83621460506706424 0.60943257184966848 0.94839989759344612 0.83881792595799964 0.82769517838483375 1.0000000180025095e-35 0.7603894886789625 0.92605021128511067 0.11791443850267382 0.9455954897815364 1.0000000180025095e-35 0.79261711247172417 0.92068331397599701 0.90946348733233984 0.38750000000000007 0.90070422535211281 0.93112570698777597 0.96315687415163864 0.87526824034334771 0.72103136953706226 0.74455569281554135 0.92840996168582379 0.81385202075554652 0.59806044871770003 0.7206557377049182 0.86807079128272646 0.85215543412264738 0.9805186590765339 0.73838232398952042
decision_type=2 2 2 2 2 2 2 2 2 2 2 2 2 2 2 2 2 2 2 2 2 2 2 2 2 2 2 2 2 2
left_child=2 21 15 5 8 7 18 16 -5 -4 -10 12 14 -14 -11 19 -3 -6 -7 26 -21 27 -8 24 -13 -25 29 -2 -19 -1
right_child=1 3 9 4 17 6 22 -9 10 11 -12 23 13 -15 -16 -17 -18 28 -20 20 -22 -23 -24 25 -26 -27 -28 -29 -30 -31
leaf_value=-0.043133545442121411 -0.016539155911500635 -0.0057571708216276702 -0.024490264935973654 0.037777934254451473 0.040692729057307149 0.0070784148546563152 -0.035845052357598974 0.028305206857260647 -0.034105240068623248 0.0025399593648373214 0.014783716397422389 0.044407031767368134 -0.011982343252035692 0.044198666353477127 -0.031339979687474949 -0.0029975661852417353 0.012814309422191065 -0.096187555226184399 -0.0077910818151426062 0.067876081107239278 -0.057035036131594455 0.035433721110068754 -0.0040666513266427807 -0.017835642944409157 -0.010029806978928225 0.019610506152571872 -0.15905064381979644 0.043269598683323342 0.026756164033762121 -0.011393291724096144
leaf_weight=78.71275161793892 19.867538937833164 257.34089702437632 90.385287412791513 99.484017415088601 2.8333260989747933 237.59354556829203 115.28514323441777 105.1325850476278 19.68408365000505 1472.5357674430852 172.2112864907831 17.012817203925806 642.73660089823534 28.710750872269273 66.287294577807188 64.585958917399694 156.35268292878754 10.329152931924908 283.37019874074031 5.8237680420279485 3.7588177751749754 109.32593403244391 33.237292658537626 33.620710897841491 111.46250649025751 213.88658441510051 1.4435239750891913 8.444612945429979 1.5705553959123779 26.043447945441585
leaf_count=518385 260 4403 1264 5358 50 3629 1181 2368 351 190479 10196 562 5101 216 397 24897 6813 68 7335 43 40 2924 584 447 3185 9200 10 360 138 38681
internal_value=-6.09534e-05 0.00454122 -0.00268994 0.00234266 0.0156697 -0.00109041 -0.00716003 0.00674175 0.0193318 -0.00140139 0.00976883 -0.000594473 -0.00215801 -0.00958007 0.00108053 -0.0218118 0.00126179 -0.056758 -0.00100962 -0.0323069 0.0188791 0.0284124 -0.0287335 0.00859699 -0.00282123 0.0145239 -0.0369255 0.00129989 -0.0799611 -0.0352426
internal_weight=4489.07 1632.06 2857.01 1494.42 306.112 1188.31 669.486 518.826 291.379 2676.64 191.895 2586.25 2210.27 671.447 1538.82 180.368 413.694 14.733 520.964 115.782 9.58259 137.638 148.522 375.983 128.475 247.507 106.2 28.3122 11.8997 104.756
internal_count=838925 46018 792907 42474 16161 26313 12729 13584 15905 210851 10547 209587 196193 5317 190876 582056 11216 256 10964 557159 83 3544 1765 13394 3747 9647 557076 620 206 557066
is_linear=0
shrinkage=0.05


Tree=140
num_leaves=31
num_cat=0
split_feature=14 12 6 13 4 6 1 0 10 2 2 10 11 14 17 14 4 4 13 14 17 1 0 18 6 10 12 1 11 2
split_gain=21.6274 46.6361 49.0334 37.2677 35.1345 29.623 24.0423 32.7146 25.5426 23.9099 18.1297 17.7178 16.9522 30.0112 16.7837 16.2957 11.368 10.396 10.3615 9.409 9.05862 8.78154 19.1325 9.54273 8.04206 8.01692 7.5678 6.87249 6.06675 5.66982
threshold=0.35504201680672276 0.71892556179775291 0.95000000000000007 0.8865422123154082 0.56840092477010129 0.80909090909090919 0.95754013329469723 0.52041666666666686 0.69705627705627726 0.99333333333333351 0.70320320320320329 0.53883861236802422 0.52390295389071417 0.049390243902439034 0.18333333333333338 0.47493734335839605 0.33334603610128499 0.73422664213901756 0.50108225108225113 0.45804195804195807 0.15476190476190479 0.91112278244631195 0.25227272727272732 1.0000000180025095e-35 0.95000000000000007 0.98611111111111127 0.75083892617449677 0.83925293634440234 0.83661171569565984 0.3504385964912281
decision_type=2 2 2 2 2 2 2 2 2 2 2 2 2 2 2 2 2 2 2 2 2 2 2 2 2 2 2 2 2 2
left_child=3 11 5 4 9 6 7 -3 -8 10 24 15 18 -14 -15 19 -12 27 25 20 -2 22 -7 -23 -1 -6 -5 -17 -21 -13
right_child=1 2 -4 26 12 21 8 -9 -10 -11 16 29 13 14 -16 17 -18 -19 -20 28 -22 23 -24 -25 -26 -27 -28 -29 -30 -31
leaf_value=-0.040775467621326285 0.036859617109581903 -0.0051347439717514751 0.03953126482779025 0.051187041163327777 -0.039124361597399931 0.047608854696169267 0.015679878606540906 0.0081916380968904395 -0.016453001421676907 -1.3075220732823118 0.69470161764821414 -0.066437586801485357 -0.048377066691875671 0.0031307311094055318 -0.016455166639254323 -0.035963208325001696 0.040606962334954928 0.048846071663807944 0.055151806284252536 -0.019335073358650319 -0.0062289099713191227 -0.026356084153395021 -0.024810215568021796 -0.085577156123644249 0.11391635158745837 0.0011241697865680164 0.00087675824767095671 0.039578971732562397 -0.16575626350712019 0.043472270698379674
leaf_weight=99.587334074960381 15.161236054031177 1694.9401060915552 78.301998003269546 33.484325695317239 12.648296200124603 12.796926489914766 406.09741650882643 632.34132992126979 72.955551260849461 0.036884740402455374 0.067133655298674877 1.1896562154870469 49.667311540943047 203.92382086825091 235.92817283066688 7.1563328930642438 6.3056694082624745 36.703545773401856 8.7218869676798914 1.4535787394270294 62.403227743547177 94.163907632580958 31.743222687160596 7.3320320765487841 0.84732891339808603 566.82396782161231 9.6228566365316492 5.1973326895385981 1.3781791809014974 85.727257751044817
leaf_count=628724 437 22433 19400 594 14373 158 10080 8823 666 3 244 21 81892 20664 7945 93 11213 848 111 21 1023 998 310 55 34 6403 108 69 26 1156
internal_value=-5.72501e-05 0.00208015 0.000479059 -0.00571045 -0.0073723 -0.000556674 0.000585835 -0.00151386 0.0107863 -0.0347209 -0.0342813 0.0245065 -0.00466097 -0.0115349 -0.00737477 0.0127826 0.0474975 0.0354925 0.00105982 -0.00107485 0.00219344 -0.0225119 -0.00400334 -0.0306342 -0.0394704 0.000245654 0.0399562 -0.00418172 -0.0905963 0.0419679
internal_weight=4474.71 3247.04 3030.67 1227.66 1184.56 2952.37 2806.33 2327.28 479.053 106.844 106.807 216.37 1077.71 489.519 439.852 129.453 6.3728 49.0572 588.194 80.3962 77.5645 146.036 44.5401 101.496 100.435 579.472 43.1072 12.3537 2.83176 86.9169
internal_count=838925 66617 62923 772308 771606 43523 42002 31256 10746 640218 640215 3694 131388 110501 28609 2517 11457 1010 20887 1507 1460 1521 468 1053 628758 20776 702 162 47 1177
is_linear=0
shrinkage=0.05


Tree=141
num_leaves=31
num_cat=0
split_feature=14 12 17 14 13 13 10 0 0 14 15 15 12 12 12 14 13 10 10 10 13 10 10 20 13 13 13 15 9 9
split_gain=19.8132 85.231 26.5483 27.107 33.3339 33.3046 24.0848 19.9897 20.8145 12.7791 12.1137 11.22 14.3436 11.0921 10.7398 10.2898 19.9223 12.8501 9.56333 8.28038 8.20727 7.7149 7.63082 7.11002 6.50321 6.31924 8.0067 6.16643 5.94122 7.75524
threshold=0.11651583710407241 0.22660960902548141 0.22500000000000003 0.46410256410256417 0.86284463023788216 0.91577525053484987 0.33498349834983504 0.52041666666666686 0.059714795008912663 0.4188596491228071 1.0000000180025095e-35 1.0000000180025095e-35 0.39036004645760747 0.95548478414720461 0.46384282085761247 0.31698564593301443 0.84877072612921667 0.19163509180996796 0.43920916481892097 0.68438714235252573 0.92356377799415779 0.59197099892588623 0.36721777318522353 1.0000000180025095e-35 0.84877072612921667 0.61004928476980413 0.57544101704937434 1.0000000180025095e-35 0.36055555555555557 0.37965517241379315
decision_type=2 2 2 2 2 2 2 2 2 2 2 2 2 2 2 2 2 2 2 2 2 2 2 2 2 2 2 2 2 2
left_child=1 28 14 5 6 11 -5 8 -6 -7 -3 12 -4 -11 19 20 22 -18 -13 25 24 -12 -17 -9 -16 26 -2 -8 -1 -30
right_child=2 10 3 4 7 9 27 23 -10 13 21 18 -14 -15 15 16 17 -19 -20 -21 -22 -23 -24 -25 -26 -27 -28 -29 29 -31
leaf_value=-0.00036746184626823282 -0.0052140511324081764 -0.046396103516994219 0.060004230091165317 -0.00013478215082829043 0.031126359768190854 0.051574061329245496 0.056759639810196084 0.010509284549597982 -0.0036186666155972806 0.00072703062548105208 0.1166636248514335 0.02974708401491032 -0.019203697335562833 0.081129191460582201 -0.0017382973534158398 0.0088689779835110141 0.026975074733752942 0.002062591190354355 -0.012939534520320085 0.044036680201309623 0.069564699744047651 -0.011891235678625583 0.029291852777690471 -0.013263912676441395 -0.036738235465444184 0.070937777191820053 -0.1387193500172956 0.014015462816943956 0.072286660539554168 0.010529504779351266
leaf_weight=538.3529275226465 6.0631530280079442 132.14764114543505 5.7911528557742704 40.884525970323011 44.350923583144322 21.835825719521381 50.182957753539085 460.14192108099815 1533.4261299079517 55.615224485751241 1.2518009340419691 23.740051377564669 438.13588207243447 4.6481405815575263 173.76378167895746 66.391456067562103 58.212406752165407 467.14801414113026 29.33325154602062 34.46902027928445 3.8255742513574651 17.239951729818131 147.02696132904384 33.758521681302227 14.369431237224488 1.9615569209126986 1.3783466446184318 10.143043114105238 5.8382895938411812 39.319333725477918
leaf_count=20694 1783 706258 540 669 7800 398 404 10571 30678 607 94 950 14284 43 8863 1420 1478 6795 832 4046 43 6148 2102 668 173 50 84 314 881 9255
internal_value=-5.46132e-05 -0.00756233 0.00142443 -0.00108702 0.00147478 -0.0106994 0.0294931 0.000105961 -0.00264199 0.0188028 -0.0410922 -0.0155728 -0.0181704 0.00692849 0.00851596 0.00737641 0.0100562 0.00482301 0.00615448 0.0326912 -0.00293727 -0.0031887 0.0229386 0.00888437 -0.00441156 -0.00889801 -0.0299425 0.0495728 0.00109376 0.0185139
internal_weight=4460.75 734.15 3726.6 2751.99 2172.89 579.1 101.211 2071.68 1577.78 82.0992 150.639 497 443.927 60.2634 974.61 930.738 738.779 525.36 53.0733 43.8721 191.959 18.4918 213.418 493.9 188.133 9.40306 7.4415 60.326 583.511 45.1576
internal_count=838925 743330 95595 68758 51104 17654 1387 49717 38478 1048 712500 16606 14824 650 26837 20874 11795 8273 1782 5963 9079 6242 3522 11239 9036 1917 1867 718 30830 10136
is_linear=0
shrinkage=0.05


Tree=142
num_leaves=31
num_cat=0
split_feature=6 23 0 2 5 6 0 7 0 14 4 5 12 6 6 4 14 0 0 7 3 14 6 0 12 12 9 9 6 0
split_gain=18.141 27.7495 20.5517 28.9495 39.0634 34.8058 45.4131 33.4443 24.0489 19.7512 19.1134 17.4382 15.2521 11.3348 19.5747 28.4524 21.4359 10.2872 14.8151 11.2223 9.07508 8.84069 8.50872 7.57826 7.35179 11.3751 7.21931 6.81642 13.0642 7.97204
threshold=0.43650793650793657 1.0000000180025095e-35 0.41048534798534803 0.83910792512943055 0.77618722350963065 0.6515151515151516 0.059714795008912663 0.84523809523809534 0.13921188630490958 0.44949494949494956 0.8471993603978466 0.5963828510317023 0.56446665347318437 0.72077922077922085 0.95000000000000007 0.9091524368313596 0.26969696969696971 0.91913687881429829 0.78817016317016331 0.81666666666666676 0.99350649350649356 0.26491228070175443 0.58571428571428574 0.097800095648015326 0.48394461629105917 0.92605021128511067 0.059411764705882358 0.18834459459459463 0.34523809523809529 0.23582887700534763
decision_type=2 2 2 2 2 2 2 2 2 2 2 2 2 2 2 2 2 2 2 2 2 2 2 2 2 2 2 2 2 2
left_child=1 23 3 8 24 6 -6 -7 -2 -3 11 -10 -12 17 15 20 -17 18 19 -4 -15 -16 -20 26 -5 -26 -1 28 -25 -29
right_child=2 9 13 4 5 7 -8 -9 10 -11 12 -13 -14 14 21 16 -18 -19 22 -21 -22 -23 -24 27 25 -27 -28 29 -30 -31
leaf_value=0.046292926322031157 0.041540475192343829 -0.045050030991098944 0.017689025153267833 -0.00095424828587555304 0.036565315725056967 -0.019645216066628196 -0.017026461810245471 0.005209886715046283 -0.00030391751766229401 -0.0015677156631477389 -0.023096426153996014 -0.024013195139708482 0.039946756223494306 0.0519619197359832 0.0079813402809113913 -0.028743096634112793 0.017822375364570004 0.051939896007481112 -0.019378523640209564 0.004064690557492842 -0.031937138393241325 0.041913423542726452 0.0049523268099495067 0.00035800833583608999 0.03104790174101767 0.0051170919143467266 -0.070468180688709789 0.035926739490306052 -0.024687629038163985 -0.00069940936298913572
leaf_weight=12.276641766540704 19.800396005652146 76.150236446934287 401.6301176011475 35.373088730615564 43.230847426340915 150.34350682771765 461.73389360093279 1356.3209529396845 103.72793694787833 39.747837834758684 14.915148113388566 307.34829374311084 26.891033726511523 3.3362447745894306 58.576504847616889 32.783434323093388 100.41392023558728 14.384677183086749 60.534721801319392 242.34493821155047 95.055434795387555 28.552550951135345 88.414320249343291 119.38576473583089 149.25285589927807 59.014796624775045 1.4838638501241792 15.853054663806686 92.335838472623436 236.42351122782566
leaf_count=484 780 616338 20988 2090 2034 2482 9925 38414 11749 373 552 7316 541 61 1779 1044 1407 791 5326 6303 1518 6164 4478 20208 2751 1963 36 517 4807 65706
internal_value=-5.32577e-05 -0.00818949 0.00120003 -0.0011458 0.00121228 -0.00107783 -0.0124384 0.0027297 -0.0123967 -0.0301375 -0.0147549 -0.0180306 0.0174549 0.0068831 -0.00110088 -0.00870129 0.00636137 0.0100351 0.00927489 0.0125618 -0.0290923 0.019101 -0.00493603 -0.00286518 0.0201207 0.0237001 0.033702 -0.00394963 -0.0105649 0.00160218
internal_weight=4447.64 593.657 3853.98 2727.95 2255.27 2011.63 504.965 1506.66 472.683 115.898 452.882 411.076 41.8062 1126.03 318.718 231.589 133.197 807.309 792.924 643.975 98.3917 87.1291 148.949 477.759 243.641 208.268 13.7605 463.998 211.722 252.277
internal_count=838925 708469 130456 80597 59659 52855 11959 40896 20938 616711 20158 19065 1093 49859 11973 4030 2451 37886 37095 27291 1579 7943 9804 91758 6804 4714 520 91238 25015 66223
is_linear=0
shrinkage=0.05


Tree=143
num_leaves=31
num_cat=0
split_feature=13 14 14 14 12 13 6 6 12 14 10 6 13 1 1 17 14 1 10 10 10 11 9 10 11 0 0 17 10 11
split_gain=18.1672 51.1677 45.499 29.5171 25.9973 42.2868 25.7973 24.1171 26.3909 31.3587 26.4275 21.8419 21.2181 20.347 19.0504 18.4185 13.4083 13.1974 12.5935 15.904 10.383 10.2311 9.16335 8.64642 8.3198 8.07415 7.74349 7.08598 6.94294 14.4711
threshold=0.93764952153110059 0.67424242424242431 0.7231800766283526 0.70710784313725505 0.92068331397599701 0.97067423460612334 0.95000000000000007 0.17156862745098042 0.82427404196555309 0.39444444444444454 0.33498349834983504 0.76388888888888895 0.90645833333333348 0.92840996168582379 0.78003132371411954 0.55000000000000016 0.65108695652173931 0.84708196726872453 0.11791443850267382 0.69705627705627726 0.53883861236802422 0.74867953249736208 0.31180555555555561 0.26172161172161179 0.83661171569565984 0.64346246973365628 0.15184453227931491 0.29166666666666669 0.17677696078431376 0.90567728650512891
decision_type=2 2 2 2 2 2 2 2 2 2 2 2 2 2 2 2 2 2 2 2 2 2 2 2 2 2 2 2 2 2
left_child=2 4 7 25 14 15 11 -1 9 12 -11 13 -9 -5 22 16 -6 -13 -10 -20 24 -17 -2 -24 -16 26 -3 28 29 -4
right_child=1 3 27 6 5 -7 -8 8 18 10 -12 17 -14 -15 20 21 -18 -19 19 -21 -22 -23 23 -25 -26 -27 -28 -29 -30 -31
leaf_value=-0.03561164340308811 0.016986468000213899 0.041884912740122453 -0.19837382024651515 -0.0036192527026102832 -0.0033365126965004648 0.044637996250492806 0.045209811407278144 -0.0042930753731828626 -0.028083731673704478 -0.0051312107520421167 0.019186978193816172 0.00075235885260760307 0.053348663485429965 0.014272178743613008 0.010380067687358462 -0.043382125333864395 0.033982815948559529 -0.032448997597166962 -0.004842480440178481 -0.023434688116356833 0.052273787662770514 -0.0089726916966226377 -0.075017066756602691 -0.0048324151829133343 0.034550201754094394 0.01473114765771843 -0.055555128238228169 0.046056494979911961 0.02759747168418232 0.0040572321350295518
leaf_weight=57.424368379739462 37.260194182046689 2.157994902925565 1.0904996062163288 624.82948431000113 56.588396460516378 55.773681996390224 29.763360215700231 1203.5858296921579 83.587683811783791 165.81374775292352 342.46141047438141 45.810251285671256 16.179714003810659 213.10896897292696 50.631355859339237 27.132644792087376 41.881442434503697 86.346091591287404 732.0805047119502 136.4637429874856 55.498261701082811 105.99247479741462 5.9654208242427584 16.59803342493251 119.9561514982488 5.4596128507982931 36.95375637896359 51.259628207306378 21.067435505567119 4.6364147623535246
leaf_count=439233 842 182 14 12238 662 1078 10558 333918 1128 2717 4320 770 315 8483 565 165 1453 1587 9282 905 787 1547 79 217 4349 80 376 697 276 102
internal_value=-5.10245e-05 0.00417165 -0.00247712 -0.00241646 0.0161742 0.00555369 -0.00064176 -0.00355036 -0.00286342 0.000819457 0.0112537 -0.00204853 -0.00352848 0.000930991 0.026849 -0.00385875 0.0125362 -0.0209402 -0.00954755 -0.00776365 0.033488 -0.0159858 0.00175854 -0.0233881 0.0273764 -0.0422279 -0.0501789 0.0351645 0.0143274 -0.034489
internal_weight=4433.36 1617.71 2815.65 1044.43 573.278 287.369 999.858 2737.6 2680.17 1728.04 508.275 970.095 1219.77 837.938 285.909 231.595 98.4698 132.156 952.132 868.544 226.086 133.125 59.8236 22.5635 170.588 44.5714 39.1118 78.054 26.7943 5.72691
internal_count=838925 46018 792907 34274 11744 4905 33636 791818 352585 341270 7037 23078 334233 20721 6839 3827 2115 2357 11315 10187 5701 1712 1138 296 4914 638 558 1089 392 116
is_linear=0
shrinkage=0.05


Tree=144
num_leaves=31
num_cat=0
split_feature=2 14 11 1 0 1 9 0 0 14 15 14 0 0 8 8 3 2 1 0 9 11 14 14 15 0 11 23 11 17
split_gain=16.9977 24.1922 19.5094 15.5384 48.3524 21.1311 44.054 54.8454 53.5414 33.3156 25.733 24.9865 23.2767 21.6997 17.581 11.172 10.893 10.5763 14.6933 11.3587 9.75097 9.46395 9.18323 9.18021 8.45381 7.98485 7.34599 10.7205 7.1108 8.23712
threshold=0.69028213166144214 0.11651583710407241 1.0000000180025095e-35 0.83674369460915932 0.20881782945736438 0.93348815322499534 0.036375661375661381 0.18274582560296851 0.32583417593528824 0.79057017543859665 1.0000000180025095e-35 0.7633053221288516 0.33630952380952389 0.20881782945736438 1.0000000180025095e-35 1.0000000180025095e-35 0.91476997578692509 0.83910792512943055 0.33762223762223764 0.93405797101449284 0.22361111111111112 0.43637078077305785 0.78416149068322993 0.61721611721611735 1.0000000180025095e-35 0.28730158730158734 0.61642411067026259 1.0000000180025095e-35 0.97212578937568661 0.45000000000000007
decision_type=2 2 2 2 2 2 2 2 2 2 2 2 2 2 2 2 2 2 2 2 2 2 2 2 2 2 2 2 2 2
left_child=1 2 -1 4 16 6 7 15 -9 10 13 12 -8 -7 -11 -5 21 18 24 -20 -13 -2 -12 -19 -6 -25 27 -3 -28 -30
right_child=3 26 -4 5 17 9 11 8 -10 14 22 20 -14 -15 -16 -17 -18 23 19 -21 -22 -23 -24 25 -26 -27 28 -29 29 -31
leaf_value=0.0008330449946752738 0.45748187087763681 0.052868620334270561 -0.048768601941709337 -0.065065121531028031 -0.043756443952062442 -0.0050800494462415755 -0.0039443887069125771 -0.037804332095485275 -0.0073082858273420641 -0.090714369646408222 0.021580999832631696 0.0081447971118387072 0.017931124015548881 0.0091539267664208068 0.034929359367066905 0.029458467589005805 0.051498440469411558 0.0015585770899306239 -0.0039470044816834809 0.076115302388570935 -0.033239686831584035 -0.038433381032280473 -0.074697078640069137 0.038019435478483563 -0.18091724837645407 0.010635164416205168 -0.0081078684317334882 -0.049942489555216102 0.053734557405432905 0.0028333339330188973
leaf_weight=29.698965888812381 0.098294220864771797 11.777970828676187 59.621115399924747 3.2648194356588638 3.480490611291315 970.8305114666291 212.92635912135302 238.97628206304216 361.8665170007007 2.8684185467427588 157.39166460337583 19.193339862162247 283.52645223935542 369.73055617505452 94.830576508888043 73.51771095674485 65.72782370832283 368.4493697660655 305.95979484178679 4.4951896467173347 55.080643778899685 4.5262921750472742 2.516339261783286 29.394663890358061 1.6588059917849021 281.98743658675812 326.61962389251858 3.2311808488375382 9.0038103000260872 67.78086313593667
leaf_count=22730 6 1044 625285 117 1531 15849 6055 4930 10591 24 14652 456 13466 5511 9983 2606 1666 15930 47733 1406 1273 595 126 764 48 9078 18980 4730 103 1657
internal_value=-4.69959e-05 -0.00865398 -0.032276 0.00107001 0.0062197 -0.000858112 -0.00573246 -0.0143526 -0.0194376 0.00294931 0.0011072 0.00450224 0.00854882 -0.00115428 0.0312405 0.0254393 0.0462797 0.00338844 -0.00417584 -0.00278775 -0.0225454 -0.0278928 0.020066 0.00689996 -0.0880277 0.0132203 -0.0036113 0.0307354 -0.00488921 0.00880204
internal_weight=4420.03 507.734 89.3201 3912.3 1065.78 2846.52 1248.35 677.625 600.843 1598.17 1500.47 570.727 496.453 1340.56 97.699 76.7825 70.3524 995.426 315.594 310.455 74.274 4.62459 159.908 679.831 5.1393 311.382 418.413 15.0092 403.404 76.7847
internal_count=838925 674529 648015 164396 78757 85639 39494 18244 15521 46145 36138 21250 19521 21360 10007 2723 2267 76490 50718 49139 1729 601 14778 25772 1579 9842 26514 5774 20740 1760
is_linear=0
shrinkage=0.05


Tree=145
num_leaves=31
num_cat=0
split_feature=14 8 2 13 5 7 4 0 0 1 1 0 1 0 8 11 0 9 13 2 0 9 1 20 0 13 5 5 1 2
split_gain=16.7082 19.1115 18.3565 21.3621 16.9744 19.9682 15.6064 28.8732 35.0176 23.5195 23.366 47.1085 18.5267 13.405 18.2113 10.5701 9.94757 7.83118 7.05601 7.03249 7.02415 8.47382 6.93047 8.53459 8.33384 7.32709 6.97072 6.67015 6.25755 5.01835
threshold=0.95119047619047625 1.0000000180025095e-35 0.64326765188834167 0.65485893416927909 0.57783260057793318 0.68333333333333346 0.8348012254901408 0.36626016260162603 0.16843971631205676 0.85601143615849506 0.85001028383381338 0.22335600907029482 0.91731416549789635 0.25227272727272732 1.0000000180025095e-35 1.0000000180025095e-35 0.86602564102564117 0.26138716356107666 0.56021978021978036 0.87007672634271105 0.74388789505068587 0.73746867167919816 0.90498325035343308 0.074999988079071059 0.41048534798534803 0.77568613652357499 0.5963828510317023 0.34662707466171172 0.28812695059834653 0.40253164556962034
decision_type=2 2 2 2 2 2 2 2 2 2 2 2 2 2 2 2 2 2 2 2 2 2 2 2 2 2 2 2 2 2
left_child=2 17 3 15 5 13 7 8 -6 -9 11 -8 -12 14 -4 29 19 -2 -15 -7 -19 27 23 24 -5 -24 -27 -22 -3 -1
right_child=1 28 4 22 6 16 10 9 -10 -11 12 -13 -14 18 -16 -17 -18 20 -20 -21 21 -23 25 -25 -26 26 -28 -29 -30 -31
leaf_value=0.047005252620889851 -0.019967059050916194 -0.28096320115888557 -0.019552722941491549 -0.02636415163663211 0.026809824482845759 -0.046290006238833253 0.045516898416440119 -0.0096146069294481429 -0.02668750928726259 0.017142569179889971 -0.010147855639500915 0.0043093998095727502 0.00082159411495125265 -0.01233071375193498 0.04120459068748529 -0.044566145979196975 -0.15606567090453807 0.04228600845533053 0.011573687672747322 0.0034719533536743731 -0.091964250425842178 0.058237224694772098 0.10677221285672643 -0.030287980004888384 0.0005334874608382363 0.026642917057212286 -0.022316972202795521 0.056641556836264775 0.043364288619075805 -0.015217322149285875
leaf_weight=3.975219760839539 26.763730861363001 0.14917548233643074 14.853825569451145 34.412628581689205 35.05860259970359 14.597703722611191 77.855792863891111 189.09525598469918 239.91994485911709 145.18252906794078 492.59305748943007 635.3183852532311 1760.9333737824927 35.850357274044654 72.687135988511727 60.056400828318147 1.4564336366020132 13.386944232508542 222.23888234581682 13.823135325859765 3.5242366269230834 2.281281815841794 2.0959988026879719 35.708433696534485 176.49167041110923 21.834271202329546 10.899037931580095 0.96100206836126734 48.975773662677966 17.531340044231911
leaf_count=5452 534 8 2311 416 953 353 1885 12812 6423 5001 12313 19822 42497 84582 2518 601485 52 1327 4892 376 23 29 29 432 3642 295 127 121 12544 15671
internal_value=-4.42079e-05 0.0205822 -0.000503362 -0.0112636 0.000485141 0.010598 -0.000576803 -0.0078657 -0.0198668 0.00200649 0.000920081 0.00880794 -0.00157619 0.013988 0.0308954 -0.0337948 -0.0286182 -0.00224072 0.0082532 -0.0220871 0.0212998 -0.0202195 -0.00473401 -0.00768265 -0.00385532 0.0161442 0.010341 -0.0601241 0.0423794 -0.00371625
internal_weight=4410.51 96.0421 4314.47 363.005 3951.46 375.507 3575.96 609.256 274.979 334.278 2966.7 713.174 2253.53 345.63 87.541 81.563 29.8773 46.9172 258.089 28.4208 20.1535 6.76652 281.442 246.613 210.904 34.8293 32.7333 4.48524 49.1249 21.5066
internal_count=838925 14586 824339 627549 196790 95084 101706 25189 7376 17813 76517 21707 54810 94303 4829 622608 781 2034 89474 729 1500 173 4941 4490 4058 451 422 144 12552 21123
is_linear=0
shrinkage=0.05


Tree=146
num_leaves=31
num_cat=0
split_feature=14 2 4 14 11 2 4 9 17 11 10 14 1 13 14 12 5 2 4 1 10 1 0 9 12 0 6 6 2 22
split_gain=15.4734 16.9425 26.9674 19.3618 18.9329 14.8503 13.9552 15.5553 13.8853 32.0873 18.4157 17.0647 22.7059 22.2696 12.2893 10.5991 10.3987 9.31959 8.57407 6.8667 6.6702 6.3467 6.8027 5.88067 5.87872 45.1077 5.14563 4.93843 4.85636 4.45037
threshold=0.95119047619047625 0.69028213166144214 0.65785346129850819 0.11651583710407241 1.0000000180025095e-35 0.81120250685468098 0.45487923054112395 0.3504385964912281 0.87500000000000011 0.96744022847817235 0.1622776622776623 0.81534090909090928 0.94839989759344612 0.9805186590765339 0.76696832579185525 0.42631272364150791 0.77924891806830221 0.92031746031746042 0.74403493302006318 0.92840996168582379 0.036811201445347795 0.71166962266033484 0.46737588652482276 0.18301435406698566 0.42438536306460833 0.28730158730158734 0.47727272727272735 0.32051282051282054 0.17082066869300913 1.0000000180025095e-35
decision_type=2 2 2 2 2 2 2 2 2 2 2 2 2 2 2 2 2 2 2 2 2 2 2 2 2 2 2 2 2 2
left_child=1 3 5 4 21 6 20 -8 9 10 -4 13 -13 -10 -11 24 23 27 19 -17 -3 -1 -23 29 -5 -26 -20 -7 -25 -2
right_child=16 2 8 15 -6 17 7 -9 11 14 -12 12 -14 -15 -16 18 -18 -19 26 -21 -22 22 -24 28 25 -27 -28 -29 -30 -31
leaf_value=-0.03684160439572081 -0.011328458381772001 -0.12084975782115448 -0.013640598279788344 0.055458451853135408 -0.048612040994672326 -0.0058664315641091189 -0.01038886333063299 0.043497714597489627 -0.010553104891525437 0.01108850824537343 0.00080185924195630496 -0.044311192555266492 0.048127379571017481 0.023281414923920031 0.036691864487461694 -0.0088285079889398842 0.045921045023184275 -0.053126206836201839 0.066162619134631881 0.022028709850214889 0.075857423685950859 -0.0091828970409734197 0.047524904609755711 -0.068774884506653131 2.7100103007689533 0.013774984371137965 0.0069368851296212307 0.067877319187188034 0.027996952610538469 0.05408278786351272
leaf_weight=8.0586587535071903 30.063142287312075 0.45048877596855064 238.96183952130377 5.5480160868391968 54.595245861855801 2.4824567481264301 46.967598298026132 18.734268160522333 270.34730127564399 133.27781147614587 2891.6357298333169 54.505911297164857 7.565140801598317 59.300833101733588 72.287736222031526 347.86350841263629 27.460765186115168 1.8859489395254048 6.1977872948118593 19.014626048272476 9.9420085076853848 12.321003453311279 9.2656165069201943 1.3509524441324163 0.018109707161784061 0.10815388264018111 8.9826968184206617 26.561233909742441 32.13027769816108 2.8465646372642359
leaf_count=20065 1384 2 3764 3527 625285 848 26257 2219 3205 5725 98724 748 402 1628 3104 20937 10034 54 76 349 3582 1079 1586 10 1 134 111 927 2947 211
internal_value=-4.17231e-05 -0.000479386 0.000620782 -0.00941853 -0.031145 0.0253667 0.0134923 0.00497639 -8.96491e-05 0.000955986 -0.000300549 -0.00899503 -0.0330449 -0.00446657 0.020092 -0.00469814 0.0200428 0.0545803 -0.0057056 -0.00722923 0.0673307 0.00102246 0.0151578 0.00933892 0.0631361 0.40049 0.0311172 0.0615742 0.0240923 -0.00567063
internal_weight=4400.73 4306.88 3834.91 471.973 84.2405 107.024 76.0944 65.7019 3727.88 3336.16 3130.6 391.719 62.0711 329.648 205.566 387.733 93.8517 30.9296 382.059 366.878 10.3925 29.6453 21.5866 66.3909 5.67428 0.126264 15.1805 29.0437 33.4812 32.9097
internal_count=838925 824339 151189 673150 648015 33889 32060 28476 117300 111317 102488 5983 1150 4833 8829 25135 14586 1829 21473 21286 3584 22730 2665 4552 3662 135 187 1775 2957 1595
is_linear=0
shrinkage=0.05


Tree=147
num_leaves=31
num_cat=0
split_feature=6 6 0 0 13 23 13 9 0 9 9 12 6 13 6 2 12 0 0 10 2 8 3 18 10 5 9 9 10 20
split_gain=14.9159 24.0379 18.8112 17.5395 17.3201 15.9607 26.2915 16.1737 21.0533 15.5292 12.489 12.1704 26.4682 19.894 18.9008 18.1883 14.3402 14.0136 11.262 10.5609 10.1707 9.77973 10.6818 9.5579 8.92148 8.7865 7.94525 7.31486 6.97169 6.89041
threshold=0.58571428571428574 0.5634920634920636 0.19538706256627789 0.8099343185550083 0.9979423868312759 1.0000000180025095e-35 0.73300330033003303 0.077677224736048281 0.47114317425083246 0.19098277608915909 0.11834733893557424 0.82427404196555309 0.95000000000000007 0.68989800874210794 0.80909090909090919 0.87007672634271105 0.71892556179775291 0.29758481886141469 0.079473684210526321 0.83881792595799964 0.70997889659330737 1.0000000180025095e-35 0.89512961508248245 1.0000000180025095e-35 0.90645833333333348 0.54773682183573624 0.61602564102564117 0.65261756876663723 0.19163509180996796 0.15000000596046451
decision_type=2 2 2 2 2 2 2 2 2 2 2 2 2 2 2 2 2 2 2 2 2 2 2 2 2 2 2 2 2 2
left_child=1 2 9 10 11 7 -7 8 -4 18 -3 13 14 21 15 -13 19 -18 -1 -15 -9 22 -2 29 -23 -20 -12 -8 -5 -6
right_child=4 3 5 28 23 6 27 20 -10 -11 26 12 -14 16 -16 -17 17 -19 25 -21 -22 24 -24 -25 -26 -27 -28 -29 -30 -31
leaf_value=0.031323929267917737 -0.042786992485854734 -0.05972849459455503 -0.020816971012269477 -0.30248390353192278 0.028290013638150032 -0.041340238385447488 -0.0046534577259217365 -0.0054311034713170709 0.0041517530583950624 0.046402507887419772 -0.018681052483222514 -0.0099721456279936432 0.035977640802494486 0.018242108089056124 -0.022507527852791802 0.0022322522093146959 -0.0018690042857026962 0.01634548898678085 0.03251633271923398 0.074801342173786159 0.0080431628726699948 -0.013250467201385183 0.043641787320188176 -0.0064137939622658019 0.00054167947126309841 -0.010674990191972628 0.07454714791007068 0.049352928438333943 -0.1096820079433789 -0.16554038834245854
leaf_weight=31.462923705286812 4.3117026187101173 22.07701611595985 218.11278397742717 0.72416910575702731 97.185067463142332 74.996220590306621 71.35644277848769 240.73499696669751 137.73781836422859 29.295516432939621 39.93454669311177 433.81097379163839 45.000632109004073 237.15923055890016 114.15033252257854 1030.3697885433212 273.46446938416921 172.02610091632232 14.071926150376383 8.5509940648917091 334.85300543588528 155.83479916835495 20.920633444591658 26.638181253802031 473.54685032513225 72.140669294341933 2.4240736513165748 6.8738094856962553 1.3300018277077468 0.46067570871673424
leaf_count=1516 5708 759 7292 10 15750 632360 1167 73793 12410 998 1188 4115 9827 3997 1026 11392 4359 2130 791 91 12403 26783 2213 1981 2678 1949 42 103 47 47
internal_value=-4.08873e-05 -0.00453917 -0.0029583 -0.0338227 0.00184677 -0.0052329 -0.0201869 -0.00277289 -0.0111524 0.0138285 -0.0292375 0.00108132 -0.00183339 0.00459707 -0.00291144 -0.0013837 0.0105131 0.00516452 0.00571919 0.0202104 0.00240766 -0.00164959 0.0288728 0.0201334 -0.00287325 -0.00362515 -0.0133458 9.18882e-05 -0.177652 0.0273756
internal_weight=4391.56 1298.13 1231.64 66.4898 3093.43 1084.67 153.226 931.439 355.851 146.971 64.4356 2969.15 1623.33 1345.81 1578.33 1464.18 691.201 445.491 117.676 245.71 575.588 654.614 25.2323 124.284 629.382 86.2126 42.3586 78.2303 2.05417 97.6457
internal_count=838925 746828 744782 2046 92097 739528 633630 105898 19702 5254 1989 74319 26360 47959 16533 15507 10577 6489 4256 4088 86196 37382 7921 17778 29461 2740 1230 1270 57 15797
is_linear=0
shrinkage=0.05


Tree=148
num_leaves=31
num_cat=0
split_feature=3 12 17 11 10 12 11 3 11 25 0 12 10 11 9 4 12 9 1 22 10 1 17 11 2 12 9 2 17 1
split_gain=12.8851 12.0676 16.9295 31.2225 19.532 23.2315 21.9243 14.2597 12.8721 15.6482 12.8329 12.6478 12.5409 26.3401 11.4112 10.367 9.54053 8.00076 7.6624 7.64469 7.11253 7.00569 6.35947 6.3127 5.70213 5.36281 4.83944 6.59136 8.67844 4.90123
threshold=0.59611795446061977 0.98312206238427591 0.87500000000000011 0.96744022847817235 0.1622776622776623 0.93682289884821535 0.9201073044602458 0.98610843141038018 0.94502042062674152 1.0000000180025095e-35 0.62418831168831179 0.99773755656108609 0.11791443850267382 0.97861715098557223 0.54201977401129953 0.67747193420711405 0.90335035496325822 0.40682870370370378 0.72103136953706226 1.0000000180025095e-35 0.13472342264477097 0.78003132371411954 0.63333333333333341 0.89043787753465187 0.95160031225605002 0.94901208891199806 0.89769754055468354 0.17082066869300913 1.0000000180025095e-35 0.4038523581206509
decision_type=2 2 2 2 2 2 2 2 2 2 2 2 2 2 2 2 2 2 2 2 2 2 2 2 2 2 2 2 2 2
left_child=14 2 3 4 6 -6 -2 19 10 16 18 17 13 -5 15 23 -10 -9 -4 -3 -12 26 -19 -1 -11 -14 27 -16 -29 -28
right_child=1 7 8 12 5 -7 -8 11 9 24 20 -13 25 -15 21 -17 -18 22 -20 -21 -22 -23 -24 -25 -26 -27 29 28 -30 -31
leaf_value=-0.047224566652647779 0.0032922121725841298 -0.01608348975276443 -0.049315074475236718 -0.015935861756828606 0.0019146406766948122 -0.01439571666524499 -0.025126197413905805 0.018072883987333952 0.060183791318989779 -0.1074808557066602 0.047549643909352797 0.046424853430365204 0.036752635435523727 0.025690976161350177 -0.06273218122319095 0.10830007714288935 -0.017626625004482446 0.022103897902964138 -0.004836747515427342 0.047599278091162586 0.0066068323744709646 0.094388036404132222 -0.056460621189545403 -0.0078416858004005802 -0.016620804898945175 -0.048646854584751854 0.10508552504167903 -0.062023034987930152 0.031880853838932119 -0.056077114132446794
leaf_weight=37.80054902505799 117.75124338187743 43.13117734878324 10.409669734639463 60.211864541808609 2994.472845632823 235.48698127618991 160.2056233700132 65.15222463326063 4.0247311173006883 6.5945608890615386 17.442582332412712 38.875198391731828 76.259532663389109 103.02811578742694 4.315040039749884 1.2641561615528178 185.94383871450555 4.0536544029600901 138.70206734761086 5.2906107439193866 27.068848065115162 2.1927085693496329 7.0650723369326442 13.922900277189909 2.3392914603464305 1.8837333816336457 1.8951714590366457 3.2769191700863294 9.8750853477577021 0.62810565600375401
leaf_count=310276 1333 1041 250 1603 440215 2611 2885 1259 65 47 267 12767 3507 4019 1299 31 2530 51 2551 193 717 885 60 111 52 82 274 44239 3382 323
internal_value=-3.867e-05 0.000319646 -0.000206406 0.000827916 -0.000368983 0.0007255 -0.0130873 0.0136402 -0.010086 -0.0190194 -0.000908944 0.0232137 0.0182219 0.0103367 -0.0205612 -0.033166 -0.0159781 0.011383 -0.00794183 -0.00912545 0.022651 0.0095473 -0.0278176 -0.0366235 -0.0836895 0.034694 0.000241244 -0.00910917 0.00848401 0.0649682
internal_weight=4380.56 4305.39 4141.83 3749.3 3507.92 3229.96 277.957 163.568 392.526 198.902 193.623 115.146 241.383 163.24 75.1706 52.9876 189.969 76.271 149.112 48.4218 44.5114 22.183 11.1187 51.7234 8.93385 78.1433 19.9903 17.467 13.152 2.52328
internal_count=838925 478105 462734 456255 447044 442826 4218 15371 6479 2694 3785 14137 9211 5622 360820 310418 2595 1370 2801 1234 984 50402 111 310387 99 3589 49517 48920 47621 597
is_linear=0
shrinkage=0.05


Tree=149
num_leaves=31
num_cat=0
split_feature=13 14 14 14 12 13 6 6 10 6 10 1 17 12 14 10 14 0 10 11 11 17 14 0 10 0 0 17 25 10
split_gain=15.0703 48.2138 41.6129 25.7519 22.4093 37.9555 22.3611 19.4167 19.0105 19.0899 18.549 17.5305 15.8561 14.7206 27.6845 14.5746 11.9904 11.5131 9.62713 9.31587 7.65506 7.07908 8.03358 7.06305 6.77516 6.69487 6.68296 6.61939 6.52326 6.07187
threshold=0.93764952153110059 0.67424242424242431 0.7231800766283526 0.70710784313725505 0.92068331397599701 0.97067423460612334 0.95000000000000007 0.76388888888888895 0.11791443850267382 0.17156862745098042 0.87551652892561993 0.78003132371411954 0.55000000000000016 0.82427404196555309 0.39444444444444454 0.69705627705627726 0.65108695652173931 0.22335600907029482 0.53883861236802422 0.74867953249736208 0.83661171569565984 0.63333333333333341 0.46410256410256417 0.64346246973365628 0.22295321637426904 0.87400793650793662 0.15184453227931491 0.29166666666666669 1.0000000180025095e-35 0.17677696078431376
decision_type=2 2 2 2 2 2 2 2 2 2 2 2 2 2 2 2 2 2 2 2 2 2 2 2 2 2 2 2 2 2
left_child=2 4 8 23 11 12 7 10 25 28 -5 21 16 14 -11 -15 -6 -9 20 -14 -13 22 -2 26 -23 -1 -3 29 -10 -4
right_child=1 3 27 6 5 -7 -8 17 9 13 -12 18 19 15 -16 -17 -18 -19 -20 -21 -22 24 -24 -25 -26 -27 -28 -29 -30 -31
leaf_value=-0.029039544850919058 0.037962937799098609 0.040212474720459357 -0.031142509963772477 0.0013759149957431919 -0.0028656308273427673 0.043378307852312968 0.044539540610879766 -0.0023325298392064451 -0.041020954113053759 -0.0033611236355550918 -0.078992174882506289 0.0098622785998649098 -0.041044970757472134 -0.0044599867043220633 0.010591826831176763 -0.022308470690025908 0.032790064537638781 -0.032547045025680413 0.050443923522120994 -0.0078869821019218866 0.033204558650255983 -0.022629666316110172 -0.018628779474587034 0.013745225949436758 0.051263395120784629 0.061547139430609625 -0.052118096476304533 0.044782046442487289 0.00941385124494332 0.026599706542952708
leaf_weight=81.388340396806598 7.5879715248011044 2.0694738721940658 5.8377879896434051 817.41246522194706 56.336207979824394 53.938596188672818 26.337387156439945 53.589393025729805 41.890058557299199 1209.0940871753919 7.2431177785620084 50.270979761146009 26.594888499937952 727.39779551594984 503.56569589854917 135.71513179200701 40.549992521293461 76.586918780114502 54.096630003303289 104.09638270852156 116.57077369675972 4.3055069064721456 36.134541400242597 5.4074082127772263 11.098259650520047 2.0920668325852594 36.990405944758095 50.09031270921696 7.5698304814031863 20.683097501983866
leaf_count=1145 115 182 116 20590 662 1078 10558 1330 435133 334229 131 565 165 9282 7000 905 1453 1027 787 1547 4349 54 742 80 227 28 376 697 4096 276
internal_value=-3.60515e-05 0.00385247 -0.00225192 -0.00259586 0.0156293 0.00566707 -0.000909202 -0.00216283 -0.00327973 -0.00253278 0.000670026 0.0256431 -0.00327095 -0.00194195 0.0007414 -0.00726647 0.0120574 -0.0201087 0.0321144 -0.0146344 0.0261713 0.00146164 -0.00880738 -0.0398118 0.0306095 -0.0267694 -0.0472262 0.0340878 -0.0333019 0.0138895
internal_weight=4372.54 1587.22 2785.32 1025.64 561.581 281.516 981.169 954.832 2708.71 2625.23 824.656 280.065 227.577 2575.77 1712.66 863.113 96.8862 130.176 220.938 130.691 166.842 59.1263 43.7225 44.4673 15.4038 83.4804 39.0599 76.6112 49.4599 26.5209
internal_count=838925 46018 792907 34274 11744 4905 33636 23078 791818 790645 20721 6839 3827 351416 341229 10187 2115 2357 5701 1712 4914 1138 857 638 281 1173 558 1089 439229 392
is_linear=0
shrinkage=0.05


Tree=150
num_leaves=31
num_cat=0
split_feature=13 14 14 14 12 13 2 12 14 8 14 13 17 0 12 1 13 13 0 15 0 13 22 7 4 7 2 7 4 14
split_gain=13.6652 43.9778 38.0352 23.1599 20.5069 34.9723 19.8034 19.8714 45.6767 17.6119 15.7619 14.8705 14.3967 14.3637 13.9621 33.1031 19.3577 13.2785 16.5826 12.3483 11.8849 11.0956 9.33883 9.1137 8.41278 10.0866 8.37143 13.4749 9.71432 8.32869
threshold=0.93764952153110059 0.67424242424242431 0.7231800766283526 0.70710784313725505 0.92068331397599701 0.97067423460612334 0.60943257184966848 0.7756861365235751 0.47493734335839605 1.0000000180025095e-35 0.85357142857142865 0.90645833333333348 0.55000000000000016 0.043961352657004842 0.93682289884821535 0.94395499108734415 0.95581728266527866 0.97067423460612334 0.25227272727272732 1.0000000180025095e-35 0.74388789505068587 0.95898421853721072 1.0000000180025095e-35 0.38750000000000007 0.48155249049700349 0.40833333333333338 0.80901722391084108 0.38750000000000007 0.36965377348427192 0.54772727272727284
decision_type=2 2 2 2 2 2 2 2 2 2 2 2 2 2 2 2 2 2 2 2 2 2 2 2 2 2 2 2 2 2
left_child=2 4 6 -3 9 12 23 8 11 26 14 -8 21 -9 15 -5 -16 -12 -19 -10 -11 -6 -15 -1 -25 -26 28 -28 -2 -14
right_child=1 3 -4 10 5 -7 7 13 19 20 17 -13 29 22 16 -17 -18 18 -20 -21 -22 -23 -24 24 25 -27 27 -29 -30 -31
leaf_value=-0.030953760501198791 0.05225544384468031 -0.037706114397672692 0.03283961868493853 -0.0045453327336132171 -0.00022486820214911291 0.042026661410803662 -0.0017362378873153504 0.036960564171509579 0.040664340140898203 0.032507599862061372 0.053932989088465222 0.035775529827168293 0.050835007304628282 -0.0093835642609200551 -0.036983120512310556 0.034964721310654118 -0.0062738231814276103 0.031370783739508336 -0.00038361937101931816 0.0069024592587695333 -0.021539386952343764 0.036044815806637376 0.0026443025092037168 0.02502060880685841 0.043229016225613003 -0.027280190982731739 -0.13463519072545654 0.031239504390357872 -0.037644715675600619 -0.016439244655483503
leaf_weight=89.400474770565779 3.5228613354265716 44.594698164379224 75.584484933293425 306.10323683626484 65.007671147002839 52.916125681716949 1194.4619892113224 18.502768709673546 89.514465601183474 223.29746289900504 16.131636773236096 27.017451458610594 4.7759828052949151 996.08411377645098 61.834689354640432 64.119189912220463 301.67229911789764 53.58539760945132 176.64283487806097 38.831366522237659 10.657177737331947 31.209911044337787 192.58382055081893 16.244122969226737 5.9026514669385497 36.049285415363556 1.3143176008015895 17.885162182967179 20.437995605170727 125.31722196494229
leaf_count=557122 37 638 1089 4787 1332 1078 192629 1640 655 5933 296 467 56 11351 889 3791 4615 8397 10861 1508 276 783 1578 10408 2651 11809 12 316 265 1656
internal_value=-3.30887e-05 0.00367835 -0.0021437 -0.00246625 0.0149956 0.00543247 -0.00312137 -0.00209344 0.00207491 0.0246316 -0.000862809 -0.000906529 -0.003124 -0.00675439 -0.00453697 0.00229745 -0.0114977 0.0100799 0.00700719 0.0304496 0.0300456 0.0115399 -0.00743485 -0.0209294 -0.00553006 -0.0173595 -0.00471553 0.0198844 -0.0244271 -0.0139695
internal_weight=4361.2 1581.03 2780.18 1024.68 556.342 279.227 2704.59 2557 1349.83 277.115 980.089 1221.48 226.311 1207.17 733.729 370.222 363.507 246.36 230.228 128.346 233.955 96.2176 1188.67 147.597 58.1961 41.9519 43.1603 19.1995 23.9609 130.093
internal_count=838925 46018 792907 34274 11744 4905 791818 209828 195259 6839 33636 193096 3827 14569 14082 8578 5504 19554 19258 2163 6209 2115 12929 581990 24868 14460 630 328 302 1712
is_linear=0
shrinkage=0.05


Tree=151
num_leaves=31
num_cat=0
split_feature=6 6 1 23 14 9 9 13 0 0 9 6 6 1 22 1 5 6 5 7 13 1 0 13 1 18 14 11 11 5
split_gain=13.0226 21.8485 18.3321 15.9328 26.6155 15.4568 15.4134 14.7464 14.5424 10.8576 42.6668 31.4212 28.9512 45.4898 22.1492 22.1191 21.354 17.5692 23.8887 17.1761 10.9411 10.0506 15.6987 10.8942 9.66541 8.92932 8.96446 11.1964 9.06894 8.43316
threshold=0.58571428571428574 0.5634920634920636 0.96168010752688182 1.0000000180025095e-35 0.4188596491228071 0.077677224736048281 0.11834733893557424 0.9979423868312759 0.47114317425083246 0.29758481886141469 0.18301435406698566 0.72077922077922085 0.72077922077922085 0.88800900900900914 1.0000000180025095e-35 0.83674369460915932 0.82085561497326209 0.95000000000000007 0.80201512610368486 0.89444444444444449 0.65485893416927909 0.79375571530176814 0.54653679653679665 0.56021978021978036 0.73838232398952042 1.0000000180025095e-35 0.88348416289592768 0.77165036922408914 0.83661171569565984 0.50552259175803993
decision_type=2 2 2 2 2 2 2 2 2 2 2 2 2 2 2 2 2 2 2 2 2 2 2 2 2 2 2 2 2 2
left_child=1 2 3 5 -5 8 -3 9 -1 10 12 21 14 -14 -2 16 -12 18 -13 -17 -19 22 -11 -23 -7 -9 27 -27 -29 -28
right_child=7 6 -4 4 -6 24 -8 25 -10 11 15 17 13 -15 -16 19 -18 20 -20 -21 -22 23 -24 -25 -26 26 29 28 -30 -31
leaf_value=-0.016103875380473115 -0.011380681916059066 -0.065388850297524156 0.024268170282297521 -0.039125417574608197 0.0025958170453852097 -0.0045850258381059739 -0.014585369144804095 0.026198671820134661 0.0039038247982464374 -0.012611659745397366 0.047349463683034387 -0.028488555258222886 0.044385877951269921 0.0039166026594051381 0.01546179580272037 -0.03044796335467161 -0.029827535366732813 0.0035307930480454122 -0.0017733204943435879 0.024943034435270212 0.040282182962648377 -0.0039197065694456515 0.012066455712823568 0.019937484713812646 0.0084310819033449856 0.055704434769005953 -0.064162406112716008 -0.084503725959120188 0.03056694224869504 0.039750130096816161
leaf_weight=269.64365712370636 479.08944582275581 22.966720988624729 59.715641925111413 79.882697989316512 73.304490160837304 236.10567997709586 42.663780189162935 93.364908615010791 136.94484267538064 92.220162598474417 21.57695547665935 116.69903203750437 75.791098921559751 828.5080750270281 91.534911388516775 201.03189810903859 15.331224369059781 69.883796865236945 295.73080585245043 15.042650265386326 28.514524729689583 55.495664854621282 213.95567452935211 347.39829455633298 360.23539260362304 2.617806245340037 2.3645003179553887 8.0880864954087865 2.1720808967947951 11.206006757856811
leaf_count=8653 11011 790 2656 633493 775 63736 1256 15797 12410 2890 883 1636 2170 20789 2551 4324 310 2136 3951 370 4533 5163 8133 3469 23059 89 76 158 202 1456
internal_value=-2.99762e-05 -0.00426316 -0.0027463 -0.00414165 -0.0191606 -0.00184766 -0.0323635 0.00173839 -0.00936499 0.00103949 -0.00151022 0.00465098 0.00174377 0.00730841 -0.00707483 -0.0204814 0.015291 -0.00480326 -0.00933253 -0.0265918 0.0141809 0.011462 0.00463341 0.0166513 0.00327769 0.0189337 -0.00671222 -0.036594 -0.0601432 0.0216446
internal_weight=4349.08 1281.46 1215.83 1156.12 153.187 1002.93 65.6305 3067.62 406.588 2947.8 1727.91 1219.9 1474.92 904.299 570.624 252.983 36.9082 510.828 412.43 216.075 98.3983 709.07 306.176 402.894 596.341 119.813 26.4485 12.878 10.2602 13.5705
internal_count=838925 746828 744782 742126 634268 107858 2046 92097 21063 74319 42408 31911 36521 22959 13562 5887 1193 12256 5587 4694 6669 19655 11023 8632 86795 17778 1981 449 360 1532
is_linear=0
shrinkage=0.05


Tree=152
num_leaves=31
num_cat=0
split_feature=14 6 13 13 11 6 11 14 1 10 17 11 17 14 17 6 14 11 25 14 13 10 6 6 6 10 10 1 17 17
split_gain=11.983 32.7092 27.9249 24.3131 33.3615 29.7633 24.0183 48.1869 23.5933 23.4515 16.2815 28.3981 15.6629 15.3924 15.9668 14.2893 10.4182 10.0488 11.7073 9.25121 6.99739 6.08867 5.83533 6.98951 5.84831 4.99606 8.00631 14.7732 4.92972 4.85377
threshold=0.35504201680672276 0.95000000000000007 0.8865422123154082 0.84877072612921667 0.74867953249736208 0.80909090909090919 0.48545991045991055 0.057983193277310933 0.95754013329469723 0.83727934995797149 0.18333333333333338 0.64483688975208708 0.29166666666666669 0.47493734335839605 0.22500000000000003 0.76388888888888895 0.11651583710407241 0.96744022847817235 1.0000000180025095e-35 0.53452380952380962 0.73300330033003303 0.19163509180996796 0.61250000000000016 0.72077922077922085 0.58571428571428574 0.85665362035225057 0.86692708333333346 0.96168010752688182 0.45000000000000007 0.15476190476190479
decision_type=2 2 2 2 2 2 2 2 2 2 2 2 2 2 2 2 2 2 2 2 2 2 2 2 2 2 2 2 2 2
left_child=2 3 6 4 13 8 20 -8 15 -10 16 -12 29 14 -2 -5 -9 18 -7 -14 22 -4 24 -24 -1 -3 27 -27 -15 -6
right_child=1 25 21 5 12 17 7 10 9 -11 11 -13 19 28 -16 -17 -18 -19 -20 -21 -22 -23 23 -25 -26 26 -28 -29 -30 -31
leaf_value=0.0013049792620178349 0.042221314277039866 0.036843886644511707 -0.014620217933862745 -0.00037252198261582422 0.029354913282798725 -0.027022004146731102 -0.048485447837264481 -0.02246918897440614 0.013884551720627825 -0.040035686742784848 0.010744872674878126 -0.026330331838676002 -0.021645519962155156 0.043814853137717165 0.0022993722192755552 -0.013884651591588061 0.007604676163328117 0.0085551846947665346 -0.11650794480335656 0.024251980774564832 0.10619901807587494 0.043601616617902225 -0.014062696274810483 0.0013510611424096346 0.020266235805517185 0.050506189378810386 0.0036349603139282463 -0.66127512104948183 0.078633788620914191 0.0061871670523628332
leaf_weight=103.07911369112844 46.146974910865538 70.163612158503383 5.1359181592706582 1963.5723692781758 31.277100288774818 105.8263355208328 82.547059035354323 34.119690968953364 402.06705241359305 21.230213430244476 72.363899283245701 180.42614599415538 78.639951118850149 29.984870676416904 54.773391692026053 217.31447122932877 184.61563221231336 19.843510983453598 3.7857361035421482 12.760421890765427 1.5848073125816871 35.730425293440931 95.659839427651605 318.1779408864677 67.163616737248958 0.15149835590273042 1.0618122101295737 0.14051033114083111 15.379610734991727 81.559921202715486
leaf_count=50198 310 20335 65 28005 562 959 578204 93375 10166 187 17928 17329 866 185 510 2437 10911 429 40 182 16 637 743 1989 913 23 157 27 103 1134
internal_value=-2.83065e-05 0.00157937 -0.00432553 0.000804204 0.0132017 -0.000785472 -0.00578164 -0.0132441 0.000377756 0.0111802 -0.00707457 -0.0157172 0.000147007 0.0314282 0.0205541 -0.00171894 0.00291357 -0.0241855 -0.0301126 -0.0152378 0.00127823 0.0362845 0.000993549 -0.00221187 0.00878551 0.0350082 -0.0601296 -0.291993 0.0556193 0.012609
internal_weight=4336.28 3155.68 1180.6 3084.16 350.522 2733.64 1139.74 554.072 2604.18 423.297 471.525 252.79 204.237 146.285 100.92 2180.89 218.735 129.456 109.612 91.4004 585.665 40.8663 584.081 413.838 170.243 71.5174 1.35382 0.292009 45.3645 112.837
internal_count=838925 66617 772308 46075 3852 42223 771606 717747 40795 10353 139543 35257 2744 1108 820 30442 104286 1428 999 1048 53859 702 53843 2732 51111 20542 207 50 288 1696
is_linear=0
shrinkage=0.05


Tree=153
num_leaves=31
num_cat=0
split_feature=14 3 17 11 14 1 11 0 3 14 13 14 17 12 13 13 13 14 15 4 9 20 14 0 13 18 12 13 13 4
split_gain=11.8119 22.7276 13.494 32.4154 17.4473 15.0649 16.8914 13.9539 13.7729 13.0263 16.1704 15.2514 14.6468 12.5807 23.8273 17.718 11.9061 17.5218 12.3555 10.1954 10.2801 8.37455 8.09942 7.8277 7.29648 7.44925 7.02596 6.59864 4.67523 4.61105
threshold=0.95119047619047625 0.97182539682539704 0.87500000000000011 0.96744022847817235 0.8377192982456142 0.93348815322499534 0.93315273186398617 0.45049019607843144 0.59611795446061977 0.76696832579185525 0.9805186590765339 0.84412955465587058 0.63333333333333341 0.93682289884821535 0.9492598154902383 0.93764952153110059 0.974521259331386 0.6858552631578948 1.0000000180025095e-35 0.81164657390364325 0.52440476190476204 0.12500000000000003 0.81534090909090928 0.41048534798534803 0.96677704194260494 1.0000000180025095e-35 0.89672947031638828 0.98469347910972294 0.9805186590765339 0.56030588821251093
decision_type=2 2 2 2 2 2 2 2 2 2 2 2 2 2 2 2 2 2 2 2 2 2 2 2 2 2 2 2 2 2
left_child=2 29 3 8 16 6 7 -6 19 24 12 -12 -11 15 -15 -10 18 28 26 20 -1 -19 -20 -8 25 -5 -4 -7 -18 -2
right_child=1 -3 4 9 5 27 23 -9 13 10 11 -13 -14 14 -16 -17 17 21 22 -21 -22 -23 -24 -25 -26 -27 -28 -29 -30 -31
leaf_value=-0.042757724960954896 0.014608879809174625 0.046469316351998823 0.00021516906939603614 0.0074345767059037539 -0.053224244041262803 -0.10251777139531537 -0.042701396847552107 0.024456232848900666 -0.0011635592872983724 0.051063538565125133 -0.040306317830790854 0.029583054509945628 -0.082954302358121276 -0.038988564738498099 -0.0033459369876899176 0.0083867050343330134 0.086770246590850086 0.001010770088129379 0.021949189912000691 0.25750340462055815 0.0087311702990013982 -0.082748762106185605 -0.077003490698372104 -0.10128257791571321 0.030241494334756393 -0.033430380191238861 -0.019992467782414328 0.052947329460899806 0.03407363908877465 -0.016877379234034703
leaf_weight=35.635728356108302 19.027480107499287 39.182572809921112 56.906138714948611 111.88446509570349 11.890122364740821 0.77242582757025857 10.085296483011918 11.251883623190222 2579.7555095331372 62.525991051574238 12.332324433722532 21.267741040966939 2.1074275968130669 57.364598630927503 256.77982422406785 598.27820135932416 5.3497525285929468 90.161308588925749 34.7511362277437 0.31304736413949186 13.316793799178411 3.0863889709580681 2.1987880710512391 13.121564734261481 31.682316808961332 12.386555977049282 176.20514276623726 5.8654427689034492 19.738590982160531 29.89969054912217
leaf_count=303623 218 13415 1081 4569 140 11 69 220 429929 1635 368 1464 33 529 3124 13400 48 1855 625 6 56891 44 18 85 1358 203 2258 275 478 953
internal_value=-2.70832e-05 0.0180925 -0.000403885 0.000558339 -0.00867843 -0.0355926 -0.0456819 -0.0154552 -0.000679573 0.0178055 0.0320672 0.00393137 0.0466938 -0.000309219 -0.00985449 0.000634318 -0.00500669 0.00821814 -0.0108016 -0.026932 -0.0287509 -0.00176157 0.0160608 -0.0758242 0.00882217 0.00336141 -0.0150595 0.0348564 0.0453105 -0.00463256
internal_weight=4325.12 88.1097 4237.01 3795.63 441.384 52.9867 46.3489 23.142 3541.44 254.187 98.2335 33.6001 64.6334 3492.18 314.144 3178.03 388.397 118.336 270.061 49.2656 48.9525 93.2477 36.9499 23.2069 155.953 124.271 233.111 6.63787 25.0883 48.9272
internal_count=838925 14586 824339 817132 7207 800 514 360 807502 9630 3500 1832 1668 446982 3653 443329 6407 2425 3982 360520 360514 1899 643 154 6130 4772 3339 286 526 1171
is_linear=0
shrinkage=0.05


Tree=154
num_leaves=31
num_cat=0
split_feature=6 6 1 0 23 14 2 0 4 0 2 5 4 14 6 6 5 25 6 0 14 0 3 9 11 9 9 6 9 20
split_gain=11.6367 19.9214 16.2918 14.5132 13.62 24.4226 14.6911 15.4506 14.5655 11.5179 34.4968 41.0709 17.8319 17.2921 15.3017 16.5557 25.3665 14.1941 13.5865 13.5578 13.1347 11.6619 11.149 10.5566 9.90607 9.68388 13.5426 11.5692 7.67814 7.6029
threshold=0.58571428571428574 0.5634920634920636 0.96168010752688182 0.79516317016317017 1.0000000180025095e-35 0.4188596491228071 0.90521114106019784 0.49590163934426235 0.8348012254901408 0.39173060528559256 0.86391694725028068 0.75725577607735761 0.9091524368313596 0.86515151515151534 0.72077922077922085 0.95000000000000007 0.80201512610368486 1.0000000180025095e-35 0.6515151515151516 0.15184453227931491 0.26969696969696971 0.29758481886141469 0.99350649350649356 0.12632978723404256 0.64655293661186308 0.36055555555555557 0.407785336356765 0.63068181818181823 0.65261756876663723 0.099999994039535536
decision_type=2 2 2 2 2 2 2 2 2 2 2 2 2 2 2 2 2 2 2 2 2 2 2 2 2 2 2 2 2 2
left_child=1 2 4 23 6 -6 8 -8 -1 10 12 29 17 18 25 16 22 21 -13 -19 -18 -2 -16 -3 -14 -11 -27 -28 -7 -12
right_child=9 3 -4 -5 5 28 7 -9 -10 14 11 13 24 -15 15 -17 20 19 -20 -21 -22 -23 -24 -25 -26 26 27 -29 -30 -31
leaf_value=-0.00081009769525705014 -0.021372239689228214 -0.053776228429170986 0.023148290810620926 -0.12429440673383339 -0.038214502899780817 -0.0024179936248264733 -0.016503691443170387 0.0055147927302494314 0.018684798399988638 0.0080202777521227696 0.035081669745375292 -0.0098564345725028341 -0.010573483580878821 0.03345947339148974 0.053621151406180005 0.017455480255601473 -0.023821040965879982 0.053964827307137059 0.0021145811966116917 -0.058069863232638623 0.010327928432877139 -0.0025815368479756469 -0.035463388176819315 -0.0099746552969453162 0.057353147066226996 0.050161657377319029 0.029468732314386903 -0.0057590825250887689 0.05630659104230859 -0.12001495677070453
leaf_weight=507.74742251533462 191.68123992095934 20.96616246875783 58.484165404282976 3.9196722677879725 74.557954778443673 67.005361956253182 256.86336460188613 115.49718252922321 118.09860634079814 383.36074353911681 98.975513241486624 285.90577970771119 9.0390241778222862 39.6914104007883 3.6808195161866015 83.355791598674841 36.016097996034659 2.9715141259366638 1386.1953666187474 29.59410820750054 129.06311867199838 145.05473465117393 76.643796871474478 39.99830545403529 13.213593946129548 35.461617581488099 52.830938899714965 41.703757096998743 6.0704420343972734 0.79651818401180108
leaf_count=92100 7470 769 2656 85 633493 715 7246 5471 3041 11339 3047 5620 265 7709 67 8240 1272 158 33090 423 1739 4440 1204 1192 391 1071 3202 1329 60 21
internal_value=-2.45194e-05 -0.00404675 -0.00259276 -0.0310345 -0.0039066 -0.0180813 -0.00181017 -0.00967409 0.00286863 0.00165189 -0.000249249 0.00265952 -0.013707 0.000841962 0.00662558 -0.0017966 -0.00833591 -0.0163262 6.77059e-05 -0.047847 0.00287749 -0.0132778 -0.0313812 -0.0250384 0.0297613 0.0120192 0.0238122 0.0139281 0.00246029 0.0338435
internal_weight=4314.44 1269.21 1204.32 64.8841 1145.84 147.634 998.207 372.361 625.846 3045.24 2203.12 1811.56 391.554 1711.79 842.117 328.76 245.404 369.302 1672.1 32.5656 165.079 336.736 80.3246 60.9645 22.2526 513.357 129.996 94.5347 73.0758 99.772
internal_count=838925 746828 744782 2046 742126 634268 107858 12717 95141 92097 62634 49487 13147 46419 29463 12522 4282 12491 38710 581 3011 11910 1271 1961 656 16941 5602 4531 775 3068
is_linear=0
shrinkage=0.05


Tree=155
num_leaves=31
num_cat=0
split_feature=14 3 17 11 14 6 3 0 14 8 3 12 6 14 12 11 11 13 13 17 11 20 12 6 14 15 6 17 6 5
split_gain=10.6575 21.6594 13.1063 22.5164 17.8945 13.251 12.3042 9.44259 9.327 9.26734 9.26625 9.16481 8.55493 8.34468 14.7666 16.4225 16.2702 15.5355 13.5832 9.70733 9.1806 9.05868 7.86758 7.42743 7.2462 6.61524 6.16893 5.99439 5.882 5.89216
threshold=0.95119047619047625 0.97182539682539704 0.55000000000000016 0.96216660739687077 0.61721611721611735 0.17156862745098042 0.98076211616722175 0.91913687881429829 0.13840996168582378 1.0000000180025095e-35 0.9439203354297695 0.84756987316197119 0.087121212121212141 0.44949494949494956 0.92068331397599701 0.79261711247172417 0.77165036922408914 0.974521259331386 0.92356377799415779 0.63333333333333341 0.93315273186398617 0.12500000000000003 0.93682289884821535 0.47727272727272735 0.44097222222222227 1.0000000180025095e-35 0.18465909090909094 0.29166666666666669 0.58571428571428574 0.87972200632037689
decision_type=2 2 2 2 2 2 2 2 2 2 2 2 2 2 2 2 2 2 2 2 2 2 2 2 2 2 2 2 2 2
left_child=2 9 3 5 11 8 10 22 -1 -2 -6 27 -10 18 16 17 19 -16 28 -15 -17 -18 -7 -9 -20 -13 -11 -5 -4 -30
right_child=1 -3 13 4 6 7 -8 23 12 26 -12 25 -14 14 15 20 21 -19 24 -21 -22 -23 -24 -25 -26 -27 -28 -29 29 -31
leaf_value=-0.04846760879797498 -0.017518586615445447 0.046237850545756076 -0.043717381567951984 -0.030012572520370963 0.0064380896389980794 0.001120707200276908 0.033504758571960752 -0.020380746824585003 0.026518976872149699 -0.13821370832422608 -0.097381878804394598 -0.014970977274005327 -0.033490655774862078 -0.0020665578960772052 -0.040202181216235304 0.0046906768918894689 -0.00068698177370270512 0.025915729644614683 0.040864525482405059 0.031084640928609665 -0.010119887840296231 -0.052479977604177733 -0.0093604630316180392 0.069422331218758571 -0.060571383044201205 0.02411583616703989 0.038659208061006853 -0.23295036712576686 0.0039063663146204379 -0.027660873922786034
leaf_weight=23.46808748780677 35.949533476494253 37.059892683115322 29.227924403632642 0.73048850207123794 31.615087240468711 2633.4794790622691 119.38525221904274 3.1456538051934322 11.66687621556048 0.51318328827619453 2.3059894824400535 38.361782577354461 12.096969756817996 32.162094121566042 63.402895319741219 149.87514869554434 335.2054067334393 10.332167198066598 12.592912593390791 70.457494080299512 346.61854916723678 8.6604571433272195 192.10568005021196 8.5899543223640631 2.0467871632426968 15.080274560139513 12.520809098379685 0.72505400609225035 22.611833967661369 42.691363418009132
leaf_count=430605 291 13415 3515 29 545 340262 6535 13296 2719 6 126 305 4566 285 401 2265 6164 185 198 807 6584 89 2221 844 19 906 874 13 468 387
internal_value=-2.32528e-05 0.017397 -0.000378557 0.00130294 0.0171826 0.000156767 0.0259543 0.000594006 -0.0261091 -0.00442331 -0.000619698 -0.00731299 -0.00402889 -0.00499757 -0.00358704 -0.00891904 0.00322273 -0.0309374 -0.0181339 0.0206947 -0.00564906 -0.00199142 0.000408114 0.0453512 0.0266827 -0.00394146 0.0316952 -0.131103 -0.0250745 -0.0167304
internal_weight=4304.69 86.0434 4218.64 3092.76 208.204 2884.55 153.306 2837.32 47.2319 48.9835 33.9211 54.8976 23.7638 1125.89 1016.71 570.229 446.485 73.7351 109.171 102.62 496.494 343.866 2825.59 11.7356 14.6397 53.4421 13.034 1.45554 94.5311 65.3032
internal_count=838925 14586 824339 802972 8459 794513 7206 356623 437890 1171 671 1253 7285 21367 16780 9435 7345 586 4587 1092 8849 6253 342483 14140 217 1211 880 42 4370 855
is_linear=0
shrinkage=0.05


Tree=156
num_leaves=31
num_cat=0
split_feature=13 14 14 14 6 10 12 13 8 10 6 6 17 12 14 10 0 14 9 13 10 12 14 6 20 17 14 6 0 15
split_gain=10.4189 41.3257 33.7282 20.8132 18.5991 16.5932 16.404 29.3913 16.6324 16.2424 16.0322 13.6262 12.0067 11.8514 21.9592 13.3262 10.9751 10.0944 8.6357 8.13633 8.11431 7.63813 6.69151 7.7211 7.12238 6.28143 6.25699 7.34883 6.07774 5.98824
threshold=0.93764952153110059 0.67424242424242431 0.7231800766283526 0.70710784313725505 0.95000000000000007 0.11791443850267382 0.92068331397599701 0.97067423460612334 1.0000000180025095e-35 0.87551652892561993 0.76388888888888895 0.17156862745098042 0.55000000000000016 0.82427404196555309 0.39444444444444454 0.40121951219512203 0.74388789505068587 0.65108695652173931 0.30495169082125612 0.9805186590765339 0.53883861236802422 0.71892556179775291 0.70294117647058829 0.39230769230769241 0.099999994039535536 0.29166666666666669 0.13840996168582378 0.095454545454545472 0.87400793650793662 1.0000000180025095e-35
decision_type=2 2 2 2 2 2 2 2 2 2 2 2 2 2 2 2 2 2 2 2 2 2 2 2 2 2 2 2 2 2
left_child=2 6 5 22 9 28 8 12 21 10 -5 26 17 14 -13 -15 20 -8 -14 -11 -10 -2 23 -3 -25 -4 -7 -28 -1 -18
right_child=1 3 25 4 -6 11 7 -9 16 19 -12 13 18 15 -16 -17 29 -19 -20 -21 -22 -23 -24 24 -26 -27 27 -29 -30 -31
leaf_value=-0.02729825263456891 0.030917385637076262 0.050310104139133262 0.011559085736789196 0.00097613329822489152 0.043586098766565801 -0.048352849516693705 -0.002305574332288144 0.03993122586059001 0.025429642774712491 -0.09798310928881071 -0.018193458434608453 -0.0028818358138361626 -0.017725792239539646 -0.0023925328011966435 0.0096114157444012211 -0.016084430889330505 -0.044777754513307157 0.030850918508874465 0.018502390103289745 0.0052841506431879062 0.048065420524680713 -0.017814350089460324 -0.10172563771885945 -0.030835191353809188 -0.12162676994624066 0.042147572509720427 0.02318568567980922 -0.037377065443187134 0.059435585895564448 0.03948538484435031
leaf_weight=78.920488397707231 10.740762571804224 2.758543010801076 25.792951497365721 803.58409366081469 22.63301453756867 22.382507988877478 55.915463298093528 51.008053761324845 165.87652782944497 6.5940441936254484 126.1993862510426 1194.8132441351518 107.78880695824046 603.46307184873149 498.46455726178829 251.89300818368793 7.6118165366351587 38.942794418660924 19.411501629743725 2.6836982266977429 52.003577638999559 31.988440060522407 3.58348011993803 35.764887642697431 2.2989518449176094 48.049039254314266 9.1468268668904802 11.072374453269729 2.0728334672749034 2.9162471870658919
leaf_count=1145 189 32 392 20590 10558 430844 662 1078 5139 32 2333 334229 1444 8330 7000 1857 86 1453 268 123 794 441 38 537 31 697 3051 5334 28 190
internal_value=-2.15753e-05 0.00325543 -0.00187162 -0.00274845 -0.00120312 -0.00279276 0.0143551 0.00570496 0.0230669 -0.00228262 -0.00162575 -0.00209618 -0.00215699 -0.00162741 0.000795909 -0.00642465 0.0284231 0.0113064 -0.0121972 -0.0681118 0.0308323 -0.00556474 -0.0362155 -0.0304649 -0.0363188 0.031463 -0.0301405 -0.00997949 -0.0250785 -0.0214371
internal_weight=4296.37 1550.3 2746.07 1006.1 961.694 2672.23 544.204 273.067 271.137 939.061 929.783 2591.24 222.059 2548.63 1693.28 855.356 228.408 94.8583 127.2 9.27774 217.88 42.7292 44.4059 40.8224 38.0638 73.842 42.6017 20.2192 80.9933 10.5281
internal_count=838925 46018 792907 34274 33636 791818 11744 4905 6839 23078 22923 790645 3827 351416 341229 10187 6209 2115 1712 155 5933 630 638 600 568 1089 439229 8385 1173 276
is_linear=0
shrinkage=0.05


Tree=157
num_leaves=31
num_cat=0
split_feature=14 3 17 13 10 14 17 14 14 13 10 2 10 8 10 14 10 13 13 0 10 4 9 23 16 2 14 4 20 0
split_gain=9.72764 20.68 11.8571 15.6141 55.6349 16.3743 12.4694 19.8914 47.5544 14.5488 9.37276 8.61066 9.67483 8.48986 7.76045 7.51827 14.9479 14.3919 11.0099 9.82785 7.21058 6.76861 6.50089 6.27389 5.35836 4.568 3.90898 3.6039 5.13714 4.57125
threshold=0.95119047619047625 0.97182539682539704 0.55000000000000016 0.53091882442914906 0.93969696969696981 0.049390243902439034 0.22500000000000003 0.65108695652173931 0.67424242424242431 0.95898421853721072 0.51530771633864425 0.53093112244897966 0.19163509180996796 1.0000000180025095e-35 0.86497211497211512 0.47493734335839605 0.26172161172161179 0.92356377799415779 0.87551652892561993 0.63714733542319768 0.20603395997574289 0.86107775762885541 0.31180555555555561 1.0000000180025095e-35 1.0000000180025095e-35 0.61938296445338714 0.56385869565217395 0.56030588821251093 1.0000000180025095e-35 0.89915254237288156
decision_type=2 2 2 2 2 2 2 2 2 2 2 2 2 2 2 2 2 2 2 2 2 2 2 2 2 2 2 2 2 2
left_child=2 13 3 4 5 -1 11 9 -9 -8 -7 24 -13 27 15 17 19 20 -18 -17 -4 23 -23 -6 -5 -19 -16 28 29 -2
right_child=1 -3 14 6 21 10 7 8 -10 -11 -12 12 -14 -15 26 16 18 25 -20 -21 -22 22 -24 -25 -26 -27 -28 -29 -30 -31
leaf_value=-0.049523412291587986 0.0001862320087197673 0.046016004743369261 0.0098825089181138765 -0.01801319648296645 0.018812907176219119 0.18621631371315972 -0.0053105987461758023 0.032862915421867332 -0.0010534711160863238 0.032672596903113568 -0.015902708318979473 0.029017044527221921 0.0073075118620449164 0.03095749183920006 0.011048399754830454 -0.0094606741632452338 0.039324687640588059 -0.046338681526246539 0.0040537498724581515 0.0050979415320448994 -0.029126332420705281 3.5895497595096957e-05 -0.030889794206312028 -0.01271243969767818 0.27071380237737752 0.038220871190910853 -0.05441209202983241 -0.029718301854986917 -0.053928261730903516 0.073718668522737965
leaf_weight=76.691819134823163 8.7878243690356594 35.233041908533778 13.797681248979641 34.766711628595658 84.913570733828237 0.5796893086626359 882.33812108396887 140.80726515606511 388.51032256416511 25.952112277038395 54.412999153755663 54.630926144192927 846.65508378404775 12.674778307322411 2.8480949942022535 585.59989724430488 24.388096814975142 1.8088580529438321 238.47553341044113 144.52979171928018 83.763715841858357 454.90394412877504 17.652588587719947 19.384612551573809 0.16143932337581546 13.644922203966415 11.445157494628802 21.381175942718983 3.1747775077819815 2.7828883379697791
leaf_count=585463 73 13415 175 8904 3476 159 17828 4822 9116 672 127064 1507 18585 880 19 10973 276 22 3021 2326 4249 2485 88 22796 7 221 85 181 19 18
internal_value=-1.96411e-05 0.0168244 -0.000356446 0.00124467 -0.00526903 -0.0345933 0.00318889 0.000264489 0.00796885 -0.00422532 -0.0137721 0.00767945 0.00862342 -0.00425102 -0.00476171 -0.00428863 -0.0028979 -0.0165082 0.00732614 -0.00657878 -0.0236095 0.00142512 -0.00111935 0.0129537 -0.0166787 0.0283232 -0.0413683 -0.0166037 0.00241275 0.0178716
internal_weight=4286.7 84.0345 4202.66 3082.36 708.539 131.685 2373.82 1437.61 529.318 908.29 54.9927 936.214 901.286 48.8014 1120.3 1106.01 992.993 113.015 262.864 730.13 97.5614 576.855 472.557 104.298 34.9282 15.4538 14.2933 36.1267 14.7455 11.5707
internal_count=838925 14586 824339 802972 741531 712686 61441 32438 13938 18500 127223 29003 20092 1171 21367 21263 16596 4667 3297 13299 4424 28845 2573 26272 8911 243 104 291 110 91
is_linear=0
shrinkage=0.05


Tree=158
num_leaves=31
num_cat=0
split_feature=6 6 0 1 2 13 1 23 14 0 0 2 7 0 1 11 12 6 7 11 2 0 18 0 2 14 11 11 0 7
split_gain=10.3067 18.2303 14.9027 13.832 13.1173 11.2614 10.5781 9.81262 19.2467 13.1005 9.26201 9.79633 39.2494 36.5885 30.941 16.9777 16.5809 11.101 8.91853 8.84984 8.76791 15.7805 8.31713 8.22702 8.1478 7.80653 9.66089 7.5447 7.12168 7.01609
threshold=0.58571428571428574 0.5634920634920636 0.19538706256627789 0.84177629469921567 0.93419913419913414 0.9979423868312759 0.95302231237322521 1.0000000180025095e-35 0.4188596491228071 0.49590163934426235 0.91341829085457282 0.89009661835748799 0.78888888888888908 0.30860805860805868 0.74455569281554135 0.67439777150598046 0.48662948662948668 0.6515151515151516 0.42261904761904767 0.60312567630290348 0.89512961508248245 0.097800095648015326 1.0000000180025095e-35 0.81302966101694929 0.8166139695314748 0.88348416289592768 0.77165036922408914 0.81385202075554652 0.76043478260869579 0.42261904761904767
decision_type=2 2 2 2 2 2 2 2 2 2 2 2 2 2 2 2 2 2 2 2 2 2 2 2 2 2 2 2 2 2
left_child=1 2 3 19 18 10 7 9 -9 -4 11 13 16 15 -15 -2 -13 -14 -3 -1 -5 -22 -7 -6 -20 26 -24 -28 -26 -27
right_child=5 4 6 20 23 22 -8 8 -10 -11 -12 12 17 14 -16 -17 -18 -19 24 -21 21 -23 25 -25 28 29 27 -29 -30 -31
leaf_value=0.25885146257089237 0.0081703005411382871 0.057324649246097426 -0.0084917175587640673 0.030995144190169629 -0.06060758818505501 0.024475441698663478 0.047347265000594004 -0.036929754549012657 0.0011224667549906695 0.0036132253101812707 0.050180526522690866 -0.0099248298092759479 -0.0073689639677160679 -0.012602000479310711 0.012859892128038137 -0.023425711707608328 0.038273043093047687 0.0026147341045090026 -0.05326068999610948 0.062576926452592399 0.026886233784616576 -0.014107129437625552 0.055312968868074922 -0.21503960480233475 -0.00152407898097728 -0.054634154204982369 -0.098909602449791134 -0.01422610781742035 -0.10031015004209121 0.038497174493397616
leaf_weight=0.6269436362599653 51.500997783601633 3.7285509363573501 502.68218356011857 34.11931179225212 14.701696404663377 86.807444375415798 9.7516561853699368 65.609746686008293 67.33475231990451 402.4654723729509 9.5269830194447405 21.602417549525853 336.32917601295048 182.24613825108099 345.52808712433034 243.70444753227639 102.56153478863416 1617.4582369773416 14.960445294564122 6.8410823438171064 38.082001814094838 61.212501383182826 2.3955182060599354 0.91613909939769733 27.761525470210476 2.5259406564291558 5.183599084033629 5.3393995951628312 1.9527798647177395 10.1423633468803
leaf_count=134 5642 132 20888 1386 465 15797 252 632878 720 84790 559 1050 6443 8331 8680 3706 1649 38259 638 221 1842 1671 89 12 739 54 106 254 60 1478
internal_value=-1.91185e-05 -0.00383248 -0.00243272 0.0128353 -0.029823 0.00156124 -0.00448549 -0.0049724 -0.0176568 -0.00310937 0.000961516 0.000799876 0.00262844 -0.00381709 0.00406763 -0.0179135 0.0298874 0.000896119 -0.016967 0.0790542 0.0091286 0.00161488 0.0170911 -0.0696665 -0.0231674 -0.00796166 -0.0353108 -0.055941 -0.00801615 0.0199277
internal_weight=4275.6 1252.75 1188.73 140.882 64.0211 3022.85 1047.84 1038.09 132.944 905.148 2910.46 2900.93 2077.95 822.98 527.774 295.205 124.164 1953.79 48.4033 7.46803 133.414 99.2945 112.394 15.6178 44.6748 25.5868 12.9185 10.523 29.7143 12.6683
internal_count=838925 746828 744782 5254 2046 92097 739528 739276 633598 105678 74319 73760 47401 26359 17011 9348 2699 44702 1569 355 4899 3513 17778 477 1437 1981 449 360 799 1532
is_linear=0
shrinkage=0.05


Tree=159
num_leaves=31
num_cat=0
split_feature=0 13 3 0 1 14 12 1 0 1 9 0 1 2 9 4 1 1 7 3 9 12 2 2 17 3 0 1 15 14
split_gain=9.37199 14.7015 12.0052 9.80499 42.2247 20.0479 34.2677 17.476 37.1255 18.741 36.801 33.2968 12.3581 10.1711 11.1279 9.78767 9.647 8.78944 8.54932 13.5217 8.6347 7.5182 7.46862 10.3148 7.08181 6.1856 6.16458 5.80072 5.70234 10.6557
threshold=0.059714795008912663 0.73300330033003303 0.98610843141038018 0.52041666666666686 0.70719487484193377 0.13423423423423428 0.22660960902548141 0.82769517838483375 0.20881782945736438 0.92284702886618086 0.036375661375661381 0.267479674796748 0.43519114352447691 0.65345368916797508 0.3465463108320252 0.81164657390364325 0.97789987789987798 0.60328396145093077 0.64583333333333337 0.97726098191214483 0.096006144393241177 0.38696402495685656 0.37573529411764711 0.37248718959400873 0.36666666666666675 0.89725545390570038 0.96225071225071235 0.53585290371004668 1.0000000180025095e-35 0.13100686498855837
decision_type=2 2 2 2 2 2 2 2 2 2 2 2 2 2 2 2 2 2 2 2 2 2 2 2 2 2 2 2 2 2
left_child=1 16 18 4 17 6 22 8 25 10 -9 -11 21 -14 -15 -10 -1 -2 20 -20 -3 -7 23 -5 -18 -6 -23 -24 -8 -30
right_child=3 2 -4 5 7 12 28 9 15 11 -12 -13 13 14 -16 -17 24 -19 19 -21 -22 26 27 -25 -26 -27 -28 -29 29 -31
leaf_value=0.022773026707637537 0.038505953292927428 0.018417871079196305 0.036550065926719277 0.060063722510125754 -0.016129057957245719 0.12580585985444279 -0.051391024420651833 -0.018408060713769058 -0.0083799057377316275 -0.0028464086046994059 0.00098685572555852279 0.014220117392424139 -0.00031345343679685953 0.011191470594077449 0.031814706667603512 0.009558148073822114 -0.0079059895926689213 -0.041514318798674066 -0.018107115709321577 -0.36790801687062508 -0.18729253127827078 -0.0053133710991047356 0.0083452339451433113 0.43593710297548899 -0.13850584419006987 0.050646317556543544 0.047805961321425866 -0.013105025898372031 -0.0047725604626836929 0.57989398677535642
leaf_weight=32.673862539115362 3.5945919027581104 3.8619356832932672 60.032090480264742 1.7256626866692375 3.7091601723041085 1.1243942926739681 45.734616260706389 448.01206010911847 125.16654620039117 1315.4471155457286 538.63791462377776 365.1194719519699 143.96638531692952 350.98652257287904 80.391026366152801 193.76809278452492 74.95011128927581 75.697026165318675 0.67068769771140047 0.46977466403041035 0.58776039420627046 197.27739858055065 89.250991126478766 0.20411287488605001 1.0525812233099703 53.358898513979511 5.6173578090529181 48.724148977864388 5.0359833335132853 0.079155125669785664
leaf_count=670 1927 281 10427 3710 899 140 598048 14536 27862 30482 42130 8105 10799 8946 1700 5729 2617 34484 36 17 6 6669 8657 197 19 1457 450 12186 5693 46
internal_value=-1.8113e-05 0.0113368 0.030024 -0.0005017 -0.00186582 0.00388899 -0.0106396 -0.00092729 0.00916426 -0.00234992 -0.00781987 0.000861461 0.00744497 0.0111943 0.0150348 0.00251832 5.28108e-05 -0.0378867 -0.0400584 -0.162196 -0.00875442 -0.00312818 0.00213659 0.09982 -0.0097147 0.0463062 -0.00384271 0.00077035 -0.0457914 0.00427497
internal_weight=4266.93 174.299 65.6222 4092.63 3122.51 970.118 190.755 3043.22 376.003 2667.22 986.65 1680.57 779.363 575.344 431.378 318.935 108.677 79.2916 5.59016 1.14046 4.4497 204.019 139.905 1.92978 76.0027 57.0681 202.895 137.975 50.8498 5.11514
internal_count=838925 14073 10767 824852 167611 657241 628537 131200 35947 95253 56666 38587 28704 21445 10646 33591 3306 36411 340 53 287 7259 24750 3907 2636 2356 7119 20843 603787 5739
is_linear=0
shrinkage=0.05


Tree=160
num_leaves=31
num_cat=0
split_feature=6 13 6 0 1 1 6 1 0 0 6 10 14 8 1 14 17 10 12 0 14 18 7 14 17 11 9 1 11 11
split_gain=9.02328 27.125 18.0473 15.1568 10.631 10.274 15.2694 21.063 17.4007 10.1659 15.819 7.16771 5.60581 5.42697 5.21187 6.12003 9.80816 5.08654 7.87475 4.84678 4.81145 4.57011 3.91473 4.92004 3.8073 6.38197 3.17549 4.14096 3.04375 2.8003
threshold=0.95000000000000007 0.73300330033003303 0.86607142857142871 0.043961352657004842 0.98903903903903923 0.97336652441915616 0.76388888888888895 0.84708196726872453 0.12632978723404256 0.079473684210526321 0.6515151515151516 0.75874296894106152 0.098387096774193564 1.0000000180025095e-35 0.97336652441915616 0.37171052631578955 0.18333333333333338 0.85665362035225057 0.79431909750201468 0.097800095648015326 0.13840996168582378 1.0000000180025095e-35 0.64583333333333337 0.65108695652173931 0.63333333333333341 0.67014415370526115 0.58898944193061853 0.34266820136385362 0.645706733468 0.74867953249736208
decision_type=2 2 2 2 2 2 2 2 2 2 2 2 2 2 2 2 2 2 2 2 2 2 2 2 2 2 2 2 2 2
left_child=2 14 3 4 12 6 8 -8 -5 10 -7 -11 21 -14 26 19 -17 20 -19 28 -3 -1 -6 -24 -20 -26 27 -2 -16 -4
right_child=1 17 29 5 22 9 7 -9 -10 11 -12 -13 13 -15 15 16 -18 18 24 -21 -22 -23 23 -25 25 -27 -28 -29 -30 -31
leaf_value=0.018858603578586361 -0.11015061761623546 -0.21731021887395552 -0.090435444814656707 -0.017137555692598408 0.051022951307993447 0.013337445231894946 0.006377257586790289 -0.015507421568683753 0.00074980324022633476 0.021277659982404787 -0.049274882052004428 -0.0024556013487886746 -0.099528570302649055 0.052112870769527336 -0.003658253794424712 0.050505930912070798 -0.31912173165766106 -0.28871291206153099 0.050520469009474912 -0.072744856595076873 0.038513080167560103 -0.081113236078379558 -0.026551634238451451 -0.14772203098962203 0.050548649030501228 -0.50592697489462346 0.10048057922294223 0.0059276900432472888 -0.040342769994028443 -0.042201348492043544
leaf_weight=11.165942749008533 0.7730060676112761 0.18429854325950046 4.3597485319478428 142.3348748103017 0.93949535745195945 24.786056494282093 154.64883019904664 380.35884019886726 3036.156455149041 127.89389749662951 17.011469208402559 42.346588328713551 0.60283751040697353 27.735638163809199 68.559275351231918 0.32296754606068034 0.40394409047439694 0.29454424791037936 0.85195358190685488 2.8836776030948377 67.399359880189877 1.2735569756478078 2.8375723579665646 1.1886970855994148 0.12075303238816559 0.089868420851416886 0.88094063446624105 126.59930502186762 6.1626225473592049 9.7130296851973963
leaf_count=254 36 9 97 3537 78 1155 2438 5242 792741 2794 315 834 6 1543 2190 52 20 23 138 105 20880 32 68 59 21 28 34 3758 315 123
internal_value=-1.72314e-05 0.0087337 -0.000622225 -0.000421931 0.028193 -0.000755377 -0.00136661 -0.00918146 -5.12041e-05 0.00994935 -0.0121456 0.0153741 0.0366045 0.048887 -0.000329069 -0.0104911 -0.154896 0.0358909 -0.0599509 -0.00913848 0.0378155 0.00862348 -0.0408805 -0.0623254 0.00346153 -0.18689 0.00587753 0.00522323 -0.00668378 -0.0571443
internal_weight=4260.88 275.527 3985.35 3971.28 45.7437 3925.54 3713.5 535.008 3178.49 212.038 41.7975 170.24 40.778 28.3385 206.586 78.3325 0.726912 68.9408 1.35712 77.6056 67.5837 12.4395 4.96576 4.02627 1.06258 0.210621 128.253 127.372 74.7219 14.0728
internal_count=838925 27609 811316 811096 2040 809056 803958 7680 796278 5098 1470 3628 1835 1549 6510 2682 72 21099 210 2610 20889 286 205 127 187 49 3828 3794 2505 220
is_linear=0
shrinkage=0.05


Tree=161
num_leaves=31
num_cat=0
split_feature=6 6 0 9 9 13 9 4 0 4 0 14 0 0 9 6 4 3 0 0 7 2 13 13 3 6 18 14 0 6
split_gain=9.1034 16.743 13.3612 12.4973 12.3143 10.1094 9.56387 18.915 13.7719 19.6484 10.1058 9.36631 8.42667 8.3795 8.33492 39.3785 34.8275 20.6743 19.6141 21.8567 15.9742 33.5081 20.4574 13.5944 11.2859 10.3316 29.7333 15.7824 8.95118 8.15069
threshold=0.58571428571428574 0.5634920634920636 0.19538706256627789 0.19098277608915909 0.11834733893557424 0.9979423868312759 0.14119601328903655 0.8348012254901408 0.46737588652482276 0.57739470467585774 0.25227272727272732 0.81101190476190488 0.19538706256627789 0.079473684210526321 0.18301435406698566 0.72077922077922085 0.9091524368313596 0.99350649350649356 0.29758481886141469 0.13921188630490958 0.78888888888888908 0.86391694725028068 0.50675799086758 0.68989800874210794 0.99350649350649356 0.6515151515151516 1.0000000180025095e-35 0.22474747474747478 0.91913687881429829 0.43650793650793657
decision_type=2 2 2 2 2 2 2 2 2 2 2 2 2 2 2 2 2 2 2 2 2 2 2 2 2 2 2 2 2 2
left_child=1 2 3 13 12 14 8 10 9 -4 -8 -9 -3 -1 20 18 17 -17 19 -16 21 24 -23 -18 -2 26 -22 -27 -20 -10
right_child=5 4 6 -5 -6 -7 7 11 29 -11 -12 -13 -14 -15 15 16 23 -19 28 -21 25 22 -24 -25 -26 27 -28 -29 -30 -31
leaf_value=0.02813405253678446 -0.015505995936069751 0.0040657536457795523 0.034955037893931111 0.042659766373946667 -0.012742232501330025 0.01635780089767291 0.031229120641387494 0.022346621085326798 -0.011058898450245776 -0.020811142062837143 -0.0060956287074060943 -0.021153478526132641 -0.074488057598163057 -0.0031441212748264096 0.048377523386587698 0.092947619154964453 -0.0029707264693975086 -0.024081798417795276 0.011081462737331212 -0.020165016588104191 -0.012843215642676773 -0.013805275659112839 0.040767903945367757 0.065945928333353124 0.071275206168969624 -0.0053755883679155771 0.030339726767562376 0.0058081152211610729 0.09429830169542866 0.0099618775665983594
leaf_weight=28.82166304445127 69.282776099542389 4.242287464032418 16.893568463543488 27.228675321523042 41.781147433910519 109.90151335217524 18.889219192849851 108.98932789411629 83.034774867661326 242.94833767204545 454.17975413661043 13.959445676649919 17.485250850615557 83.300660942884861 13.165330243878996 3.8252738428709554 12.963581216637978 280.57599874959851 335.93730621218856 99.773599213760463 287.99044866592158 20.556284486374352 104.31871378910728 15.971914870664476 3.9606729299121062 431.66920189652592 46.265818950196262 1171.7789457326871 3.2628397928492623 103.71263633885246
leaf_count=1516 5853 147 9839 998 1256 17778 1070 3466 152873 18479 547590 377 643 2740 363 52 431 5536 10811 3166 5554 1069 1739 391 113 14366 886 23842 147 5834
internal_value=-1.45701e-05 -0.00360992 -0.00226611 0.012275 -0.0286194 0.00147251 -0.00420962 -6.4369e-05 -0.00974188 -0.0171855 -0.00460528 0.0174077 -0.0591505 0.00489611 0.000908649 -0.00356788 -0.0171906 -0.0225077 0.00587281 -0.012175 0.00251303 0.0160362 0.0317843 0.0350701 -0.0108133 0.00113037 -0.00686608 0.00279732 0.0118819 0.000615267
internal_weight=4256.67 1245.47 1181.96 139.351 63.5087 3011.2 1042.61 596.018 446.589 259.842 473.069 122.949 21.7275 112.122 2901.3 765.476 313.337 284.401 452.139 112.939 2135.82 198.118 124.875 28.9355 73.2434 1937.7 334.256 1603.45 339.2 186.747
internal_count=838925 746828 744782 5254 2046 92097 739528 552503 187025 28318 548660 3843 790 4256 74319 20897 6410 5588 14487 3529 53422 8774 2808 822 5966 44648 6440 38208 10958 158707
is_linear=0
shrinkage=0.05


Tree=162
num_leaves=31
num_cat=0
split_feature=14 3 17 14 12 13 10 12 14 0 14 2 8 3 14 12 10 13 17 13 14 14 1 10 17 14 4 1 10 12
split_gain=8.33757 19.5672 11.269 12.6992 24.3785 21.8467 14.9661 14.7294 48.6344 13.494 11.8106 11.7847 7.73405 7.50201 6.97959 12.1593 20.3017 13.1516 15.3307 10.9937 8.49638 7.99138 7.83441 7.52343 9.21224 6.62714 5.74163 5.1694 4.52353 4.06443
threshold=0.95119047619047625 0.97182539682539704 0.55000000000000016 0.35504201680672276 0.71892556179775291 0.91577525053484987 0.53883861236802422 0.22660960902548141 0.049390243902439034 0.043961352657004842 0.61721611721611735 0.69028213166144214 1.0000000180025095e-35 0.98076211616722175 0.44949494949494956 0.92068331397599701 0.30571895424836609 0.9455954897815364 0.63333333333333341 0.92356377799415779 0.54772727272727284 0.81534090909090928 0.93896677559912867 0.20603395997574289 0.63333333333333341 0.44097222222222227 0.86107775762885541 0.98903903903903923 0.11791443850267382 0.59316189362945659
decision_type=2 2 2 2 2 2 2 2 2 2 2 2 2 2 2 2 2 2 2 2 2 2 2 2 2 2 2 2 2 2
left_child=2 12 3 5 6 7 11 26 -9 13 -11 -5 -2 -6 19 16 21 18 -17 23 -18 -16 -19 24 -4 -21 -1 -25 -7 -8
right_child=1 -3 14 4 9 28 29 8 -10 10 -12 -13 -14 -15 15 17 20 22 -20 25 -22 -23 -24 27 -26 -27 -28 -29 -30 -31
leaf_value=0.01226272419020405 -0.016004636591950751 0.04568628015381989 -0.030365089141615842 -0.03349203464198993 -0.093450790391875149 -0.051837850629529308 0.058442783001669142 -0.048791400619502878 -0.0039790612398153107 -0.0025124682588746044 0.0057538101337791872 0.016099736274770762 0.030011916102767662 0.046394989635339223 -0.0068019679056457606 0.013362533580713218 0.0011873846920279791 -0.0086951004870095359 -0.035760390521099909 0.037386191501297149 0.027383204945454199 0.023114101211664885 0.0058951413429735042 -0.027980729375766122 0.052727795189219641 -0.060365522165892499 -0.00069143454893161966 -0.17701310812330395 0.058195425597663719 0.031780291218163219
leaf_weight=104.43499639628862 36.094078257679939 32.775018052721862 6.6178772160783392 13.725991003797388 1.0033330838196004 0.98920186120085674 20.266708017210476 69.775090393613937 457.76865862227714 908.25636787549593 824.25249251717469 94.149870000546798 12.223205790738573 21.704176441126037 278.57696424343158 20.210227194940671 46.414869447122328 343.59427788935136 74.182163623860106 12.42216623877175 92.922192227328196 24.267616107012145 125.65465626923833 77.911960087360058 6.7254996346309781 2.015143700875341 472.71649932212313 0.58623822662047942 16.752396470983513 48.496658088988625
leaf_count=28158 291 13415 78 208 75 16 377 583908 153612 10852 16187 1954 880 4053 4751 317 481 4752 886 198 1400 713 3480 4185 89 19 2687 18 285 600
internal_value=-1.35608e-05 0.0158651 -0.000322614 0.00124648 0.003704 -0.00298322 0.0214095 -0.00386723 -0.00990612 0.00192217 0.00142027 0.00978974 -0.00436347 0.0402159 -0.004632 -0.00334441 0.00286234 -0.00821366 -0.0252427 -0.0168177 0.0186571 -0.00440473 -0.00478815 -0.0231936 0.0115165 0.0237421 0.00165261 -0.0290937 0.0520604 0.0396386
internal_weight=4247.49 81.0923 4166.39 3054.29 1931.86 1122.44 176.639 1104.7 527.544 1755.22 1732.51 107.876 48.3173 22.7075 1112.1 1005.82 442.182 563.641 94.3924 106.279 139.337 302.845 469.249 91.8416 13.3434 14.4373 577.151 78.4982 17.7416 68.7634
internal_count=838925 14586 824339 802972 34306 768666 3139 768365 737520 31167 27039 2162 1171 4128 21367 16780 7345 9435 1203 4587 1881 5464 8232 4370 167 217 30845 4203 301 977
is_linear=0
shrinkage=0.05


Tree=163
num_leaves=31
num_cat=0
split_feature=2 4 0 2 1 17 0 0 1 0 1 0 0 1 0 1 2 5 2 1 5 11 1 1 14 10 13 14 3 1
split_gain=7.82625 23.9249 15.4531 14.8211 14.0131 16.1528 16.423 14.5615 12.9576 34.3116 16.9032 37.3607 54.9214 36.6128 32.8495 56.5807 36.4138 10.0751 8.93753 8.57966 9.27866 8.40314 8.00193 7.39062 7.13056 7.24553 7.16838 7.10561 6.25999 10.5266
threshold=0.72595520421607385 0.57227843880603335 0.059714795008912663 0.9457002457002458 0.73838232398952042 1.0000000180025095e-35 0.56787469287469305 0.536811201445348 0.83674369460915932 0.20881782945736438 0.94395499108734415 0.27842377260981915 0.18274582560296851 0.91731416549789635 0.19538706256627789 0.96168010752688182 0.89512961508248245 0.77924891806830221 0.79784946236559151 0.92840996168582379 0.5963828510317023 1.0000000180025095e-35 0.31169389728711766 1.0000000180025095e-35 0.81534090909090928 0.060737812911725968 0.62782210151077933 0.63961038961038974 0.50316455696202544 0.8661951447245565
decision_type=2 2 2 2 2 2 2 2 2 2 2 2 2 2 2 2 2 2 2 2 2 2 2 2 2 2 2 2 2 2
left_child=4 2 -2 -4 5 -1 24 17 9 18 11 12 -10 -13 15 -12 -16 19 21 20 -6 -3 23 -11 26 -26 -7 -24 29 -9
right_child=1 8 3 -5 7 6 -8 28 10 22 14 13 -14 -15 16 -17 -18 -19 -20 -21 -22 -23 27 -25 25 -27 -28 -29 -30 -31
leaf_value=-0.039129024244714559 0.84321842474794151 0.37561817584790663 0.045705852902413302 -0.33623526049499231 -0.00071753576033583774 0.077526019165198565 0.00031361122918934533 0.10519083908764662 0.007012063313862095 0.18020463101203091 -0.027603025091429145 -0.0074343311361832077 -0.028559356644226749 0.012698749027723243 -0.016295406931728765 0.004024037525793266 0.024874348715033984 0.048250621080478957 0.045213832796537491 0.02043000383962915 -0.021699831740893991 -0.056386700000630299 -0.00062173990139250193 -0.074653912264002253 -0.03246318302661217 0.045376008868802352 -0.048672272275146998 0.0083986107169879472 0.020029295166505423 0.79298584325007981
leaf_weight=51.992249376440668 0.060386988101529648 0.11683754669502322 31.311262112485569 0.25607339888665492 129.13188803747471 1.1631036827930064 150.36593942972286 0.95125555997583322 165.01136718997441 0.30239703936967899 174.22771994990762 555.13016360338952 316.92128894975758 380.65920806466602 67.537066194228828 750.83324887423078 262.32366465723317 8.8777535747794882 60.489022847366869 27.348643736011581 89.005234412688878 3.0783826632978162 504.46096433034836 4.7959252086911874 7.2810045068035816 5.0723099950700998 34.587786221207352 384.89573955995729 67.627930732473033 0.059085439603222767
leaf_count=574751 3 4 7461 18 42517 5318 41631 1544 5261 32 4988 19629 6969 7926 1581 26761 6336 252 1798 828 5113 302 39580 490 519 144 652 11409 25089 19
internal_value=-1.32314e-05 0.000837211 0.0441362 0.0426076 -0.00544455 -0.0143205 -0.00782154 0.00143805 0.000460034 0.00544874 -0.00132841 -0.00506949 -0.0163799 0.000755378 0.00289799 -0.00193266 0.0164451 -0.00407671 0.0409088 -0.00596907 -0.00927882 -0.0405899 0.00292402 -0.0595375 -0.0332507 -0.000502165 -0.0445666 0.00328209 0.0218749 0.145414
internal_weight=4235.87 3662.41 31.6277 31.5673 573.464 250.462 198.47 323.002 3630.78 958.139 2672.64 1417.72 481.933 935.789 1254.92 925.061 329.861 254.364 63.6842 245.486 218.137 3.19522 894.455 5.09832 48.1042 12.3533 35.7509 889.357 68.6383 1.01034
internal_count=838925 140548 7482 7479 698377 623015 48264 75362 133066 53615 79451 39785 12230 27555 39666 31749 7917 48710 2104 48458 47630 306 51511 522 6633 663 5970 50989 26652 1563
is_linear=0
shrinkage=0.05


Tree=164
num_leaves=31
num_cat=0
split_feature=6 12 6 0 1 1 6 0 10 0 11 8 4 12 8 15 0 12 1 2 4 1 11 16 1 7 4 18 0 10
split_gain=8.37321 24.1129 16.6417 13.5771 9.89512 8.63713 11.164 16.97 9.38972 9.31099 7.90869 7.49333 5.3743 4.77051 4.79447 4.54559 3.92678 6.89505 3.91854 4.88318 4.05394 3.64213 3.55034 17.438 11.246 3.4445 4.99474 3.33956 3.31794 3.14947
threshold=0.95000000000000007 0.64425612052730707 0.86607142857142871 0.043961352657004842 0.98903903903903923 0.96927447552447565 0.80909090909090919 0.13921188630490958 0.72691761363636376 0.15184453227931491 0.67286282859478963 1.0000000180025095e-35 0.82300358116475347 0.44908872639965086 1.0000000180025095e-35 1.0000000180025095e-35 0.90661337209302328 0.34382070135746612 0.88283236087583938 0.99333333333333351 0.9091524368313596 0.34266820136385362 0.9201073044602458 1.0000000180025095e-35 0.97789987789987798 0.64583333333333337 0.92711935210895169 1.0000000180025095e-35 1.0000000180025095e-35 0.85665362035225057
decision_type=2 2 2 2 2 2 2 2 2 2 2 2 2 2 2 2 2 2 2 2 2 2 2 2 2 2 2 2 2 2
left_child=2 12 3 4 13 6 9 -8 11 -5 -10 -7 16 27 -15 22 -2 -18 21 20 -20 -14 29 24 -24 -6 -27 -1 -21 -3
right_child=1 15 -4 5 25 8 7 -9 10 -11 -12 -13 18 14 -16 -17 17 -19 19 28 -22 -23 23 -25 -26 26 -28 -29 -30 -31
leaf_value=0.019670057793080006 0.047159752572386006 0.034799880753473747 -0.055100639301782953 -0.010902224350358416 0.050703900520477421 -0.078726658864402915 0.034814244456750715 -0.022574125071037485 0.0014007947993180455 -0.00023234926634063864 -0.032430114372847249 0.012724509435021396 -0.096708194838648717 -0.087153675406513975 0.051041608245039977 0.05013557535557011 -0.2448820837639327 0.042868269821887073 -0.073011616471662238 -0.01604433591308459 -0.010323702709225981 0.010468281141632108 0.040643923518157009 -0.48712791311689507 -0.11541723503906398 -0.16276224521019061 -0.029255137732424968 -0.060619431340153199 0.0016581301894885222 -0.03572437133816278
leaf_weight=11.247617627726864 8.6375054907402919 27.969974708335943 13.955303842842111 218.40249975590996 0.88188177917618205 2.2602656800299874 14.546749176923184 112.54052967758616 75.234793312847614 3203.7911356221448 22.423792611109093 249.07582962448942 0.80341153347398986 0.64323372021317737 25.849925030779559 28.359351559600327 0.3290282394737013 0.56682539579924196 4.7878157813684066 37.575461813481525 5.5901653982000425 59.324318364931969 4.9303096377407192 0.18587659538025025 1.5072916997014543 0.89405984361655999 3.2368679982610047 1.4636595362098894 89.552652474027127 1.6780449483776454
leaf_count=257 533 4120 220 5253 78 19 180 1533 1940 794113 229 5789 34 6 1535 15359 8 41 99 1720 197 1893 571 17 282 34 93 37 2527 208
internal_value=-1.29315e-05 0.00847624 -0.000596116 -0.000403186 0.0271473 -0.000715684 -0.00145369 -0.0160053 0.00678981 -0.000913295 -0.00636726 0.0119021 0.000158011 0.0356051 0.0476863 0.0351394 0.0368252 -0.0628164 -0.00161072 -0.00626635 -0.0392444 0.00903622 0.0234145 -0.00968162 0.00410396 -0.039 -0.0581502 0.010425 -0.00357422 0.0308083
internal_weight=4228.25 271.798 3956.45 3942.49 44.2172 3898.28 3549.28 127.087 348.995 3422.19 97.6586 251.336 207.167 39.2044 26.4932 64.6308 9.53336 0.895854 197.634 137.506 10.378 60.1277 36.2715 6.62348 6.4376 5.01281 4.13093 12.7113 127.128 29.648
internal_count=838925 27609 811316 811096 2040 809056 801079 1713 7977 799366 2169 5808 7052 1835 1541 20557 582 49 6470 4543 296 1927 5198 870 853 205 127 294 4247 4328
is_linear=0
shrinkage=0.05


Tree=165
num_leaves=31
num_cat=0
split_feature=6 13 6 0 14 10 17 0 6 13 2 8 14 15 17 10 10 14 14 5 17 13 10 14 0 14 14 10 13 18
split_gain=7.65115 23.2172 15.1966 12.5375 7.19137 51.4643 19.3091 17.3645 9.1683 7.94022 6.76998 4.90704 5.44773 4.89986 4.80702 7.12662 5.41952 6.01982 5.6519 4.28294 3.74036 10.8687 11.4608 3.40919 8.57534 5.03691 3.40438 2.39976 8.35531 2.17979
threshold=0.95000000000000007 0.73300330033003303 0.86607142857142871 0.043961352657004842 0.11651583710407241 0.93969696969696981 0.22500000000000003 0.51564027370478993 0.61250000000000016 0.48220618034447826 0.53093112244897966 1.0000000180025095e-35 0.098387096774193564 1.0000000180025095e-35 0.18333333333333338 0.60075187969924826 0.67755265262596642 0.22902097902097904 0.21807065217391305 0.86000040733559502 0.55000000000000016 0.96315687415163864 0.11791443850267382 0.37171052631578955 0.059714795008912663 0.27888888888888896 0.11651583710407241 0.85665362035225057 0.84877072612921667 1.0000000180025095e-35
decision_type=2 2 2 2 2 2 2 2 2 2 2 2 2 2 2 2 2 2 2 2 2 2 2 2 2 2 2 2 2 2
left_child=2 14 3 11 5 9 10 -8 -7 -5 -6 -1 29 20 15 -2 17 -17 -18 -16 27 22 -22 25 -25 -21 -14 -3 -29 -13
right_child=1 13 -4 4 6 8 7 -9 -10 -11 -12 12 26 -15 19 16 18 -19 -20 23 21 -23 -24 24 -26 -27 -28 28 -30 -31
leaf_value=-0.081832225615885448 0.051368951251108699 0.037190417133163949 -0.052937159481645638 -0.047522473572656605 -0.014973087667675919 0.010680553740378717 -0.0043838515738575451 0.0054497441275751712 -0.0047891288942397692 -0.0084537903763854446 0.0073601837577857258 0.010055691175549471 0.19842564914151975 0.050127222583827458 0.024736703607390508 -0.090518273205208555 0.00053923820923335974 0.072598785840967781 0.077457368188013548 -0.04288743506786756 -0.17778708538558075 0.050339486422877999 -0.01111456358015795 -0.29798836069937051 -0.016163909729086812 0.0559321886161388 0.039472500177880135 -0.24647194224605762 0.050544626544013364 -0.053443753033121405
leaf_weight=1.023125116014852 7.1096389861777416 22.409659237368036 13.803306463349143 73.686660018684051 35.338421754171577 158.11140578454797 1933.7058378378169 584.66401539653089 242.94544225820573 15.792384999072963 853.23494589606707 12.11816795438062 0.34090810292400675 28.222353460238082 3.3349885407369593 2.9897043607197697 176.35644205106655 0.69759776047430921 2.4210225485730907 10.54267974232789 1.3112554226536284 5.4436245360411704 4.8326217660214752 0.42900351528078384 0.72789360303431749 1.4691886915825296 28.318299448408652 0.33616459975018986 0.8008755118935369 1.5211446291068575
leaf_count=12 389 3061 220 664079 7654 26911 32298 17737 1074 45087 14216 282 11 15809 63 252 5448 17 46 185 93 1492 492 23 37 50 1701 22 130 34
internal_value=-1.05892e-05 0.00814197 -0.000566039 -0.0003826 -0.000679934 -0.00634012 0.000135027 -0.00210089 0.00130959 -0.0406271 0.00647199 0.0263673 0.0289845 0.0346128 3.78569e-06 0.00225695 0.000343332 -0.0596583 0.00158087 -0.0258778 0.0221506 -0.00110529 -0.0466866 -0.0386959 -0.120671 -0.0308007 0.0413633 0.0335949 -0.037268 0.00297382
internal_weight=4224.04 269.435 3954.6 3940.8 3897.48 490.536 3406.94 2518.37 401.057 89.479 888.573 43.3216 42.2985 63.3566 206.078 189.574 182.465 3.6873 178.777 16.5038 35.1342 11.5875 6.14388 13.1688 1.1569 12.0119 28.6592 23.5467 1.13704 13.6393
internal_count=838925 27609 811316 811096 809056 737151 71905 50035 27985 709166 21870 2040 2028 21099 6510 6152 5763 269 5494 358 5290 2077 585 295 60 235 1712 3213 152 316
is_linear=0
shrinkage=0.05


Tree=166
num_leaves=31
num_cat=0
split_feature=14 3 3 9 0 1 12 14 13 6 25 5 13 9 22 9 3 10 13 1 0 1 0 10 9 0 0 1 0 16
split_gain=7.44136 18.5706 8.18393 10.6289 8.6271 8.47151 7.40506 27.0308 27.4062 20.6417 17.7247 10.3672 7.21076 6.07698 5.21486 4.58832 5.57136 4.48207 7.17188 7.3383 7.0556 3.63305 5.23372 4.62184 3.51002 3.13173 2.90611 2.88446 2.76263 2.47293
threshold=0.95119047619047625 0.97182539682539704 0.59611795446061977 0.52440476190476204 0.94312668463611871 0.75189008964417325 0.82427404196555309 0.39444444444444454 0.90645833333333348 0.95000000000000007 1.0000000180025095e-35 0.58545472538704191 0.57544101704937434 0.52679425837320581 1.0000000180025095e-35 0.91458966565349553 0.21483516483516485 0.36721777318522353 0.86284463023788216 0.6526361457744404 0.58411949685534603 0.34691845977223346 0.9291979949874688 0.40121951219512203 0.3133928571428572 0.91913687881429829 0.73401360544217698 0.36842498270766527 0.96225071225071235 1.0000000180025095e-35
decision_type=2 2 2 2 2 2 2 2 2 2 2 2 2 2 2 2 2 2 2 2 2 2 2 2 2 2 2 2 2 2
left_child=2 14 3 17 6 15 7 8 -4 11 -9 -8 -6 -7 21 16 -5 18 20 -20 -1 -2 23 -23 28 -17 -15 -26 -14 -11
right_child=1 -3 4 5 12 13 9 10 -10 29 -12 -13 24 26 -16 25 -18 -19 19 -21 -22 22 -24 -25 27 -27 -28 -29 -30 -31
leaf_value=0.25262129462092847 -0.106223037025233 0.045404204177251904 -0.003213594042909176 -0.058164882875257798 -0.052593217647801706 0.50304609992922023 0.0056942557014680005 0.013637873416564285 0.047380828533075334 0.035980625370368197 -0.018501709742904934 -0.0040314413478490492 0.0029653920822349192 0.070059755906760585 0.046202700795892018 0.10270021627576083 0.011335251657492555 -0.05003023428966194 0.011761877890940261 -0.057268682481507766 0.022279216998060698 -0.0073902301601764392 0.066985583985236796 -0.07969270078449886 0.01507162452615271 -0.054369265271895367 0.30812562374396218 0.12749270595460818 0.077070804702832951 -0.039927261307006717
leaf_weight=0.44255024113226937 0.95223012566566367 30.941144997457741 1164.4558264790903 4.3348659323801266 1.5566711578521779 0.089692025685507715 319.12566735118162 538.01223694754299 27.395705966628157 38.285903664189391 46.614896860672161 1937.9521329684649 2.6596461180270108 2.2289999372842435 4.6268295194022349 1.545078537019436 8.6129031324544467 20.568776794882069 6.9658388178795567 8.6067891349084658 1.3363026860679381 37.89678192359861 2.2359830494970074 2.3471840834245077 0.72414306200153111 0.3993835707369725 0.13601320136149286 2.6904159382866055 2.3858439723444462 1.1038845683215175
leaf_count=8 8 13415 402947 2722 9477 24 4002 8417 580 12124 1284 24166 84 1061 195 220 52737 303602 54 75 63 896 19 53 53 166 25 87 108 253
internal_value=-9.50918e-06 0.0151916 -0.000299704 -0.0194113 -4.10078e-05 0.013008 -0.000154986 0.002269 -0.00205064 -0.00203011 0.0110752 -0.00265634 0.0463044 0.0990716 -0.00425971 -0.00117792 -0.0119331 -0.0342418 -0.015526 -0.0263904 0.0795847 -0.00963547 -0.00747037 -0.0116072 0.0645018 0.0704389 0.0837511 0.103651 0.0380074 0.0338533
internal_weight=4217.23 79.0002 4138.23 55.2672 4082.96 17.3469 4072.95 1776.48 1191.85 2296.47 584.627 2257.08 10.0167 2.45471 48.059 14.8922 12.9478 37.9203 17.3515 15.5726 1.77885 43.4322 42.4799 40.244 8.46005 1.94446 2.36501 3.41456 5.04549 39.3898
internal_count=838925 14586 824339 360757 463582 56955 453773 413228 403527 40545 9701 28168 9809 1110 1171 55845 55459 303802 200 129 71 976 968 949 332 386 1086 140 192 12377
is_linear=0
shrinkage=0.05


Tree=167
num_leaves=31
num_cat=0
split_feature=6 6 0 0 9 7 9 2 7 0 20 0 2 5 13 6 10 6 5 6 25 0 9 2 0 0 3 8 5 7
split_gain=7.30236 15.2968 12.1604 11.7576 11.3665 9.42067 8.83344 12.9032 13.2054 12.1639 10.4982 8.41315 27.0825 35.7172 16.4795 22.9947 18.0089 13.6026 13.8798 19.6736 13.5863 10.672 12.7476 10.7087 10.2634 11.5759 9.54925 8.98502 11.0328 8.7544
threshold=0.58571428571428574 0.5634920634920636 0.19538706256627789 0.79516317016317017 0.19098277608915909 0.42261904761904767 0.14119601328903655 0.83096903096903107 0.68333333333333346 0.46737588652482276 1.0000000180025095e-35 0.39173060528559256 0.86391694725028068 0.75725577607735761 0.93764952153110059 0.72077922077922085 0.85767590618336897 0.72077922077922085 0.83414615217246746 0.95000000000000007 1.0000000180025095e-35 0.27842377260981915 0.38956639566395673 0.78319623971797891 0.36626016260162603 0.15184453227931491 0.99350649350649356 1.0000000180025095e-35 0.38707482577025604 0.73214285714285732
decision_type=2 2 2 2 2 2 2 2 2 2 2 2 2 2 2 2 2 2 2 2 2 2 2 2 2 2 2 2 2 2
left_child=1 2 4 5 -1 -3 9 -8 -9 10 -4 12 20 27 15 -15 -16 29 19 26 21 22 -2 -23 25 -22 -19 28 -14 -13
right_child=11 3 6 -5 -6 -7 7 8 -10 -11 -12 17 13 14 16 -17 -18 18 -20 -21 24 23 -24 -25 -26 -27 -28 -29 -30 -31
leaf_value=0.0049683003127319325 -0.025919682327037459 0.055735297068966329 -0.019608306530076579 -0.11214854944957359 0.041364026317025647 -0.026965102597148734 -0.0037999459258179417 0.02277505668991283 -0.014125265826710011 0.00064002702444976441 0.01352419209456707 0.018696653292632769 -0.13497432606647958 -0.011749548437896589 0.0098239958058523192 0.0027144353013620788 -0.047922831694652834 0.050579674533335256 0.0048310658899829205 0.0214521564404411 0.040175107389759261 -0.015185948115282795 0.0089799243159269931 0.0089706868584230551 0.034246575909869688 -0.063256013173978429 -0.033233381271455899 0.037781075269693133 0.009671782238571949 0.0052886252492789282
leaf_weight=110.74592265278261 129.22972955483419 3.673249067287542 230.98144845239403 3.8355419397048527 26.605432875563565 55.067728531095781 456.91017092330367 100.87942565109552 31.916167503171891 184.47082006118399 26.668565324751398 205.06916209926567 1.4942192597081874 435.92316708748695 484.25691391536384 743.36659703135956 13.888399641728027 3.5571885676035881 214.39376814858406 24.856994075700641 3.0109895190107663 80.011135938817461 32.808201206527883 107.54127939100727 3.828001062909606 26.632179815263953 76.176804817339871 83.929956807172857 11.196779990918001 299.60235126013868
leaf_count=4256 5456 125 27495 85 998 1836 547995 3578 930 158707 823 10433 53 8651 20883 16674 211 67 8167 3058 159 3850 1014 2203 76 389 1230 2746 269 6508
internal_value=-8.61253e-06 -0.00324703 -0.00195797 -0.0273318 0.0120183 -0.0217936 -0.00381841 0.000187341 0.0139064 -0.00916134 -0.0161789 0.00132961 -0.000311816 0.00229151 0.000588808 -0.00263216 0.008214 0.00562842 -0.00245374 -0.0173863 -0.0123685 -0.00945479 -0.0188535 -0.0013347 -0.0428005 -0.0527501 -0.0294942 0.0318521 -0.00735863 0.0107369
internal_weight=4212.53 1231.75 1169.18 62.5765 137.351 58.741 1031.83 589.706 132.796 442.121 257.65 2980.77 2157.12 1774.06 1677.44 1179.29 498.145 823.656 318.985 104.591 383.062 349.59 162.038 187.552 33.4712 29.6432 79.734 96.621 12.691 504.672
internal_count=838925 746828 744782 2046 5254 1961 739528 552503 4508 187025 28318 92097 62634 49487 46419 25325 21094 29463 12522 4355 13147 12523 6470 6053 624 548 1297 3068 322 16941
is_linear=0
shrinkage=0.05


Tree=168
num_leaves=31
num_cat=0
split_feature=14 3 3 9 4 0 14 1 4 1 0 0 10 13 22 9 3 11 1 4 20 0 9 0 9 5 0 0 1 20
split_gain=6.91336 17.615 7.488 9.83928 8.92152 7.81297 7.35574 7.34578 7.13133 6.88018 42.146 32.5974 6.76478 6.56926 4.81751 4.1621 5.27169 4.09494 3.97411 3.73298 5.57277 3.97604 3.08151 2.9511 2.86953 2.8401 2.78718 2.57826 2.55321 2.14401
threshold=0.95119047619047625 0.97182539682539704 0.59611795446061977 0.52440476190476204 0.55606320930666986 0.94312668463611871 0.4188596491228071 0.75189008964417325 0.10864308278336926 0.94395499108734415 0.15184453227931491 0.19538706256627789 0.43920916481892097 0.57544101704937434 1.0000000180025095e-35 0.91458966565349553 0.21483516483516485 0.89043787753465187 0.6526361457744404 0.56030588821251093 1.0000000180025095e-35 0.83803656597774256 0.3133928571428572 0.89915254237288156 0.52679425837320581 0.42945145574168192 0.91913687881429829 0.96225071225071235 0.36842498270766527 0.099999994039535536
decision_type=2 2 2 2 2 2 2 2 2 2 2 2 2 2 2 2 2 2 2 2 2 2 2 2 2 2 2 2 2 2
left_child=2 14 3 4 17 8 12 15 -4 10 -10 -11 -6 -7 19 16 -5 25 -19 20 23 29 27 -2 -9 -1 -17 -15 -24 -21
right_child=1 -3 5 7 6 13 -8 24 9 11 -12 -13 -14 22 -16 26 -18 18 -20 21 -22 -23 28 -25 -26 -27 -28 -29 -30 -31
leaf_value=-0.049982598438035923 0.012240072778157099 0.045164173006631871 0.10995669511355009 -0.057752680883836033 0.89927480616541766 -0.05254564314864716 0.0681628681594348 0.31708548828886562 0.027200556552418965 -0.0019710720717924456 -0.002865407385892609 0.016264619439702255 -0.05001148983909906 0.0026359054027008787 0.045568141358744763 0.096854757438578909 0.010892147692435185 0.021236733166744237 -0.042338989093603459 -0.01636057769900796 -0.048656141570114823 -0.078880208698273307 0.014292395234673403 0.070189903859238359 0.07891571451574482 0.096526244868944372 -0.0541458709170001 0.074771899901378155 0.1201658951377282 0.077215622962896191
leaf_weight=25.677457801924906 9.9555007526651007 29.536507996352157 1.4700859310178191 4.1385684796823634 0.05250895768403907 1.486784865557637 1.0913090556859968 0.1335865760011069 121.84259181878588 918.61928382454789 2688.003542653536 334.22668287228589 0.029205534505308606 2.6516473511837813 4.4609411202836773 1.5590706715629501 8.6272817757308058 4.9681285507976991 4.8652889891527593 24.288044893299237 3.2110208547674111 2.6088100718334308 0.72090075477535753 2.8190393708646289 2.372999920782604 0.33510244034550751 0.38009984158634313 2.3246011540468317 2.7104433842432627 0.6279456508345892
leaf_count=300049 124 13415 46 2722 1 9477 11 24 4071 27787 414594 7275 741 84 195 220 52737 39 42 771 22 28 53 20 1086 2919 166 108 87 11
internal_value=-7.75632e-06 0.0147868 -0.000285522 -0.0187424 -0.0332645 -3.98378e-05 0.102424 0.0124918 -0.000147875 -0.000187716 -0.00156167 0.00289374 0.559991 0.044337 -0.00391688 -0.000994301 -0.0113619 -0.0377048 -0.0102187 -0.00899037 0.0102272 -0.0201514 0.0614695 0.0250282 0.0916088 -0.0480952 0.0672569 0.0363335 0.0979226 -0.0140022
internal_weight=4205.79 77.5078 4128.29 54.2306 37.019 4074.06 1.17302 17.2116 4064.16 4062.69 2809.85 1252.85 0.0817145 9.89438 47.9713 14.705 12.7659 35.846 9.83342 43.5104 15.9856 27.5248 8.40759 12.7745 2.50659 26.0126 1.93917 4.97625 3.43134 24.916
internal_count=838925 14586 824339 360757 303802 463582 753 56955 453773 453727 418665 35062 742 9809 1171 55845 55459 303049 81 976 166 810 332 144 1110 302968 386 192 140 782
is_linear=0
shrinkage=0.05


Tree=169
num_leaves=31
num_cat=0
split_feature=17 11 10 12 10 12 11 10 13 12 12 13 13 3 1 13 12 10 13 0 15 11 10 11 12 10 6 11 0 22
split_gain=7.08113 18.2925 8.9378 15.2281 8.7114 22.1925 19.1159 12.9482 11.3793 11.3672 9.90155 17.235 11.1665 7.52548 10.3867 7.2235 9.59782 17.2108 10.1049 12.9822 9.42506 10.9022 8.5707 8.50362 8.39954 13.3296 8.27038 7.58492 7.55015 7.35861
threshold=0.55000000000000016 0.96744022847817235 0.098126750700280124 0.95548478414720461 0.1622776622776623 0.92068331397599701 0.95441308243727607 0.13472342264477097 0.93764952153110059 0.92605021128511067 0.93682289884821535 0.9455954897815364 0.93764952153110059 0.87026647966339421 0.7603894886789625 0.93116609634114245 0.92068331397599701 0.22295321637426904 0.96315687415163864 0.85329985652797713 1.0000000180025095e-35 0.94502042062674152 0.71887913223140509 0.74867953249736208 0.90335035496325822 0.19163509180996796 0.95000000000000007 0.96216660739687077 0.88516483516483524 1.0000000180025095e-35
decision_type=2 2 2 2 2 2 2 2 2 2 2 2 2 2 2 2 2 2 2 2 2 2 2 2 2 2 2 2 2 2
left_child=1 4 3 -3 5 -1 10 9 -9 -7 12 -12 -6 14 -5 20 17 27 19 23 29 -22 -19 -18 25 -23 -20 -17 -21 -2
right_child=15 2 -4 13 6 7 -8 8 -10 -11 11 -13 -14 -15 -16 16 18 22 26 28 21 24 -24 -25 -26 -27 -28 -29 -30 -31
leaf_value=-0.026698522116416958 -0.016843328755750165 -0.02017117572229736 0.029990737832846805 0.030562855923182388 -0.00014395787700398975 -0.061501125180466368 0.027509779706924305 0.093995684872032567 0.012365913796168427 0.0074714816732924976 -0.055310447854782008 -0.0055286619159417788 0.0096368206208160469 0.035789447371449665 -0.094806880986905734 -0.010682397374157326 -0.050970852712853766 0.017757802151950795 -0.0011569677936760267 0.12348258550823117 0.019912264357528943 -0.28830440644007477 0.066699762163461199 -0.013240006528683103 -0.010591753820695365 -0.0044990129043610818 0.050205818623088275 0.022749344797368082 -0.008253316691835438 0.002577677756282995
leaf_weight=93.569712350261398 231.40948838086115 31.969537418452092 78.139042884693481 3.9439135063439599 2143.3574190003528 6.9157390401232979 66.599026393436361 7.5959059396991533 9.7485281890840252 43.852104002493434 19.660037200897932 150.34108141635079 337.80964478518581 33.463256140239537 2.8429947546683252 101.92056262370897 16.721127425320446 100.81896485359175 432.2847706337925 2.6301865440327665 40.913053605821915 0.85715105675626435 9.816224100883117 139.65270004817285 2.9450743421912193 0.7997544453246519 7.9820447134843553 20.353868365520611 1.8545444288756696 61.800174816393337
leaf_count=1413 3481 960 3574 34 782104 91 2973 95 246 685 140 2656 7142 1915 35 2175 108 2136 14048 26 1090 28 137 2293 79 24 6007 720 32 2478
internal_value=-7.43113e-06 0.00126948 0.0182711 0.00559086 0.000381693 -0.0108938 0.00105248 0.0108181 0.0481153 -0.00192416 0.000387854 -0.0112858 0.00118769 0.0260529 -0.0219538 -0.00330631 -0.000805562 0.00781137 -0.00414425 -0.0148691 -0.00946387 0.0117051 0.0221002 -0.0172746 -0.0612589 -0.151317 -0.00022576 -0.00511733 0.0690066 -0.0127499
internal_weight=4202.57 3029.81 150.359 72.2197 2879.45 161.682 2717.77 68.1123 17.3444 50.7678 2651.17 170.001 2481.17 40.2502 6.78691 1172.76 834.035 232.91 601.125 160.859 338.725 45.515 110.635 156.374 4.60198 1.65691 440.267 122.274 4.48473 293.21
internal_count=838925 804063 6518 2944 797545 2530 795015 1117 341 776 792042 2796 789246 1984 69 34862 27682 5168 22514 2459 7180 1221 2273 2401 131 52 20055 2895 58 5959
is_linear=0
shrinkage=0.05


Tree=170
num_leaves=31
num_cat=0
split_feature=6 0 2 5 6 0 7 0 4 5 23 12 12 7 2 11 2 4 6 0 6 12 11 11 6 7 5 4 0 4
split_gain=6.83734 14.3969 16.3672 27.3046 19.1016 29.5433 26.1413 18.5312 15.3811 12.5813 11.7688 12.3241 10.4386 9.70891 23.281 16.3632 13.093 14.2617 12.4702 11.1406 9.42476 9.26156 8.72302 8.8251 7.90695 12.197 12.1379 10.7752 19.9972 10.0093
threshold=0.43650793650793657 0.41048534798534803 0.83910792512943055 0.80201512610368486 0.6515151515151516 0.059714795008912663 0.84523809523809534 0.13921188630490958 0.9091524368313596 0.5963828510317023 1.0000000180025095e-35 0.61369648869648874 0.48394461629105917 0.68333333333333346 0.83096903096903107 0.95441308243727607 0.77849927849927869 0.87583523470594493 0.61250000000000016 0.56787469287469305 0.58571428571428574 0.92605021128511067 0.58239655556728731 0.65912781207067128 0.34523809523809529 0.43650793650793657 0.77618722350963065 0.60484876437115653 0.36626016260162603 0.70092091833275905
decision_type=2 2 2 2 2 2 2 2 2 2 2 2 2 2 2 2 2 2 2 2 2 2 2 2 2 2 2 2 2 2
left_child=10 2 7 12 5 -5 -6 -2 9 -9 24 -12 -4 14 18 -16 22 -18 20 -20 -3 -14 -15 -24 26 -26 27 28 -1 -27
right_child=1 13 3 4 6 -7 -8 8 -10 -11 11 -13 21 16 15 -17 17 -19 19 -21 -22 -23 23 -25 25 29 -28 -29 -30 -31
leaf_value=0.068851747745796305 0.039697576718478927 0.0043097943910313302 -0.0080129786732464469 0.032655547168757397 -0.019469615278532713 -0.01386562384569847 0.003617046375632637 0.0014291359388718466 0.030843250691543575 -0.019063097204548782 -0.043923797889368899 -0.0049270178648627844 0.027566677871331376 -0.028029429406787251 0.047962380354485551 -0.0068242376344542881 -0.015083379319338175 0.0039394512575192196 0.006621380422511031 -0.026909483356247321 0.024279816009632207 0.0038288475590033556 0.12536698428273552 0.033710807360136007 0.015018508372845544 -0.053381309219502251 0.019989745382166409 -0.016369438188224231 -0.00045642914208226935 -0.011919541402893081
leaf_weight=11.78848969633327 18.037456769961864 156.56576459686039 36.908769814559491 37.051069709297735 135.44640403043013 432.41204273613403 1294.3585022470506 98.686212694308779 19.942843931377865 310.76517580755171 37.331212791652433 44.303858689861954 146.10983457026305 5.0579809003684195 61.905918286880478 17.476409053895622 123.60230416280683 485.70332075961051 52.947898560843896 46.550924107512401 94.889175238000462 57.167933484364767 2.9338597480382331 25.048081188142532 38.782241746914224 16.339483323172317 78.037423125562782 86.933378962759889 88.83002847255193 133.37872958039952
leaf_count=722 780 16394 2361 2034 2336 9682 38352 11761 631 7766 615087 1624 2857 301 1679 626 3566 16076 1706 1581 7215 2037 198 517 4750 2195 4987 9309 64996 4799
internal_value=-6.1398e-06 0.000766164 -0.0012533 0.000565484 -0.00144323 -0.0101941 0.00143003 -0.00995004 -0.0120356 -0.014124 -0.00528179 -0.02276 0.0164493 0.00563631 0.011448 0.0359008 0.00174282 8.05246e-05 0.00591698 -0.00906617 0.0118457 0.0208909 0.032398 0.0433208 -0.00213961 -0.00997125 0.00341885 -0.00347604 0.00766373 -0.0164445
internal_weight=4195.29 3659.57 2586.89 2139.45 1899.27 469.463 1429.8 447.432 429.394 409.451 535.725 81.6351 240.187 1072.68 430.336 79.3823 642.346 609.306 350.954 99.4988 251.455 203.278 33.0399 27.9819 454.09 188.5 265.589 187.552 100.619 149.718
internal_count=838925 130456 80597 59659 52404 11716 40688 20938 20158 19527 708469 616711 7255 49859 29201 2305 20658 19642 26896 3287 23609 4894 1016 715 91758 11744 80014 75027 65718 6994
is_linear=0
shrinkage=0.05


Tree=171
num_leaves=31
num_cat=0
split_feature=12 8 17 11 10 11 11 12 0 10 11 0 12 10 12 0 11 2 12 18 12 3 6 0 6 9 0 7 20 6
split_gain=6.61922 15.9849 10.8485 22.9183 15.4427 20.0654 18.6111 16.7222 12.5457 11.6806 21.1054 10.8137 10.209 9.51087 6.82027 6.27424 7.49791 6.05 5.86535 5.59797 6.92817 5.48819 7.63134 6.45322 16.3777 5.175 5.13125 4.98954 4.82651 4.39484
threshold=0.98312206238427591 1.0000000180025095e-35 0.87500000000000011 0.96744022847817235 0.1622776622776623 0.9201073044602458 0.95441308243727607 0.93682289884821535 0.15184453227931491 0.11791443850267382 0.97861715098557223 0.59491634491634504 0.93682289884821535 0.077221228384019097 0.92068331397599701 0.52440476190476204 0.96744022847817235 0.22378716744913932 0.96828988005458605 1.0000000180025095e-35 0.9630991285403051 0.99350649350649356 0.72077922077922085 0.37617924528301894 0.78888888888888908 0.72281323877068571 0.50396825396825407 0.64583333333333337 0.15000000596046451 0.16025641025641027
decision_type=2 2 2 2 2 2 2 2 2 2 2 2 2 2 2 2 2 2 2 2 2 2 2 2 2 2 2 2 2 2
left_child=2 21 3 4 5 8 7 -6 -1 10 12 -7 -5 14 -4 26 28 -3 -12 20 -16 25 -23 -24 -25 -2 -15 -8 -17 -19
right_child=1 17 13 9 6 11 27 -9 -10 -11 18 -13 -14 15 19 16 -18 29 -20 -21 -22 22 23 24 -26 -27 -28 -29 -30 -31
leaf_value=0.048602082834476035 -0.026179662463242156 -0.30951162835229051 0.052107147749715511 -0.045845458680442631 0.00080737205972000443 -0.030008280350774498 0.0032661795646006333 -0.013338885526382741 -0.0022878157080373535 0.032317674389972975 0.014832486359339959 0.0037926917975995519 -0.0012528094873457951 -0.0051077062442176123 -0.026425990768248878 0.014791810425840275 0.14550605334292574 -0.092840698737978802 0.042407474387074727 -0.042522225216538971 -0.0061618609905990489 0.026669026651644279 0.047415879867255588 -0.61005941847506662 -0.069501305579352746 0.038958516524394179 -0.10967662128626221 0.031255053573668395 -0.069234050522522558 0.023887705430609165
leaf_weight=13.741451393929308 37.107389639131725 0.13705869019031425 3.6059312323341137 18.906187862390652 2845.4159831721026 127.09512940299464 21.610714046400972 225.45783704787027 102.05743159237318 72.669735847332049 70.543028599728132 29.075557322299574 39.969700675836066 125.31046795866496 71.297074584726943 48.617159960704157 1.0714290035539296 0.81312354584224422 26.539281963778194 19.750682178419083 103.28122609615093 15.295282160979697 0.98156678053783197 0.15062624868005547 2.0094014268834144 3.3221334666013709 1.1842492758296419 60.502632228715811 1.7712850758980483 96.970895541046048
leaf_count=393 308 5 53 345 797316 2357 458 2478 947 3598 2771 546 1269 2430 1059 1319 22 23 1261 215 1506 1386 94 10 306 17 36 3070 27 13300
internal_value=-5.93441e-06 0.0100733 -0.00039812 0.00043403 -0.000589119 -0.0120207 0.000396941 -0.00023122 0.00375111 0.0157613 0.00804674 -0.0237153 -0.0155724 -0.00848648 -0.0160277 -9.85169e-05 0.0146211 0.0224518 0.0223706 -0.017292 -0.0144376 -0.0105175 0.0120902 -0.0588889 -0.107196 -0.0208272 -0.00608669 0.0238889 0.0118381 0.022917
internal_weight=4186.26 156.787 4029.47 3653.58 3424.96 271.97 3152.99 3070.87 115.799 228.628 155.958 156.171 58.8759 375.89 197.935 177.955 51.4599 97.9211 97.0823 194.329 174.578 58.8664 18.4369 3.14159 2.16003 40.4295 126.495 82.1133 50.3884 97.784
internal_count=838925 15449 823476 816809 807565 4243 803322 799794 1340 9244 5646 2903 1614 6667 2833 3834 1368 13328 4032 2780 2565 2121 1796 410 316 325 2466 3528 1346 13323
is_linear=0
shrinkage=0.05


Tree=172
num_leaves=31
num_cat=0
split_feature=2 4 2 5 3 7 7 8 14 9 5 8 3 5 9 14 13 12 12 13 16 4 8 5 3 13 17 12 7 10
split_gain=6.51926 21.7878 12.5835 9.91555 21.5799 15.8913 14.0908 34.3258 12.4878 11.9761 9.90166 9.77498 9.27599 7.02308 6.98961 6.45842 9.63476 6.58714 9.22182 10.2126 6.177 5.81348 5.99821 5.79425 5.41619 4.49035 5.82122 4.6408 4.16883 5.96983
threshold=0.72595520421607385 0.56030588821251093 0.9457002457002458 0.7047044118113126 0.92907444668008055 0.68333333333333346 0.38750000000000007 1.0000000180025095e-35 0.94868421052631591 0.22684391080617497 0.66695639582465305 1.0000000180025095e-35 0.85053191489361712 0.77924891806830221 0.43534002229654406 0.81534090909090928 0.96315687415163864 0.96828988005458605 0.93682289884821535 0.97067423460612334 1.0000000180025095e-35 0.73422664213901756 1.0000000180025095e-35 0.64202650137866046 0.72871572871572876 0.9979423868312759 0.63333333333333341 0.96828988005458605 0.64583333333333337 0.30571895424836609
decision_type=2 2 2 2 2 2 2 2 2 2 2 2 2 2 2 2 2 2 2 2 2 2 2 2 2 2 2 2 2 2
left_child=13 2 24 5 21 6 7 -3 11 10 -7 -6 -8 15 -15 17 -17 18 20 -20 -1 -5 -23 -11 -2 26 -18 -27 29 -19
right_child=1 3 -4 4 8 9 12 -9 -10 23 -12 -13 -14 14 -16 16 25 28 19 -21 -22 22 -24 -25 -26 27 -28 -29 -30 -31
leaf_value=-0.0083809978309111865 -0.082185204326522876 -0.058382735021371403 -0.27845554099611075 0.0047958427632227504 0.010179276662768501 -0.010985644121581357 -0.0092195633177581515 0.024187003187074254 0.040193259898975556 -0.05165440761301579 0.026951699431531376 -0.0011723193486024182 0.018585168765338219 -0.035341695573287139 0.04825975307791374 0.057754913131750844 0.0028662612877896967 0.019290050755789864 -0.022537775043849399 -0.095252011891119787 0.039908445941803053 -0.073636702163409715 -0.02841764050346578 -0.012227544995776654 0.052311952359732954 0.030315861108912684 -0.036988584255744555 -0.00064398309566424117 0.057834180572171191 -0.057632001299844152
leaf_weight=378.37264277169925 0.77023086147892783 22.65446163712113 0.29744443805247911 6.2371994397253721 203.21611328745348 50.368675525925937 33.400133457918855 28.323511990398401 19.051240274857264 19.264615970125305 26.117938575684093 2839.8568826064366 294.30774975817985 3.223580710036912 11.140508814107305 8.1259350271429849 24.886598095763475 14.96111053100322 33.934107071137987 5.6299406669568262 6.7403361242249948 13.084575297201811 16.685454651218606 18.049516533355927 26.564665713052818 18.940543995297048 14.500357056502251 33.535395412647631 5.0241933387005693 3.0337930815294376
leaf_count=694434 759 14702 9 340 4311 2338 4576 3427 10870 520 542 76289 14601 81 484 75 209 157 419 43 161 623 484 525 5632 434 91 1695 74 20
internal_value=-4.38993e-06 0.000773832 0.0450024 0.000433461 -0.000614128 0.00702363 0.0119473 -0.0125067 -0.000161618 -0.00936034 0.00196885 -0.000414261 0.0157513 -0.00501428 0.029498 -0.00591943 0.00556961 -0.0084854 -0.00989742 -0.032885 -0.00753582 -0.0390964 -0.0482924 -0.0325829 0.0485221 0.000953448 -0.0118064 0.0105306 0.0175649 0.00632162
internal_weight=4180.3 3618.25 27.6323 3590.62 3098.13 492.487 378.686 50.978 3062.12 113.801 76.4866 3043.07 327.708 562.049 14.3641 547.685 99.9888 447.696 424.677 39.564 385.113 36.0072 29.77 37.3141 27.3349 91.8629 39.387 52.4759 23.0191 17.9949
internal_count=838925 140548 6400 134148 92917 41231 37306 18129 91470 3925 2880 80600 19177 698377 565 697812 2504 695308 695057 462 694595 1447 1107 1045 6391 2429 300 2129 251 177
is_linear=0
shrinkage=0.05


Tree=173
num_leaves=31
num_cat=0
split_feature=1 0 14 0 1 1 0 0 14 3 3 0 1 1 15 14 0 8 20 8 14 1 11 10 13 17 1 25 9 7
split_gain=6.58822 22.2234 20.936 12.8827 34.0416 20.9457 30.1469 20.2938 14.0664 14.8354 13.0086 12.7699 14.2981 12.0226 11.4755 12.7155 10.4025 10.3279 8.387 7.94348 7.94331 7.81055 6.87863 6.59182 6.25896 5.63339 5.26956 4.80875 3.90466 7.41935
threshold=0.95754013329469723 0.097800095648015326 0.71714285714285719 0.52041666666666686 0.70719487484193377 0.82769517838483375 0.20881782945736438 0.27842377260981915 0.27888888888888896 0.97999199679871962 0.98610843141038018 0.18274582560296851 0.96168010752688182 0.43519114352447691 1.0000000180025095e-35 0.70710784313725505 0.079473684210526321 1.0000000180025095e-35 0.074999988079071059 1.0000000180025095e-35 0.20942982456140355 0.60328396145093077 0.68532871575057508 0.81589473684210534 0.93764952153110059 0.87500000000000011 0.33762223762223764 1.0000000180025095e-35 0.063508064516129045 0.73214285714285732
decision_type=2 2 2 2 2 2 2 2 2 2 2 2 2 2 2 2 2 2 2 2 2 2 2 2 2 2 2 2 2 2
left_child=1 17 11 4 21 6 -6 -7 9 27 -11 12 16 26 15 -14 -2 24 -15 -4 -19 -3 -16 -21 -1 -23 -10 -5 -13 -30
right_child=2 3 19 8 5 7 -8 -9 13 10 -12 28 14 18 22 -17 -18 20 -20 23 -22 25 -24 -25 -26 -27 -28 -29 29 -31
leaf_value=0.030402521517208188 0.039111081498017126 0.038422278296028137 -0.059370855690601798 -0.039659745051359586 0.04316913331121195 -0.010291920279395185 0.0025640217392464914 0.00018616885286387914 -0.029230778110137648 0.2687898999142177 -0.0021829755279571153 0.021679911805080752 0.00048093357149974039 0.012542955894318093 -0.020101100778038467 -0.032667150088812623 -0.041986343292435876 0.013265802883977038 -0.011474802575793357 0.035730255468959658 0.054949359500301956 -0.034214089580395943 0.031793262344042096 -0.05069015640442958 -0.10076450805725466 -0.074362556122658116 -0.0012158232166793689 0.030650317148208525 0.035064165587084944 -0.027989507844216811
leaf_weight=1.5240673687221709 4.5262203535530707 3.3379603556113571 2.4150316808372727 37.243380436366351 53.554257673677057 847.27394076784913 312.12279697368649 1016.5012909460238 18.634300246558269 0.44393483272869971 192.72153066825922 90.993227670027409 575.82988975354237 485.64920535678539 7.5349684073589733 30.460840569925494 31.29197565963841 19.248130287945969 39.288640560087515 66.884174729406368 28.135034594452009 62.919574428833585 41.862144352926407 2.2818235382437697 2.255341318435967 10.146116669297042 169.18344411249564 2.6017361458798396 7.732624374068112 11.761462301830759
leaf_count=50 253 1927 17 585475 2324 22054 33591 54094 428 4 51665 1659 9985 10921 378 443 700 428 721 8600 2199 34088 7848 158 21 396 3533 4494 222 249
internal_value=-3.76356e-06 -0.00102509 0.00385764 -0.00153956 -0.00355514 -0.00243049 0.00851074 -0.00457718 0.00337457 -0.00729023 -0.00156022 0.00154514 -0.00097681 0.00686105 0.000703597 -0.00118447 -0.0317383 0.031672 0.0107454 0.0297668 0.0380165 -0.0363723 0.0238774 0.0328792 -0.0478707 -0.0397892 -0.00399532 -0.0350688 0.0173293 -0.00297831
internal_weight=4176.36 3302.78 873.574 3251.62 2305.86 2229.45 365.677 1863.78 945.766 233.011 193.165 801.993 691.506 712.756 655.688 606.291 35.8182 51.1626 524.938 71.581 47.3832 76.4037 49.3971 69.166 3.77941 73.0657 187.818 39.8451 110.487 19.4941
internal_count=838925 808413 30512 805715 148474 112063 35915 76148 657241 641638 51669 21737 19607 15603 18654 10428 953 2698 11642 8775 2627 36411 8226 8758 71 34484 3961 589969 2130 471
is_linear=0
shrinkage=0.05


Tree=174
num_leaves=31
num_cat=0
split_feature=6 6 9 0 9 4 0 0 4 14 0 9 4 6 8 25 5 3 8 3 6 5 6 14 3 11 7 5 7 0
split_gain=6.34356 14.0005 11.2105 10.5862 9.51495 15.6306 19.679 8.62882 13.9171 8.25824 7.15794 17.136 18.3747 18.7003 13.7005 13.6297 13.3086 24.2281 17.2467 15.9414 11.4575 11.6375 17.6491 11.3054 8.60575 8.14799 7.37158 10.0259 7.03532 6.68237
threshold=0.58571428571428574 0.5634920634920636 0.04083333333333334 0.097800095648015326 0.17445652173913045 0.8348012254901408 0.23582887700534763 0.51564027370478993 0.60484876437115653 0.78416149068322993 0.39173060528559256 0.19098277608915909 0.9091524368313596 0.72077922077922085 1.0000000180025095e-35 1.0000000180025095e-35 0.67761157694227281 0.81016731016731025 1.0000000180025095e-35 0.89512961508248245 0.72077922077922085 0.83414615217246746 0.95000000000000007 0.86515151515151534 0.99350649350649356 0.64243327508822434 0.76388888888888895 0.60037570459305545 0.42261904761904767 0.70659971305595415
decision_type=2 2 2 2 2 2 2 2 2 2 2 2 2 2 2 2 2 2 2 2 2 2 2 2 2 2 2 2 2 2
left_child=1 3 -3 -1 7 6 -6 8 -5 -7 11 16 13 15 -15 -13 17 -2 -19 -18 26 22 24 -21 -22 -14 -12 -28 -4 -9
right_child=10 2 28 4 5 9 -8 29 -10 -11 20 12 25 14 -16 -17 19 18 -20 23 21 -23 -24 -25 -26 -27 27 -29 -30 -31
leaf_value=0.023944989091238301 -0.040690981412499973 -0.062363027373686 0.053133390553510129 0.021641755816359659 0.04010817530605508 0.023640633798439521 -0.0049259169147069818 0.011992846395979579 -0.01449794501872499 -0.013775212357259141 0.015688758632800327 0.0022639232555264647 -0.0055202380635406773 0.0055236317750090016 -0.030165351464343394 -0.043950197572576885 -0.053082908306492566 -0.021989543483622032 0.04208537482989743 0.00073631848450800134 0.048978428430222078 0.0044456322719446922 0.020961966200892395 0.030376253724855432 -0.031198175194233169 0.051198928543765079 -0.045017620259408676 0.0057137465637240653 -0.019442446808483296 -0.007783393411767048
leaf_weight=38.580829574842937 13.673769435881693 15.955281354836186 3.6288802011549697 28.876198140405904 25.709655028898851 99.688943790075427 429.69725004571774 83.439869910907873 343.84467943491836 17.307860697561409 263.73706917549134 184.40749240667355 10.029904790339062 32.736358046284295 150.60371589120768 17.465271676890552 13.569724881403088 12.564743115712188 63.969008176747593 1587.1759292675415 3.5034329589689142 213.30282544108923 24.557840813329676 32.837162654759595 74.872093071680865 17.173344823153457 10.177214112074578 226.1334602663992 41.827655290369876 87.518386804067632
leaf_count=1965 2589 525 129 23551 1186 3265 504055 81001 24982 423 11568 6035 320 746 2812 359 326 837 2262 38180 67 8167 3058 7665 1230 503 239 5134 1392 104354
internal_value=-2.92146e-06 -0.00304211 -0.026305 -0.00180485 -0.00269497 0.00180433 -0.00238355 -0.00743199 -0.0116981 0.0181055 0.00124886 -0.000272977 -0.00942839 -0.012233 -0.0237929 -0.00173435 0.00191745 0.0206132 0.031566 0.000885059 0.0052315 -0.00221744 -0.0160249 0.00133711 -0.0276142 0.0302864 0.0099423 0.00352889 -0.0136486 0.00186883
internal_weight=4168.57 1216.08 61.4118 1154.66 1116.08 572.404 455.407 543.679 372.721 116.997 2952.49 2136.21 412.416 385.213 183.34 201.873 1723.79 90.2075 76.5338 1633.58 816.284 316.236 102.933 1620.01 78.3755 27.2032 500.048 236.311 45.4565 170.958
internal_count=838925 746828 2046 744782 742817 508929 505241 233888 48533 3688 92097 62634 10775 9952 3558 6394 51859 5688 3099 46171 29463 12522 4355 45845 1297 823 16941 5373 1521 185355
is_linear=0
shrinkage=0.05


Tree=175
num_leaves=31
num_cat=0
split_feature=14 3 2 4 0 5 0 11 5 3 7 6 9 12 6 6 0 14 11 5 22 6 5 2 4 2 20 4 14 4
split_gain=6.07356 15.4332 6.76049 21.3802 12.2888 9.19427 8.29405 9.02625 7.61967 17.9077 14.0248 15.8749 10.2738 8.99201 7.05691 5.73877 5.10053 4.83427 23.8338 10.325 4.25927 4.09685 5.35035 3.44727 3.49168 6.36661 3.19493 2.58193 3.35992 1.47493
threshold=0.95119047619047625 0.94826048171275656 0.72255689424364122 0.60484876437115653 0.043961352657004842 0.77924891806830221 0.36626016260162603 0.81385202075554652 0.7047044118113126 0.92907444668008055 0.68333333333333346 0.43650793650793657 0.22684391080617497 0.83621460506706424 0.39230769230769241 0.84523809523809534 0.22335600907029482 0.11651583710407241 1.0000000180025095e-35 0.5963828510317023 1.0000000180025095e-35 0.55050505050505061 0.80928182223985012 0.94201680672268906 0.56030588821251093 0.86391694725028068 1.0000000180025095e-35 0.70713825151378018 0.39444444444444454 0.82300358116475347
decision_type=2 2 2 2 2 2 2 2 2 2 2 2 2 2 2 2 2 2 2 2 2 2 2 2 2 2 2 2 2 2
left_child=2 20 5 4 -4 15 16 -8 10 14 11 -5 -12 -11 -10 17 -6 18 -1 -19 23 22 -7 24 26 -26 -2 -23 -29 -24
right_child=1 -3 3 8 6 21 7 -9 9 13 12 -13 -14 -15 -16 -17 -18 19 -20 -21 -22 27 29 -25 25 -27 -28 28 -30 -31
leaf_value=0.010023324659047284 0.023612041752787662 0.043116158502932919 0.73130855267313444 -0.005046908731364045 0.030429249601795084 0.18191405488776524 -0.025718049163985186 0.042729882407709148 0.14947214224053537 0.0024618443754796156 0.0012543020755706293 0.018194630119498102 -0.03109677410081756 -0.0029859751323485185 -0.041005751776307595 0.045701169217361913 0.082427451542816499 0.00025601667408344024 -0.050055116285622071 -0.015953371111218105 0.04464199090574146 -0.023614492365702417 -0.037236586484358632 -0.090930343552979714 -0.032609117562457324 0.025632769287477916 -0.032938120506306172 0.12484592071188977 0.023798091897318553 0.067650697602514909
leaf_weight=33.311745913368213 12.566770661855115 28.419507681363029 0.063696056604384377 105.77691099975345 8.38914726899384 1.0264018847956315 8.4184372714880755 11.25683034011672 0.49390461015719012 1444.268412710233 75.431344899669057 240.56801487009216 36.375581509448239 1592.77384675754 31.401915478614683 5.1915821710426817 10.77121295616598 289.84390767765581 32.72581374157744 148.6147895692302 4.129535589949227 2.3173648163210583 0.48683937684836553 1.2336387789109711 18.436264118296098 6.2941312257898963 3.1172099476680151 0.94670226586458728 6.2779734211508185 1.0758675555625812
leaf_count=23592 144 13589 1 23192 362 98 9119 164 162 50004 2485 8968 963 30689 1240 567 909 24014 645011 2428 171 81 36 35 252 374 21 100 80 74
internal_value=-2.66421e-06 0.0141746 -0.000259993 0.000517835 0.0373836 -0.00557549 0.0362455 0.0134431 0.000111252 -0.000786674 0.00612603 0.0110965 -0.00927089 -0.000395259 -0.0380562 -0.00659941 0.0596606 -0.00713762 -0.0197494 -0.00523813 -0.00379284 0.0374444 0.0932259 -0.00859531 -0.00608205 -0.017786 0.0123726 0.0223089 0.0370391 0.0349745
internal_weight=4162.01 74.1971 4087.81 3565.99 38.8993 521.819 38.8356 19.6753 3527.09 3068.94 458.152 346.345 111.807 3037.04 31.8958 509.688 19.1604 504.496 66.0376 438.459 45.7776 12.1311 2.58911 41.648 40.4144 24.7304 15.684 9.54204 7.22468 1.56271
internal_count=838925 14586 824339 128258 10555 696081 10554 9283 117703 82095 35608 32160 3448 80693 1402 695612 1271 695045 668603 26442 997 469 208 826 791 626 165 261 180 110
is_linear=0
shrinkage=0.05


Tree=176
num_leaves=31
num_cat=0
split_feature=17 11 3 13 13 12 13 15 11 13 15 11 12 11 1 13 11 13 5 1 2 13 22 13 16 11 12 11 13 13
split_gain=6.12646 15.4814 7.03514 6.83569 16.3887 14.6432 10.7789 9.33548 7.81216 6.52962 8.41739 9.45085 8.25545 10.8617 10.0465 9.2354 8.74335 11.1818 7.68547 10.1747 6.71282 6.56608 6.53035 11.0366 6.06248 5.58104 11.1009 9.39215 4.69021 6.45145
threshold=0.55000000000000016 0.96744022847817235 0.59611795446061977 0.96677704194260494 0.94148770619358868 0.93682289884821535 0.9979423868312759 1.0000000180025095e-35 0.67772634321073399 0.93116609634114245 1.0000000180025095e-35 0.94502042062674152 0.92068331397599701 0.70965564633235267 0.96168010752688182 0.96315687415163864 0.79261711247172417 0.9455954897815364 0.89458201655258951 0.88800900900900914 0.62593283582089565 0.974521259331386 1.0000000180025095e-35 0.73300330033003303 1.0000000180025095e-35 0.90567728650512891 0.9630991285403051 0.89043787753465187 0.96677704194260494 0.9805186590765339
decision_type=2 2 2 2 2 2 2 2 2 2 2 2 2 2 2 2 2 2 2 2 2 2 2 2 2 2 2 2 2 2
left_child=1 2 24 4 5 -4 7 -5 -6 10 22 -12 13 20 15 -15 17 -14 -13 -20 -11 -19 -2 -24 -1 27 -27 -18 -3 -30
right_child=9 28 3 6 8 -7 -8 -9 -10 12 11 18 16 14 -16 -17 25 21 19 -21 -22 -23 23 -25 -26 26 -28 -29 29 -31
leaf_value=-0.0247298831578639 -0.016014336034155592 0.010963325688243137 0.00023763259402646418 -0.0059312608352578271 0.041088545541987181 -0.046775638763753458 0.013181932639477721 -0.030974821782171053 0.0099047338528574537 -0.029157257760559743 0.019115371409201776 -0.0053317564230535167 -0.061725560034056597 0.0098451024875165841 0.034796828270779762 -0.012457775650021687 0.0021404832936334052 -0.020356526010074556 0.053438762611038609 -0.20867672000509374 0.065881063209782639 0.021144302399893608 -0.060659229986695734 0.0094848917527375395 0.15889457511796085 -0.014920390547352317 0.0020648720832058777 0.042405053294326173 0.045911947632793992 0.0080137336352098191
leaf_weight=33.452842766069807 227.86502569858021 99.631234802305698 2261.2249739859417 125.3207632903941 21.547401544288732 16.685049269581214 48.667483054625336 52.92843233468011 295.74389976327075 2.216640764148905 40.049954907502979 2.9692563023418179 13.400831889361141 113.96719322260469 24.437553110648878 78.311399165075272 101.03666773537407 40.563856316497549 0.51386047492269415 1.3246284357737748 11.483941346057689 12.458007416396866 6.2422054982162072 55.175860564690083 0.45562201900975097 155.89919113562792 251.18428848611074 16.906448341207579 27.128735856211279 19.160743130778428
leaf_count=359675 3481 4251 425593 913 293 154 4177 1072 5607 25 1090 52 87 1346 1442 2107 1889 280 20 59 248 717 1817 661 61 3691 15517 333 1132 1135
internal_value=-2.85689e-06 0.00118815 0.000376532 0.000648547 0.00137619 -0.000106726 -0.00767342 -0.0133676 0.0120224 -0.00309569 -0.00898914 0.0111637 -0.000699626 0.007329 0.00459948 0.000761566 -0.00382742 -0.020919 -0.0550758 -0.135415 0.0505046 -0.0106055 -0.0121141 0.00235582 -0.0222626 -0.00166511 -0.00443991 0.00791217 0.0170735 0.0302246
internal_weight=4157.95 3001.95 2856.03 2822.12 2595.2 2277.91 226.917 178.249 317.291 1156.01 334.141 44.8577 821.866 230.417 216.716 192.279 591.449 66.4227 4.80775 1.83849 13.7006 53.0219 289.283 61.4181 33.9085 525.027 407.083 117.943 145.921 46.2895
internal_count=838925 804063 797545 437809 431647 425747 6162 1985 5900 34862 7180 1221 27682 5168 4895 3453 22514 1084 131 79 273 997 5959 2478 359736 21430 19208 2222 6518 2267
is_linear=0
shrinkage=0.05


Tree=177
num_leaves=31
num_cat=0
split_feature=1 0 0 1 0 1 0 1 0 4 4 9 3 14 4 6 8 14 6 22 1 25 1 6 1 4 6 18 10 14
split_gain=5.9601 35.1139 31.8864 60.5955 31.7121 43.4531 35.1603 31.5043 34.8048 44.5064 27.0282 26.3603 23.7145 25.5274 23.2066 19.9448 16.6457 15.5455 14.8496 16.1505 12.8601 12.3405 11.3555 10.8157 10.3276 9.94518 9.20173 8.12168 8.19275 7.70927
threshold=0.94395499108734415 0.15184453227931491 0.27842377260981915 0.89333845366103437 0.19538706256627789 0.96168010752688182 0.097800095648015326 0.91731416549789635 0.41048534798534803 0.99386479832479491 0.79777507736025954 0.19098277608915909 0.93419913419913436 0.70294117647058829 0.69346300319273613 0.43650793650793657 1.0000000180025095e-35 0.71714285714285719 0.70714285714285718 1.0000000180025095e-35 0.85001028383381338 1.0000000180025095e-35 0.90498325035343308 0.72077922077922085 0.86202489297873075 0.87583523470594493 0.5634920634920636 1.0000000180025095e-35 0.69455046649703156 0.61721611721611735
decision_type=2 2 2 2 2 2 2 2 2 2 2 2 2 2 2 2 2 2 2 2 2 2 2 2 2 2 2 2 2 2
left_child=1 16 3 12 5 6 -2 8 9 -4 -8 29 26 -14 22 -10 20 27 -9 -20 -1 -16 -5 -12 -18 -26 -3 28 -7 -6
right_child=4 2 7 14 11 17 10 18 15 -11 23 -13 13 -15 21 -17 24 -19 19 -21 -22 -23 -24 -25 25 -27 -28 -29 -30 -31
leaf_value=0.014554464377407261 0.027405611669961367 -0.0022123973391973049 -0.0034604040721522896 -0.046583384039613984 0.016967356172277001 0.0044661831186285483 0.041600504167076273 0.02109817332556721 -0.0093522235940583405 -0.035596559939036279 -0.04915357024004495 -0.01159509432978308 0.0054480838120341607 0.051498452035466227 -0.026335913898608523 0.0049002610628929803 0.062239996138645198 0.028416302159753482 -0.0064172695752464735 0.032207320206521582 -0.067835682529232486 -0.064181788327498226 0.033063280986040722 -0.017568219638266522 0.05354263421245057 0.013388036945238638 -0.059057608947105517 0.023000865841601055 -0.0070712694020515724 0.034845603556542711
leaf_weight=12.671220847507358 27.49010915053077 14.12338179001563 329.20531047717486 5.5389015595283153 170.73336362469854 388.37929519772297 10.870480017707449 232.89896628495262 320.60323396059357 160.15270953824074 97.311316717095906 68.17051727110811 101.8632941079195 42.713042235380271 304.11660496490367 1047.3463614158245 23.798657503386494 57.10745636705542 131.71532836917322 34.063795594527619 7.5631742195037068 23.181363820971455 23.303390315362776 37.566346407053061 21.353258895323961 55.494122290547239 14.354661787889198 40.422345358063467 254.8254572172882 93.221107470046263
leaf_count=421 1651 3224 33933 328 3306 11194 379 5339 680025 4770 2067 1693 3076 1276 6407 48787 901 7828 2558 598 261 370 714 1002 627 2408 2626 1326 6622 3208
internal_value=-1.98229e-06 -0.00124244 -0.00238745 -0.0134335 0.00289094 -0.00191735 -0.0244609 0.000203655 -0.00253386 -0.0139776 -0.0342437 0.0161228 0.0108383 0.019053 -0.0252275 0.00155994 0.0251394 0.003355 0.0129568 0.00151919 -0.0162412 -0.0290164 0.0177679 -0.0403564 0.0334588 0.0245456 -0.0308658 0.00126148 -0.000104736 0.0232814
internal_weight=4152.16 2906.06 2785.18 529.195 1246.1 913.973 173.238 2255.99 1857.31 489.358 145.748 332.125 173.054 144.576 356.14 1367.95 120.88 740.735 398.678 165.779 20.2344 327.298 28.8423 134.878 100.646 76.8474 28.478 683.627 643.205 263.954
internal_count=838925 798649 794031 18021 40276 32069 5099 776010 767515 38703 3448 8207 10202 4352 7819 728812 4618 26970 8495 3156 682 6777 1042 3069 3936 3035 5850 19142 17816 6514
is_linear=0
shrinkage=0.05


Tree=178
num_leaves=31
num_cat=0
split_feature=17 11 14 3 10 11 15 14 11 17 3 14 8 9 14 10 11 6 14 10 14 3 10 14 10 14 11 14 14 1
split_gain=5.65992 14.0088 14.7956 12.7729 8.90666 15.5717 14.6588 17.4228 15.5054 13.7759 12.7476 10.1879 8.90184 12.8033 8.4794 45.8652 27.3421 8.29993 8.59681 7.45838 7.03046 12.1172 6.07876 6.0411 6.62449 7.36625 6.07313 9.45419 5.69027 5.11851
threshold=0.55000000000000016 0.96216660739687077 0.65108695652173931 0.98076211616722175 0.20603395997574289 0.94502042062674152 1.0000000180025095e-35 0.47493734335839605 0.9201073044602458 0.15476190476190479 0.95916666666666672 0.47493734335839605 1.0000000180025095e-35 0.11834733893557424 0.11651583710407241 0.93969696969696981 0.62390360065153672 0.5634920634920636 0.70710784313725505 0.1622776622776623 0.95119047619047625 0.97182539682539704 0.86219390304847587 0.27888888888888896 0.65443322109988789 0.17519181585677754 0.93315273186398617 0.71714285714285719 0.56385869565217395 0.63282338060482091
decision_type=2 2 2 2 2 2 2 2 2 2 2 2 2 2 2 2 2 2 2 2 2 2 2 2 2 2 2 2 2 2
left_child=1 4 19 17 6 14 8 -8 11 -10 -9 -1 13 -7 15 -6 -16 29 -19 -3 22 -22 23 24 -2 -26 28 -28 -25 -4
right_child=20 2 3 -5 5 12 7 10 9 -11 -12 -13 -14 -15 16 -17 -18 18 -20 -21 21 -23 -24 26 25 -27 27 -29 -30 -31
leaf_value=-0.017557175759168941 -0.063345785066863669 -0.012760901614919743 0.05607424383243112 0.032037389977891371 -0.036021470240258702 -0.099874959865647608 0.038236028038450554 0.0078050701961232347 0.079239211323962222 -0.015769910742611259 -0.040616185004534476 0.022849914884355855 0.039674975667091369 0.04239727399044569 0.023613259908164343 0.0012815605295546277 0.00069292549711171881 -0.083410117886970031 0.00070907121060848684 0.045024965063786497 -0.002022833332746045 0.04332618688058381 -0.036834119886295306 -0.0071778968150541427 -0.079548736970202677 0.041667677166448404 -0.0011701325085059654 -0.016311403592090361 0.0031209471491710685 -0.00078712618783810984
leaf_weight=19.637135073076934 8.666362714055138 52.684634439647198 5.6615996547043386 101.75951064028777 96.267274082274525 2.9753002905054009 10.100498700048773 16.890655062161386 3.9478796008042982 113.62495348358061 69.60687518355553 75.868819822615478 38.157231392280664 3.3751655466621742 141.34833076461109 572.09653849273491 1637.3844247801862 5.443683300749397 6.8709190305089578 6.245944913243874 45.317471712012775 21.823744364461163 13.878498666919766 192.48460179232643 1.7935916887672636 4.160809222907119 237.06386744056363 182.43287398229586 442.33240220264997 13.150966540444641
leaf_count=181 2565 1060 44 6350 714259 41 457 246 24 965 2644 666 1872 74 8428 28839 36886 167 199 422 1114 12381 108 2605 346 176 4790 3894 6883 239
internal_value=-1.12632e-06 0.00114437 0.0142165 0.0234639 0.000249264 0.00124321 -0.00774787 -0.0239045 -0.000423341 -0.0125797 -0.0311608 0.0145417 0.0305526 -0.0242597 0.000710135 -0.00409135 0.00251431 -0.00456411 -0.0364759 -0.00663628 -0.00298263 0.0127175 -0.00395614 -0.00352927 -0.0354485 0.00515473 -0.00308662 -0.00775485 -1.79353e-06 0.0163252
internal_weight=4143.05 2993.1 191.817 132.887 2801.28 2491.6 309.677 96.598 213.079 117.573 86.4975 95.506 44.5077 6.35047 2447.1 668.364 1778.73 31.1272 12.3146 58.9306 1149.95 67.1412 1082.81 1068.93 14.6208 5.9544 1054.31 419.497 634.817 18.8126
internal_count=838925 804063 8481 6999 795582 790399 5183 3347 1836 989 2890 847 1987 115 788412 743098 45314 649 366 1482 34862 13495 21367 21259 3087 522 18172 8684 9488 283
is_linear=0
shrinkage=0.05


Tree=179
num_leaves=31
num_cat=0
split_feature=1 0 0 1 0 1 0 1 0 5 9 5 3 5 6 5 8 5 14 6 5 1 5 5 5 1 6 0 14 12
split_gain=5.3541 31.9811 28.9024 54.9377 28.7373 39.6331 32.1078 28.2935 31.589 40.5034 23.9087 23.1099 21.2782 25.9956 17.827 15.7945 15.1469 14.8189 14.3812 13.4766 15.1714 11.4696 12.7632 11.2721 10.5462 9.87315 9.01313 8.54248 7.85166 23.437
threshold=0.94395499108734415 0.15184453227931491 0.27842377260981915 0.89333845366103437 0.19538706256627789 0.96168010752688182 0.097800095648015326 0.91731416549789635 0.41048534798534803 0.98413866185467902 0.19098277608915909 0.77219851408049234 0.93419913419913436 0.82085561497326209 0.43650793650793657 0.60037570459305545 1.0000000180025095e-35 0.29344383447169181 0.71714285714285719 0.70714285714285718 0.79886201760873288 0.85001028383381338 0.87972200632037689 0.86000040733559502 0.83414615217246746 0.86202489297873075 0.72077922077922085 0.11483516483516486 0.70710784313725505 0.93682289884821535
decision_type=2 2 2 2 2 2 2 2 2 2 2 2 2 2 2 2 2 2 2 2 2 2 2 2 2 2 2 2 2 2
left_child=1 16 3 12 5 6 -2 8 9 -4 -6 -5 17 -14 -10 27 21 -3 28 -9 -21 22 -1 -13 -12 -18 -17 -8 -7 -30
right_child=4 2 7 11 10 18 15 19 14 -11 24 23 13 -15 -16 26 25 -19 -20 20 -22 -23 -24 -25 -26 -27 -28 -29 29 -31
leaf_value=0.042209869763689227 0.026420983248117143 0.081047321534723077 -0.003277795550271528 -0.00051663685739248069 0.022228633494037423 0.0025049224707420679 -0.082254171472163587 0.020073013488452474 -0.0088436187252166325 -0.03398337076483994 0.010917311190669141 -0.050513924788265954 0.048939096118187392 0.0034744063895665784 0.0046637168650202447 -0.045636437282123139 0.06080883038704156 -0.041115625844746581 0.027564000146336965 -0.032166130677360801 0.0082258569536633221 -0.063886144384819335 -0.075205853826136329 -0.025712259642108916 -0.02874776809009405 0.023501340811563898 -0.0168152159546903 0.04598323215987668 0.029381098075312514 -0.050949286898525827
leaf_weight=9.5938832850151829 27.092910150822718 2.7496628925964641 328.63534955326395 80.597565597072389 262.28974731206108 643.8359561014222 1.5256887296418415 232.16501445311587 318.73231953478353 159.53384386182006 30.226657274819445 58.145714847618365 46.501343561401882 97.075384940988442 1045.6713936458327 95.987316590879345 23.123315201402875 25.542036749542604 55.924705374083715 27.97244576200319 137.62517776957247 7.5848054585512719 3.0503191741299807 215.98305649161921 37.608219325949904 76.087098359916126 37.812183068162994 8.727164203533901 14.566833310585933 24.105780112906359
leaf_count=378 1651 1458 33933 2372 6514 17274 51 5339 680025 4770 926 1172 1257 3095 48787 2071 901 4392 7828 874 2282 261 43 4275 767 3035 1009 317 1164 704
internal_value=-2.14623e-07 -0.00117715 -0.00226678 -0.0128116 0.0027495 -0.0018367 -0.0235163 0.000200789 -0.00239706 -0.0133124 0.0153857 -0.024053 0.0103899 0.0181994 0.00150833 -0.0329084 0.0241565 -0.0292426 0.00318795 0.0123002 0.00140292 -0.0152756 0.0138842 -0.030973 -0.0110733 0.0321967 -0.0374915 0.0269007 0.00119057 -0.0206912
internal_weight=4136.07 2896.37 2776.93 526.595 1239.7 909.579 171.145 2250.34 1852.57 488.169 330.125 354.726 171.868 143.577 1364.4 144.052 119.439 28.2917 738.433 397.763 165.598 20.229 12.6442 274.129 67.8349 99.2104 133.799 10.2529 682.509 38.6726
internal_count=838925 798649 794031 18021 40276 32069 5099 776010 767515 38703 8207 7819 10202 4352 728812 3448 4618 5850 26970 8495 3156 682 421 5447 1693 3936 3080 368 19142 1868
is_linear=0
shrinkage=0.05


Tree=180
num_leaves=31
num_cat=0
split_feature=14 12 13 12 13 17 10 10 14 13 13 1 10 5 4 14 5 1 4 12 1 17 14 9 12 9 25 1 17 12
split_gain=5.53736 27.018 20.0339 13.9592 33.6763 14.9041 17.0594 13.2755 12.8304 12.0326 9.95888 9.61949 12.3375 9.47694 16.8603 9.19086 9.00961 8.68819 8.03083 7.9979 7.97178 7.24533 6.006 5.87328 6.72391 5.86318 5.79358 5.6471 5.63437 4.98565
threshold=0.35504201680672276 0.71892556179775291 0.8865422123154082 0.30202253291706266 0.47836488454337434 0.18333333333333338 0.64561945579587376 0.53883861236802422 0.47493734335839605 0.30521412860654684 0.77568613652357499 0.97336652441915616 0.83727934995797149 0.5963828510317023 0.8471993603978466 0.45804195804195807 0.27120360885628486 0.89992118226600992 0.73422664213901756 1.0000000180025095e-35 0.64108231038055619 0.15476190476190479 0.26491228070175443 0.26975051975051983 0.75083892617449677 0.36055555555555557 1.0000000180025095e-35 0.83925293634440234 0.29166666666666669 0.52839964805943895
decision_type=2 2 2 2 2 2 2 2 2 2 2 2 2 2 2 2 2 2 2 2 2 2 2 2 2 2 2 2 2 2
left_child=2 7 3 9 26 20 -7 8 15 19 23 13 16 17 -15 21 -13 -12 27 25 -6 -2 -11 24 -3 -1 -5 -10 -14 -4
right_child=1 10 29 4 5 6 -8 -9 18 22 11 12 28 14 -16 -17 -18 -19 -20 -21 -22 -23 -24 -25 -26 -27 -28 -29 -30 -31
leaf_value=-0.00045470971684316629 0.032282652735245221 -0.007271666284623609 0.049407741219602064 -0.043772664729820096 -0.025394000245471889 -0.022631074285289963 0.0061834580839784875 0.034675245626740417 -0.035485273836019196 0.08863659257726153 0.0018559820818789844 -0.25069320070978335 -0.065605860510084768 -0.010160692133033698 3.906503415091302e-05 -0.094537326051418846 0.015164709468621244 0.018832736143303261 0.04240771975847496 -0.050303993029861327 0.0087365235869340009 -0.0082500470838907068 -0.19573976176803271 0.092386177425775387 0.064207896700680167 0.018506427403515054 0.058324358949152805 0.035795041445656671 0.016558492976150373 0.013249948667366951
leaf_weight=526.64961333254178 13.525831083767114 7.9876445323461684 20.436248436570168 71.490477619488956 18.993717684114017 160.76644555876555 75.484633511387074 79.863769107847475 6.7628287421539408 4.8651808842223536 350.24031449109316 0.31931810081004997 7.2864640347543155 538.79948484394117 1633.4665047073504 2.7093207146972409 158.06146162588266 96.025713669805555 32.720240257796831 7.6949531315894992 172.35889632812905 59.635585258671199 0.19303520198445756 3.8145811600843436 5.594209817587398 44.191424582797481 1.4170489467087453 4.7164012927096337 2.9237144021317363 17.870129674091004
leaf_count=18877 437 144 440 595872 32264 13440 9277 1177 93 5022 4897 2 134 8672 34801 47 11577 2445 848 66341 18049 1023 3 56 116 9098 3363 69 79 262
internal_value=-1.91273e-07 0.00111926 -0.00299672 -0.00425239 -0.0103789 -0.00502351 -0.0134245 0.0188775 0.00836973 0.00100192 -0.000146724 -0.00038212 0.0111944 -0.00112746 -0.00249084 -0.00410539 0.0146287 0.00550897 0.0297839 0.000330603 0.00534872 -0.000756501 0.077784 0.0375665 0.0221699 0.00101316 -0.0417883 -0.00619877 -0.0420779 0.0325399
internal_weight=4126.87 3004.45 1122.41 1084.11 500.511 427.604 236.251 199.934 120.07 583.594 2804.52 2787.12 168.591 2618.53 2172.27 75.8707 158.381 446.266 44.1995 578.536 191.353 73.1614 5.05822 17.3964 13.5819 570.841 72.9075 11.4792 10.2102 38.3064
internal_count=838925 66617 772308 771606 672265 73030 22717 3694 2517 99341 62923 62607 11792 50815 43473 1507 11579 7342 1010 94316 50313 1460 5025 316 260 27975 599235 162 213 702
is_linear=0
shrinkage=0.05


Tree=181
num_leaves=31
num_cat=0
split_feature=12 8 10 11 13 14 11 13 14 10 11 12 12 13 13 10 11 11 18 10 13 14 10 14 14 14 0 10 13 1
split_gain=5.44906 13.3458 8.15368 20.1845 17.9017 22.8561 21.6528 13.5368 11.7916 11.3938 17.0264 16.4552 16.3615 14.8988 14.617 9.81772 16.1078 15.2501 9.73026 9.57422 9.0213 13.4132 10.7376 9.42668 7.92062 12.6612 13.7798 7.74164 6.23985 6.06332
threshold=0.98312206238427591 1.0000000180025095e-35 0.077221228384019097 0.96744022847817235 0.95898421853721072 0.67424242424242431 0.97212578937568661 0.97067423460612334 0.78416149068322993 0.17677696078431376 0.94502042062674152 0.93682289884821535 0.90335035496325822 0.96315687415163864 0.95263026676639251 0.036811201445347795 0.98672718585762087 0.98672718585762087 1.0000000180025095e-35 0.22295321637426904 0.9805186590765339 0.76696832579185525 0.11791443850267382 0.85357142857142865 0.77525252525252542 0.94868421052631591 0.23582887700534763 0.22295321637426904 0.95263026676639251 0.93348815322499534
decision_type=2 2 2 2 2 2 2 2 2 2 2 2 2 2 2 2 2 2 2 2 2 2 2 2 2 2 2 2 2 2
left_child=2 29 4 9 8 6 -6 -8 18 12 11 -11 14 -14 -4 17 -17 -7 28 -12 21 22 -5 -22 -3 26 -26 -28 -1 -2
right_child=1 24 3 20 5 15 7 -9 -10 10 19 -13 13 -15 -16 16 -18 -19 -20 -21 23 -23 -24 -25 25 -27 27 -29 -30 -31
leaf_value=-0.023132048665822424 -0.0059785064604098584 0.040406955025954185 -0.016221463036757065 -0.004055827676821974 0.087417389981816737 -0.0023331324158733999 -0.0054665496602991481 0.04421556335936716 0.043176556584708897 0.00089431005122993831 0.010235362511600898 -0.012946793644685206 0.0089057681882003872 -0.014719150639101591 -0.065785042940178604 -0.017240174806977118 0.030072954112422008 -0.052982392100213493 -0.10340485586265449 0.041985912852410795 -0.055163570786848797 0.046969538709554885 0.029220639101964874 0.020592404540720373 0.057190654452649294 0.035300312272403732 -0.015007001348821634 -0.089767565419825515 -0.066580104723169192 -0.083758183020593069
leaf_weight=59.010064232570585 55.461910991405603 33.708956643706188 122.20020389260026 49.247618262015749 10.703575623221694 29.158202146063559 42.694120744126849 20.196276829461567 5.3081819824874392 2762.8004683533491 82.92916796557256 232.83162742233253 156.24782116146525 116.48635641549481 16.937336376460735 53.647467138333013 27.064572511910228 30.31070357770659 4.7239578247535965 33.268285082885996 8.134240909013899 39.240901149983983 47.74490925919963 8.2930367356748302 6.0209309737547292 27.060236200370127 22.224587645963769 4.1019246557261786 9.6093615153804404 2.6241929338430046
leaf_count=941 2102 848 1871 1627 239 383 1132 525 96 796505 2765 2577 2615 2760 240 1183 1020 354 56 1529 290 1161 2570 912 205 12009 230 36 125 19
internal_value=-5.42119e-07 0.00931551 -0.000355465 0.000283706 -0.00839107 -0.000887217 0.0216768 0.0104881 -0.0287865 -0.000487435 0.000546941 -0.000181472 -0.00830249 -0.00118457 -0.0222549 -0.0127331 -0.00137501 -0.0281486 -0.0339948 0.0193258 0.0180831 0.0223038 0.0123246 -0.0169194 0.0210479 0.0100632 -0.0110489 -0.0266554 -0.0292164 -0.00949241
internal_weight=4119.99 151.203 3968.79 3676.36 292.426 213.775 73.594 62.8904 78.6516 3523.7 3111.83 2995.63 411.872 272.734 139.138 140.181 80.712 59.4689 73.3434 116.197 152.661 136.233 96.9925 16.4273 93.1166 59.4077 32.3474 26.3265 68.6194 58.0861
internal_count=838925 15449 823476 817422 6054 4836 1896 1657 1218 810862 803376 799082 7486 5375 2111 2940 2203 737 1122 4294 6560 5358 4197 1202 13328 12480 471 266 1066 2121
is_linear=0
shrinkage=0.05


Tree=182
num_leaves=31
num_cat=0
split_feature=13 14 14 14 10 12 14 10 15 14 11 1 1 14 12 12 1 11 10 12 10 11 11 10 9 14 13 14 11 13
split_gain=5.4686 35.6852 27.841 18.1006 12.8572 11.9011 17.6313 18.9468 15.7624 15.2288 13.7896 11.8615 25.3045 15.2684 11.4303 18.1588 14.9683 10.2345 9.82252 14.2566 7.57918 7.46497 6.94865 9.82111 6.70148 6.62447 6.2387 17.5911 6.4693 6.01582
threshold=0.93764952153110059 0.67424242424242431 0.7231800766283526 0.70710784313725505 0.87551652892561993 0.84756987316197119 0.61721611721611735 0.28232998885172805 1.0000000180025095e-35 0.47213622291021679 0.74867953249736208 0.92840996168582379 0.8529266347687402 0.7231800766283526 0.97315315315315332 0.92068331397599701 0.78003132371411954 0.95441308243727607 0.11791443850267382 0.92068331397599701 0.53883861236802422 0.97212578937568661 0.79261711247172417 0.077221228384019097 0.31180555555555561 0.57518796992481214 0.90645833333333348 0.56385869565217395 0.68303615028386855 0.974521259331386
decision_type=2 2 2 2 2 2 2 2 2 2 2 2 2 2 2 2 2 2 2 2 2 2 2 2 2 2 2 2 2 2
left_child=2 14 5 -3 11 6 7 25 -8 -9 26 12 -5 -13 15 16 24 -10 21 -20 -18 -12 -17 -24 -2 -1 27 -7 -28 -6
right_child=1 3 -4 4 29 10 8 9 17 -11 18 13 -14 -15 -16 22 20 -19 19 -21 -22 -23 23 -25 -26 -27 28 -29 -30 -31
leaf_value=-0.015098451567967096 0.010898605602448007 -0.0348323942165773 0.029664828051534919 0.0036421114294108723 -0.085402152130729686 -0.023436010138689334 0.035865002517545097 -0.0016712756455243569 -0.00071209210918018854 0.012116323312508398 -0.017427755940320182 -0.010943244069589528 -0.01610677053469808 0.016640651230877147 0.038876887628997187 -0.012371076167160622 0.020954904251398454 -0.12932263856766293 -0.0043765813235259535 0.024473680341746629 0.043829109014190695 -0.086217001833675547 -0.0056480195808776643 0.020212448030208774 -0.024739354744255277 -0.051427812982340976 -0.0086548197072570197 0.034274649777689285 -0.042943659514221667 0.0040441763848398449
leaf_weight=130.0491340822191 34.043324444326572 43.314214664744213 70.384215742000379 389.62109181465348 6.6842105002142471 67.488701527123339 61.584818481700495 1381.3737148887212 30.950983762159012 234.23560781416018 67.146929642884061 71.562292765651364 277.8857761459949 167.80347634485224 39.651429275108967 71.813286117278039 150.86219866614556 1.6282515773782495 449.2714990900713 47.332421900180634 47.652066960115917 4.1900103987427419 77.524086801742669 69.741853856132366 21.536128836683929 13.888035492855122 19.602885237429291 16.416458667255938 46.119574156822637 2.6152852430241182
leaf_count=1852 842 638 1089 12393 35 448 419 775943 1043 3127 1026 2833 5515 12671 936 507 4914 56 6407 655 787 69 1687 1775 296 182 143 137 311 189
internal_value=8.7357e-07 0.00244271 -0.00136006 -0.00324817 -0.00175495 -0.00220932 -9.29076e-05 -0.00122097 0.020986 0.000327689 -0.00767668 -0.00115514 -0.00457943 0.008394 0.0130902 0.0109294 0.0200244 -0.00713982 -0.00411899 -0.0016268 0.0264457 -0.0214681 0.000380631 0.00659892 -0.00291052 -0.0186038 -0.0211806 -0.0121446 -0.0327164 -0.0602473
internal_weight=4113.97 1472.31 2641.66 959.486 916.172 2571.28 1853.71 1759.55 94.1641 1615.61 717.568 906.873 667.507 239.366 512.824 473.173 254.094 32.5792 567.941 496.604 198.514 71.3369 219.079 147.266 55.5795 143.937 149.628 83.9052 65.7225 9.2995
internal_count=838925 46018 792907 34274 33636 791818 782622 781104 1518 779070 9196 33412 17908 15504 11744 10808 6839 1099 8157 7062 5701 1095 3969 3462 1138 2034 1039 585 454 224
is_linear=0
shrinkage=0.05


Tree=183
num_leaves=31
num_cat=0
split_feature=14 3 17 14 0 12 15 14 1 1 12 14 10 8 1 0 1 0 2 0 1 0 0 2 15 8 6 9 2 0
split_gain=4.98643 13.5336 7.60892 15.9544 14.6986 18.2301 13.1708 12.2178 15.0992 20.665 10.8663 8.98938 8.82787 8.31828 8.17227 24.7546 17.1362 17.8028 14.1765 11.9356 7.1988 6.58269 6.92647 6.23822 5.64091 5.00076 4.74551 4.65445 4.34946 11.3557
threshold=0.95119047619047625 0.94826048171275656 0.87500000000000011 0.81534090909090928 0.25227272727272732 0.96828988005458605 1.0000000180025095e-35 0.82971014492753636 0.8529266347687402 0.92840996168582379 0.97315315315315332 0.70710784313725505 0.077221228384019097 1.0000000180025095e-35 0.73838232398952042 0.52041666666666686 0.82769517838483375 0.22335600907029482 0.70678733031674212 0.41048534798534803 0.69140651063528924 0.34833164812942369 0.36626016260162603 0.70087719298245621 1.0000000180025095e-35 1.0000000180025095e-35 0.18465909090909094 0.52679425837320581 0.8588039867109637 0.19538706256627789
decision_type=2 2 2 2 2 2 2 2 2 2 2 2 2 2 2 2 2 2 2 2 2 2 2 2 2 2 2 2 2 2
left_child=2 25 7 6 -5 27 10 14 21 12 23 -12 -10 -11 15 20 17 -16 -17 -18 -1 -9 -23 -4 -7 -2 -27 -6 29 -8
right_child=1 -3 3 4 5 24 28 8 9 13 11 -13 -14 -15 16 18 19 -19 -20 -21 -22 22 -24 -25 -26 26 -28 -29 -30 -31
leaf_value=-0.04360305741392001 -0.012455604633114426 0.042269016914398647 -0.041994527806462678 0.020015016099265096 -0.015266104105417594 -0.043985423107703744 -0.10094563039362033 0.058331201501271759 0.042666144540772673 -0.16452355079748709 0.042355601388893022 -0.00040231938415802602 -0.026268553582059304 0.03008180361528855 0.03894979080691878 -0.014954628311285013 -0.0017024749763287228 0.0066227376691413214 0.0037764504227832431 0.0078460188483938532 -0.017317715860612291 -0.09116651862640307 0.024367128810790312 -0.0087409814138127706 -0.08476101152232611 -0.11148576058063586 0.034666953823974098 0.048645675507210301 0.035544454512599667 0.016919249866872859
leaf_weight=38.021640777729772 34.684528437443078 25.529599459958263 15.093986543593926 13.71323751111049 26.782899853424173 19.434433467919007 2.2404324951348853 15.391839432762934 5.1134102969663209 0.55697318993043055 18.347809525788762 37.245813528774306 50.623537598119583 38.923158547346247 53.472654254290319 132.15248647819135 2110.7699999982233 209.24240111753716 428.71232291717752 387.33173509046355 82.713024011287416 1.3230638580862422 66.580565323645715 214.90439205168514 15.05020937672816 0.58767411857843299 10.114672538475132 3.1877597137354305 26.296208286192268 23.254432795220055
leaf_count=27848 267 13589 811 540 438 173 37 391 146 9 231 349 872 2937 2461 576778 66346 30905 35780 51387 19648 23 1601 3116 131 6 724 32 1051 298
internal_value=1.89916e-06 0.0131454 -0.000229017 -0.00663709 -0.0269908 -0.0369916 -0.00192132 0.000506398 0.0132606 -0.000340212 -0.0061283 0.0137093 -0.0199444 0.0273364 -0.000154995 -0.00505802 0.00105548 0.0132025 -0.000637017 -0.000221977 -0.0255955 0.0288081 0.022116 -0.0109233 -0.0617812 -0.00323638 0.0266416 -0.00846828 0.0212772 0.00656154
internal_weight=4107.4 70.9165 4036.48 415.552 78.1685 64.4553 337.383 3620.93 178.513 95.2171 285.592 55.5936 55.7369 39.4801 3442.42 681.599 2760.82 262.715 560.865 2498.1 120.735 83.2955 67.9036 229.998 34.4846 45.3869 10.7023 29.9707 51.7911 25.4949
internal_count=838925 14586 824339 7207 1314 774 5893 817132 5979 3964 4507 580 1018 2946 811153 660054 151099 33366 612558 117733 47496 2015 1624 3927 304 997 730 470 1386 335
is_linear=0
shrinkage=0.05


Tree=184
num_leaves=31
num_cat=0
split_feature=12 8 17 11 11 15 15 10 0 12 10 11 10 10 15 11 12 10 2 1 1 1 4 12 9 0 1 0 4 9
split_gain=4.74578 12.0049 7.67405 17.6827 8.52351 11.5371 10.7023 12.8816 7.44179 11.5197 7.55766 7.37807 21.9038 12.4783 19.9571 15.9424 10.218 6.07895 5.68222 5.58352 7.13514 5.46266 5.1017 4.57654 4.4952 3.99294 9.90458 5.72583 5.31331 4.61625
threshold=0.98312206238427591 1.0000000180025095e-35 0.87500000000000011 0.98672718585762087 0.98672718585762087 1.0000000180025095e-35 1.0000000180025095e-35 0.036811201445347795 0.6319659442724459 0.96828988005458605 0.19163509180996796 0.96744022847817235 0.098126750700280124 0.1622776622776623 1.0000000180025095e-35 0.95441308243727607 0.94901208891199806 0.036811201445347795 0.8588039867109637 0.36842498270766527 0.36519063180827899 0.93348815322499534 0.89170110672052882 0.95548478414720461 0.89009661835748799 0.69604037267080754 0.5412265285155311 0.42365967365967372 0.79777507736025954 0.12060606060606062
decision_type=2 2 2 2 2 2 2 2 2 2 2 2 2 2 2 2 2 2 2 2 2 2 2 2 2 2 2 2 2 2
left_child=2 21 3 11 5 8 -6 22 10 -10 -4 13 16 14 -1 -15 -13 23 -19 20 -3 25 -8 -7 -21 27 -27 28 -2 -28
right_child=1 19 4 -5 6 17 7 -9 9 -11 -12 12 -14 15 -16 -17 -18 18 -20 24 -22 -23 -24 -25 -26 26 29 -29 -30 -31
leaf_value=-0.00050085874988451057 -0.03179687163123196 -0.024476779159390304 -0.01871539281743104 0.035264421751484941 -0.014116110740079896 0.052991288581782141 -0.079665484038940401 0.01444783962939946 -0.0011738513085638718 0.067746643549978849 0.0029013583019512901 -0.035374896591511031 0.024612507353337254 -0.00019126424457961897 -0.028808160067950412 0.022536868598748684 0.0028647604897869866 0.0056740086526513682 0.039086221952345256 0.022681515890909533 -0.29728598602864442 -0.078696332294866583 -0.16953529129957823 -0.046475013844902852 -0.23416999907282562 -0.0080217127340325208 -0.21374462364001828 0.027269494868340821 0.022627194282207094 -0.071190295290592454
leaf_weight=170.35481163463555 13.142382560065018 1.8297129250422579 153.44053428742336 35.956686693505617 36.143608915619552 1.4407155466033135 5.3698554775910434 3.1275303687434644 44.750987780720607 7.0131220299517727 54.901312757432606 26.827924667857587 105.49311956737074 3021.9922292425854 98.131212408305146 79.177041816146811 50.079495045676595 26.149137761123711 24.786117518466199 87.537988325202605 0.27580386912450183 2.6764515692484556 2.2370306071825325 5.8610112819587812 0.17067519901320238 16.652890672965444 0.73784816847182755 15.51994219352491 6.8075408581644288 2.4655089589650743
leaf_count=1487 429 217 2578 1759 371 20 36 71 1040 90 936 518 4866 799794 2756 3528 2101 368 1019 13087 20 19 50 88 4 313 19 994 279 68
internal_value=3.13915e-06 0.00879925 -0.000325759 0.000377081 -0.00723062 -0.00429947 -0.0271357 -0.0709737 -0.00880344 0.00816366 -0.013019 2.39245e-05 0.0098184 -0.000506254 -0.0108471 0.000389016 -0.0104745 0.0158168 0.0219331 0.0202501 -0.0602123 -0.0089319 -0.106094 -0.0268492 0.0221817 -0.00555698 -0.0235098 0.00449311 -0.0132257 -0.104026
internal_weight=4101.05 147.817 3953.23 3588.01 365.221 318.343 46.878 10.7344 260.106 51.7641 208.342 3552.06 182.401 3369.66 268.486 3101.17 76.9074 58.237 50.9353 89.8142 2.10552 58.0026 7.60689 7.30173 87.7087 55.3261 19.8562 35.4699 19.9499 3.20336
internal_count=838925 15449 823476 816809 6667 6139 528 157 4644 1130 3514 815050 7485 807565 4243 803322 2619 1495 1387 13328 237 2121 86 108 13091 2102 400 1702 708 87
is_linear=0
shrinkage=0.05


Tree=185
num_leaves=31
num_cat=0
split_feature=14 12 6 13 6 11 14 11 17 1 10 0 11 18 13 14 10 2 2 11 25 11 6 25 9 2 1 12 14 12
split_gain=4.8222 24.1787 19.4751 18.08 17.8295 13.1725 29.0223 12.4084 19.3067 12.3741 17.1708 13.6723 12.111 9.8172 9.5182 9.45257 9.6135 9.31565 8.37878 7.41073 9.52424 6.58672 6.81788 5.58867 5.47424 6.55171 5.62215 5.35499 4.88071 4.66152
threshold=0.35504201680672276 0.71892556179775291 0.95000000000000007 0.8865422123154082 0.80909090909090919 0.52390295389071417 0.049390243902439034 0.64328182686830349 0.18333333333333338 0.95754013329469723 0.69705627705627726 0.52041666666666686 0.74867953249736208 1.0000000180025095e-35 0.50108225108225113 0.47493734335839605 0.53883861236802422 0.83438818565400863 0.70087719298245621 0.96744022847817235 1.0000000180025095e-35 1.0000000180025095e-35 0.61250000000000016 1.0000000180025095e-35 0.29679679679679688 0.37248718959400873 0.63426213480561311 0.59316189362945659 0.37171052631578955 0.52839964805943895
decision_type=2 2 2 2 2 2 2 2 2 2 2 2 2 2 2 2 2 2 2 2 2 2 2 2 2 2 2 2 2 2
left_child=3 12 4 5 9 14 -7 13 -9 11 -11 -3 17 -8 21 16 18 24 -14 20 -6 22 -1 -23 26 -26 -2 -18 -4 -5
right_child=1 2 28 29 19 6 7 8 -10 10 -12 -13 15 -15 -16 -17 27 -19 -20 -21 -22 23 -24 -25 25 -27 -28 -29 -30 -31
leaf_value=0.0096200470945176503 0.025157290234604775 -0.0037468007671363638 -0.2283856409773847 0.047783425058487941 -0.020456688770381381 -0.048101659306811949 3.013866656186866e-05 0.0017251271024476521 -0.022820532327866877 0.012319038757851451 -0.01473998742448931 0.0051653830532478774 -0.064710930669792027 0.034699087900777026 0.051870273469769947 0.027155035206661321 0.085501947301023007 0.040121261242608147 -0.0061934318880993919 0.011090561657906868 -0.10108614919700676 -0.041666585047379731 -0.0024706484839324945 0.2597911847382714 -0.079417088514407222 0.027434802103775455 -0.056416904827902098 0.0050637786748106437 0.033008921802857874 0.012607591771634456
leaf_weight=163.25775606839306 3.4009709218516928 1576.0857872332854 0.17927245108876277 19.971189754083753 112.65138562145876 45.488256727099724 94.474583606570377 151.11955577248045 170.49661502242634 362.84088735509431 69.927034202206414 591.97677250334527 7.009507833456154 26.049931890322114 9.0641911964939919 32.281961306347512 4.0231017799815145 70.093600350082852 48.050558817689307 18.372783182829153 3.7856208963785312 11.171947605786041 407.95005511585623 0.1558883028810677 1.5353157800855139 21.868829863989959 5.5740027001593262 4.2599408645182848 46.155603119084844 17.82446127186995
leaf_count=26124 101 22433 32 440 1051 503999 77455 35872 18121 10080 666 8823 127 18448 360 906 111 860 1068 430 40 89355 1851 21 25 292 105 99 19368 262
internal_value=4.54132e-06 0.00105474 -0.00014707 -0.00279726 -0.00069152 -0.00398768 -0.0100721 -0.0061595 -0.0112871 0.000227479 0.00794682 -0.00131338 0.0179323 0.00752342 0.0010274 0.00513445 -0.00608804 0.029875 -0.0136431 -0.0184214 -0.0230781 0.00023629 0.000985011 -0.0375181 0.00769409 0.0204253 -0.0255052 0.0441329 0.0319976 0.0311945
internal_weight=4097.1 2980.07 2781.98 1117.02 2735.64 1079.23 487.629 442.141 321.616 2600.83 432.768 2168.06 198.098 120.525 591.6 95.6251 63.3431 102.473 55.0601 134.81 116.437 582.536 571.208 11.3278 32.3791 23.4041 8.97497 8.28304 46.3349 37.7957
internal_count=838925 66617 62923 772308 43523 771606 653895 149896 53993 42002 10746 31256 3694 95903 117711 2311 1405 1383 1195 1521 1091 117351 27975 89376 523 317 206 210 19400 702
is_linear=0
shrinkage=0.05


Tree=186
num_leaves=31
num_cat=0
split_feature=13 14 14 12 8 0 14 0 12 0 14 11 11 0 12 14 13 15 18 22 13 22 12 13 17 12 11 18 16 14
split_gain=4.67626 29.2704 26.8851 12.3561 11.6125 11.466 15.0394 13.6269 13.0171 11.7873 11.4891 10.0379 9.78912 8.9711 8.96623 24.1424 14.8099 12.4431 8.5292 8.50423 8.89938 8.0271 10.282 11.7244 8.47218 8.15965 7.54728 7.16066 6.84653 6.48682
threshold=0.94148770619358868 0.67424242424242431 0.7231800766283526 0.93682289884821535 1.0000000180025095e-35 0.25227272727272732 0.81534090909090928 0.52440476190476204 0.93682289884821535 0.16843971631205676 0.68990384615384626 0.74867953249736208 0.70346105877015563 0.79205974842767313 0.7756861365235751 0.47493734335839605 0.91577525053484987 1.0000000180025095e-35 1.0000000180025095e-35 1.0000000180025095e-35 0.89680527383367148 1.0000000180025095e-35 0.92068331397599701 0.97067423460612334 0.36666666666666675 0.9630991285403051 0.95441308243727607 1.0000000180025095e-35 1.0000000180025095e-35 0.73030303030303034
decision_type=2 2 2 2 2 2 2 2 2 2 2 2 2 2 2 2 2 2 2 2 2 2 2 2 2 2 2 2 2 2
left_child=2 4 3 14 12 6 8 10 9 -3 -7 -10 -2 -9 15 16 -1 -17 -12 20 -16 22 28 -24 26 -26 -23 -15 -6 -4
right_child=1 5 29 -5 21 7 -8 13 11 -11 18 -13 -14 27 19 17 -18 -19 -20 -21 -22 24 23 -25 25 -27 -28 -29 -30 -31
leaf_value=-0.0018633516597622111 0.037436780976022009 0.036997782043338312 0.061722382603778971 -0.030457687885931339 0.027521052635249899 -0.11212619657858208 0.024626617105669574 0.010574098355601164 -0.055502731200311441 -0.0014278717217625087 -0.0064143741052119681 -0.008082455432250028 -0.017592793054968629 -0.01810490778573267 -0.0022371822918873518 0.031509277780405957 0.03735206631573644 -0.0012728751972100722 -0.022253627081265086 0.0045320745491522632 -0.011604495262925086 0.040259130879622268 0.0050391546948883132 0.03850635655096863 -0.024272343291769312 0.017376585422131909 -0.075755492557030069 0.010451229376269765 0.097989725292607854 0.021024296938134839
leaf_weight=1218.4310562522769 9.7522006225190108 30.913603698485531 11.277225084835662 37.835409584455192 140.78354174079141 2.8310928735882035 77.85478615143802 153.38692844327306 12.974490059539674 56.31384952791268 290.12881795925205 79.784965591446962 47.172853316704277 66.709118622820824 536.57778529613279 92.214941626414657 24.560952806437854 42.189898213138804 120.206102503289 203.560114391963 480.70511702541262 16.329367708414797 142.14881678007077 32.073993076104671 33.49828460754361 18.121717002883088 1.5335111335734826 32.721017226314871 3.533322950359433 74.288063162355684
leaf_count=774126 155 2803 181 519 4748 19 9898 5527 117 1058 8037 2059 724 2309 7063 739 435 1616 1536 1926 6912 194 2922 828 462 265 52 503 70 1122
internal_value=4.14389e-06 0.00238803 -0.00119476 -0.00209009 0.0129236 -0.0026863 0.00626605 -0.00615228 -0.00167597 0.0121903 -0.011747 -0.0147152 -0.00816532 0.00299086 -0.001677 0.00108826 -0.00108847 0.0212189 -0.0110544 -0.00479686 -0.0066636 0.0160175 0.0193762 0.0112004 0.000619519 -0.00965107 0.0302994 -0.0087075 0.0292463 0.0263882
internal_weight=4090.41 1368.77 2721.64 2636.08 444.948 923.825 257.842 665.983 179.987 87.2275 413.166 92.7595 56.9251 252.817 2598.24 1377.4 1242.99 134.405 410.335 1220.84 1017.28 388.023 318.54 174.223 69.4829 51.62 17.8629 99.4301 144.317 85.5653
internal_count=838925 44286 794639 793336 10420 33866 15935 17931 6037 3861 9592 2176 879 8339 792817 776916 774561 2355 9573 15901 13975 9541 8568 3750 973 727 246 2812 4818 1303
is_linear=0
shrinkage=0.05


Tree=187
num_leaves=31
num_cat=0
split_feature=17 13 10 14 14 13 13 10 12 10 4 14 14 25 10 13 12 10 2 10 13 13 25 14 14 14 7 0 7 14
split_gain=4.73441 14.869 32.9534 15.3719 14.8219 23.0248 20.0183 17.5126 14.7237 11.3253 14.6015 9.34448 25.392 16.1371 9.02379 14.1282 8.7037 17.9545 7.01072 8.96587 6.88946 6.85878 6.85409 6.81237 6.46494 6.02011 6.00618 6.93042 5.75833 5.65957
threshold=0.22500000000000003 0.53091882442914906 0.93969696969696981 0.049390243902439034 0.47493734335839605 0.86284463023788216 0.91577525053484987 0.33498349834983504 0.46384282085761247 0.84834956709956721 0.82300358116475347 0.65108695652173931 0.67424242424242431 1.0000000180025095e-35 0.098126750700280124 0.95263026676639251 0.61369648869648874 0.64879240943070748 0.53093112244897966 0.19163509180996796 0.84877072612921667 0.89680527383367148 1.0000000180025095e-35 0.30217391304347835 0.13423423423423428 0.70710784313725505 0.68333333333333346 0.15184453227931491 0.89444444444444449 0.44949494949494956
decision_type=2 2 2 2 2 2 2 2 2 2 2 2 2 2 2 2 2 2 2 2 2 2 2 2 2 2 2 2 2 2
left_child=1 2 3 -1 6 7 16 -6 -3 11 -11 13 -13 -7 15 -8 17 23 -10 21 -21 -20 -5 -2 -19 -12 27 -18 29 -16
right_child=4 8 -4 22 5 9 14 -9 18 10 25 12 -14 -15 28 -17 26 24 19 20 -22 -23 -24 -25 -26 -27 -28 -29 -30 -31
leaf_value=-0.049224014357007892 -0.03915916702937957 0.039637675798550015 0.0010725939667156604 -0.014501210978212609 -0.0010425285957201631 -0.0033513613660696552 -0.053038577384730549 0.042866010802740183 -0.017697448204180028 0.027664219562365557 -0.027793982693509502 0.014115470929104874 -0.001876428989336292 -0.042623646599881951 -0.0012897422450510708 0.058911994537073187 0.038036606905541955 -0.034862181443262294 -0.013372391871147166 0.0098711836722034322 0.00046885627461207063 0.034648630077426815 0.063324298101909163 0.0041495979164521942 0.028935182480654006 -0.074711323382744152 -0.019189011425188293 -0.0089333781076395453 0.037147508840690652 0.077871376973062581
leaf_weight=51.320910028642174 24.567933634112705 32.02188138972997 572.41043749304117 42.565436216154922 38.530243074870668 556.12055841821712 9.8881293119629827 55.302547662402503 32.422717777955768 9.3942785284016264 20.296588289318606 340.52065205591498 915.74386565086024 27.448371171660256 24.071059657086156 3.9416124678682527 8.7680579563602787 4.3861894154470056 9.0170762403868121 352.70681232767674 435.25910814772942 42.399893388035707 3.0305036859099337 14.403313610120675 41.949740754967934 10.3103949285578 294.17652828845894 75.285684038295585 34.293563386192545 2.4915836318396023
leaf_count=584952 9953 2636 28835 114135 667 6884 95 710 7676 100 167 8248 33354 696 340 47 104 7505 211 10666 6821 1296 3687 406 2737 239 3156 2018 547 37
internal_value=5.34268e-06 0.00215624 -0.00349247 -0.0304546 -0.00134173 0.000663972 -0.00869663 0.024836 0.00633937 -0.000542585 -0.0268627 2.96605e-05 0.0024583 -0.00519855 0.0153262 -0.0211316 -0.0125672 0.00185939 0.00511631 0.00599753 0.0046775 0.0262271 -0.00932859 -0.0231528 0.0228961 -0.0435988 -0.0158211 -0.00403371 0.0236114 0.00613559
internal_weight=4085.05 1573.15 669.327 96.9168 2511.89 1973.67 538.223 93.8328 903.827 1879.83 40.0013 1839.83 1256.26 583.569 74.6859 13.8297 463.537 85.3072 871.806 839.383 787.966 51.417 45.5959 38.9712 46.3359 30.607 378.23 84.0537 60.8562 26.5626
internal_count=838925 760915 731609 702774 78010 51065 26945 1377 29306 49688 506 49182 41602 7580 1066 142 25879 20601 26670 18994 17487 1507 117822 10359 10242 406 5278 2122 924 377
is_linear=0
shrinkage=0.05


Tree=188
num_leaves=31
num_cat=0
split_feature=17 11 10 12 3 25 10 13 13 12 12 12 10 13 15 10 11 10 13 10 12 10 11 15 11 13 17 4 9 1
split_gain=4.63031 10.6439 7.47167 12.0998 6.96663 9.2459 5.81031 5.6081 13.4725 16.9088 9.60456 9.13125 13.3154 8.42737 7.69843 7.24369 6.64333 6.54576 5.12167 8.95369 15.1947 9.98233 8.07289 7.07555 8.07732 6.73779 6.31205 5.79993 12.0845 11.4592
threshold=0.55000000000000016 0.96744022847817235 0.098126750700280124 0.95548478414720461 0.87026647966339421 1.0000000180025095e-35 0.86219390304847587 0.96677704194260494 0.9492598154902383 0.93682289884821535 0.87526824034334771 0.93112570698777597 0.13472342264477097 0.93764952153110059 1.0000000180025095e-35 0.51530771633864425 0.81385202075554652 0.87194394752534299 0.93116609634114245 0.22295321637426904 0.93112570698777597 0.71887913223140509 0.79261711247172417 1.0000000180025095e-35 0.94502042062674152 0.9492598154902383 0.63333333333333341 0.74403493302006318 0.41486424298205254 0.92284702886618086
decision_type=2 2 2 2 2 2 2 2 2 2 2 2 2 2 2 2 2 2 2 2 2 2 2 2 2 2 2 2 2 2
left_child=1 7 3 -3 5 -5 18 8 9 13 -9 12 -12 -1 17 -11 -13 -10 23 22 21 -21 -20 27 -25 -22 -26 29 -29 -2
right_child=6 2 -4 4 -6 -7 -8 10 14 15 11 16 -14 -15 -16 -17 -18 -19 19 20 25 -23 -24 24 26 -27 -28 28 -30 -31
leaf_value=-0.00016364486931244151 -0.040602321400131834 -0.020579693393644471 0.025887335887492119 -0.077724634097612488 0.032447794400092413 0.042216509945156154 -0.034682462978366892 0.017580067490359948 0.020980112554865135 -0.0096888367727459013 -0.10846555790148611 -0.0099568667533526944 -0.019109519537364485 0.013524041508354187 -0.0020888804145465095 -0.052432400133110291 0.016536666440666606 -0.045755677491542177 -0.033428007596750013 0.016244550882196254 -0.034785171795347354 0.067873539998187696 -0.0021236249593179946 0.018549997500926684 -0.077830798891149119 0.00010441546910818594 0.057658204338146592 -0.0089426410246813675 0.10500128114516843 0.042669509743064743
leaf_weight=2216.344793768003 30.843920435770997 30.54259393987013 71.118983743246645 3.6317711144220075 29.650452302157646 2.8816771283745766 14.041637862799687 33.681242014223244 145.35631953843404 18.704384669545107 4.3993449192494145 78.903406083205482 79.678397389361635 118.46392830257537 58.653534207842313 21.085908812470734 33.796715898235561 3.7696580460760734 21.365804734930862 104.51290589105338 17.330605320865288 10.283557084505444 570.75285729239113 39.315166827465873 3.9722540280781677 68.659664834063733 1.0970085368026046 238.95166862360202 2.3498266672395394 4.7703749009524463
leaf_count=784386 3645 960 3574 41 1915 28 188 1476 1163 243 65 1758 1999 3125 2283 120 898 29 325 2269 150 156 23048 1090 91 1583 40 2189 35 53
internal_value=4.42065e-06 0.00104613 0.0146126 0.00259211 0.0221621 -0.0246603 -0.00271992 0.000381386 0.00104833 -1.99574e-05 -0.00709202 -0.011315 -0.023785 0.000530843 0.0132573 -0.0323398 -0.00201194 0.0192931 -0.00231711 -0.000159179 0.00896507 0.0208695 -0.0032532 -0.00764246 0.0108908 -0.00692728 -0.0485104 -0.010613 -0.00783304 -0.0294484
internal_weight=4078.91 2950.66 137.825 66.7065 36.1639 6.51345 1128.25 2812.84 2582.38 2374.6 230.459 196.778 84.0777 2334.81 207.78 39.7903 112.7 149.126 1114.21 792.905 200.787 114.796 592.119 321.3 44.3844 85.9903 5.06926 276.916 241.301 35.6143
internal_count=838925 804063 6518 2944 1984 69 34862 797545 791349 787874 6196 4720 2064 787511 3475 363 2656 1192 34674 27531 4158 2425 23373 7143 1221 1733 131 5922 2224 3698
is_linear=0
shrinkage=0.05


Tree=189
num_leaves=31
num_cat=0
split_feature=0 6 6 1 0 0 9 8 4 0 9 6 0 4 0 1 0 8 0 1 6 3 9 15 14 10 4 0 9 1
split_gain=4.71697 4.88662 12.549 11.5917 15.1412 20.7119 13.8896 13.4227 12.7517 10.4173 7.28528 6.31722 14.9917 24.9102 25.9538 19.1594 31.8585 15.9601 12.7137 23.0347 16.2886 14.63 12.9614 8.95187 8.84148 8.16844 5.82751 5.33314 5.07269 4.58818
threshold=0.94312668463611871 0.58571428571428574 0.5634920634920636 0.90498325035343308 0.25227272727272732 0.46737588652482276 0.14854215918045707 1.0000000180025095e-35 0.62996144959667133 0.79516317016317017 0.12632978723404256 0.76388888888888895 0.12632978723404256 0.89170110672052882 0.043961352657004842 0.95754013329469723 0.20881782945736438 1.0000000180025095e-35 0.16843971631205676 0.93896677559912867 0.95000000000000007 0.99350649350649356 0.14119601328903655 1.0000000180025095e-35 0.4188596491228071 0.84136662795199391 0.46968854939126981 0.19538706256627789 0.61602564102564117 0.45563554802685247
decision_type=2 2 2 2 2 2 2 2 2 2 2 2 2 2 2 2 2 2 2 2 2 2 2 2 2 2 2 2 2 2
left_child=1 2 3 4 6 -6 -1 26 -9 10 27 12 13 17 -15 16 -14 -3 19 24 21 -20 -21 -22 -13 -17 -5 -4 -12 -2
right_child=29 11 9 7 5 -7 -8 8 -10 -11 28 18 15 14 -16 25 -18 -19 20 22 23 -23 -24 -25 -26 -27 -28 -29 -30 -31
leaf_value=0.00033130595631690913 0.017606151308892658 -0.048168898404477065 0.0030617555774669902 0.063283839467429881 -0.017867402008495264 -0.0003819275794807756 0.060778971191874469 0.046719264099403919 0.0053272899590248481 -0.10586288085739366 -0.011868370211251641 0.014071026489725184 -0.018534980602082984 0.021957673311939898 -0.026178664403090114 0.020848456933035039 0.0044144751147920597 0.044198828490114354 0.067399309458748807 0.0012335822649376955 0.0034965523905744994 -0.013643600700723202 -0.054332096221562126 0.044683030338853721 0.054150777840563248 -2.5437749920341588e-05 -0.067733535048519047 -0.060384718274983484 0.063679937164559192 0.10113930468666897
leaf_weight=22.971082556599868 12.353483753327962 5.5825687386095515 4.3287815823860027 0.94838690873075293 261.76430073543088 479.75039686652417 16.208861246632296 19.817476576419722 304.63357678147077 3.748454427568503 35.018345267133554 27.136534106743056 170.14306246839988 34.467757448437624 149.28531729342649 212.62430349251372 1359.9856886037014 28.818928484863136 5.6498907528584814 293.02473914006259 98.040280859888298 387.55174830903707 10.884747558971865 15.244427341793196 27.914005961705698 60.119266793364659 8.0762156671262328 14.10279144800006 2.3724567301396737 1.8961702495671477
leaf_count=1679 28348 189 160 26 57264 643405 963 872 10634 84 1150 760 4469 1575 2821 5740 38368 1414 83 16148 4909 5781 223 6672 2074 592 153 609 42 1718
internal_value=4.76621e-06 -9.60183e-05 -0.0028162 -0.00162075 -0.00495393 -0.00655453 0.0253387 0.00618251 0.00785551 -0.025175 -0.0197568 0.0010101 0.00254078 -0.0098389 -0.0171494 0.00403877 0.0018626 0.0292097 -0.0025644 0.00463417 -0.00766621 -0.0124791 -0.000756544 0.00903891 0.0343939 0.0162473 -0.053965 -0.0454839 -0.00707481 0.0287217
internal_weight=4074.46 4060.21 1173.74 1114.17 780.695 741.515 39.1799 333.476 324.451 59.5708 55.8224 2886.47 2021.03 218.155 183.753 1802.87 1530.13 34.4015 865.446 358.96 506.486 393.202 303.909 113.285 55.0505 272.744 9.0246 18.4316 37.3908 14.2497
internal_count=838925 808859 717041 714996 703311 700669 2642 11685 11506 2045 1961 91818 55168 5999 4396 49169 42837 1603 36650 19205 17445 5864 16371 11581 2834 6332 179 769 1192 30066
is_linear=0
shrinkage=0.05


Tree=190
num_leaves=31
num_cat=0
split_feature=14 8 2 5 7 6 5 5 1 4 0 0 4 6 0 5 7 6 9 20 6 6 4 1 2 9 1 1 6 0
split_gain=4.69595 8.67827 5.17005 10.717 14.6879 13.0062 10.414 14.0986 13.1055 11.0276 9.4332 9.07742 9.01438 23.9131 14.3925 13.6405 17.0786 13.5962 12.6082 8.7022 6.78437 6.40046 6.13489 5.73664 5.3856 5.24362 5.1617 9.45743 4.52956 5.67346
threshold=0.95119047619047625 1.0000000180025095e-35 0.59611795446061977 0.57204242905338576 0.68333333333333346 0.47727272727272735 0.50323576915428803 0.64202650137866046 0.89333845366103437 0.50519433395073043 0.86602564102564117 0.36626016260162603 0.8348012254901408 0.68333333333333346 0.37617924528301894 0.83743493969231286 0.89444444444444449 0.95000000000000007 0.067424242424242428 0.099999994039535536 0.10555555555555557 0.6515151515151516 0.46214443800146893 0.39220706403212718 0.85215543412264738 0.64760348583878014 0.36842498270766527 0.36519063180827899 0.17156862745098042 0.41048534798534803
decision_type=2 2 2 2 2 2 2 2 2 2 2 2 2 2 2 2 2 2 2 2 2 2 2 2 2 2 2 2 2 2
left_child=2 -2 6 4 5 11 20 8 9 -8 24 -4 13 14 -5 18 -17 -15 -14 -7 22 -9 23 -1 -6 -10 27 -3 -22 -30
right_child=1 26 3 12 10 19 7 21 25 -11 -12 -13 15 17 -16 16 -18 -19 -20 -21 28 -23 -24 -25 -26 -27 -28 -29 29 -31
leaf_value=-0.065646085038104429 -0.0011777593143320409 -0.036888656152061675 0.017926009538427799 -0.011022846539819367 -0.047283781166396747 0.021809189166402093 0.026787237599781796 -0.011557883896670052 0.031923371115702481 -0.016691759412313732 -0.15472663579052817 -0.012068178387033971 -0.0096486293755011273 -0.0281683510297931 0.0060785155920552083 -0.01261849688777434 0.00088807399390653972 0.028990836698163599 0.016670551979907747 -0.038164236163162023 -0.051595514992843663 -0.069188226102407033 0.083966890622378998 0.010509865330200329 -0.00080433535477858475 0.09504854164377402 0.038525074438470884 -0.64696357055579157 -0.040986276379331672 -0.01195450272701417
leaf_weight=2.8903629829801565 42.418026553816162 0.55849751294590788 38.688871899046717 205.46008029243967 10.466049708527867 185.87712643980194 30.339867965654776 15.812183790663768 7.1473971093182609 28.081317561805918 1.3595586541050568 72.483499255018614 57.468700019271637 134.37493179373269 306.66297020989077 261.28325103119278 2245.1863746579693 11.276745218492577 218.56476705137175 6.251993262092582 11.284434835315549 6.9289906501508076 2.4089642130402344 17.116942430300696 15.406907874072202 6.0952954968379345 26.258318469204823 0.071678243693895638 21.419014595139743 78.516688693625838
leaf_count=26474 2034 206 7090 7938 304 13408 11450 1620 244 8250 52 123111 2536 2177 28558 5108 63721 1286 5408 311 211417 133 5910 130144 426 136 12326 20 11549 155578
internal_value=5.21093e-06 0.0129089 -0.00021843 0.000223688 0.00882328 0.0119815 -0.00752915 0.00518354 0.0160682 0.00588818 -0.0263518 -0.00162996 -0.00060254 -0.00586659 -0.000782428 0.000641865 -0.000519899 -0.0237429 0.011191 0.0198576 -0.0165098 -0.0291172 0.00858434 -0.000492033 -0.0196061 0.0609784 0.0351313 -0.106281 -0.0215675 -0.0181768
internal_weight=4068.16 69.3065 3998.85 3770.81 330.534 303.301 228.041 94.4051 71.6639 58.4212 27.2325 111.172 3440.28 657.775 512.123 2782.5 2506.47 145.652 276.033 192.129 133.636 22.7412 22.4163 20.0073 25.873 13.2427 26.8885 0.630176 111.22 99.9357
internal_count=838925 14586 824339 261434 144702 143920 562905 21833 20080 19700 782 130201 116732 39959 36496 76773 68829 3463 7944 13719 541072 1753 162528 156618 730 380 12552 226 378544 167127
is_linear=0
shrinkage=0.05


Tree=191
num_leaves=31
num_cat=0
split_feature=0 13 0 0 1 1 20 0 1 14 5 11 4 9 8 23 0 17 2 8 4 1 0 1 1 2 9 15 1 2
split_gain=4.36152 5.04436 4.5897 13.5762 18.9326 20.9156 16.9301 10.6798 10.5517 7.8677 10.2399 7.42487 6.98904 6.46489 6.1637 6.04936 5.13198 4.62323 4.49906 8.36812 6.81842 6.50525 4.62971 5.53928 4.81937 4.40002 4.3311 4.3014 3.60111 2.75737
threshold=0.94312668463611871 0.57544101704937434 0.79205974842767313 0.61326979472140775 0.73838232398952042 0.82326647133949382 0.12500000000000003 0.35781671159029654 0.93348815322499534 0.78416149068322993 0.50552259175803993 0.96744022847817235 0.78573924488759916 0.71563342318059309 1.0000000180025095e-35 1.0000000180025095e-35 0.34833164812942369 0.63333333333333341 0.94201680672268906 1.0000000180025095e-35 0.78573924488759916 0.33762223762223764 0.90098039215686287 0.42229983561053169 0.44386104149262051 0.37884436160298235 0.3133928571428572 1.0000000180025095e-35 0.62205505279034712 0.76253132832080206
decision_type=2 2 2 2 2 2 2 2 2 2 2 2 2 2 2 2 2 2 2 2 2 2 2 2 2 2 2 2 2 2
left_child=2 -2 3 4 7 6 -6 16 -7 10 14 27 -9 -12 -5 18 -1 -13 19 20 -4 -21 24 -24 -20 -3 -27 -11 -17 -28
right_child=1 25 15 9 5 8 -8 12 -10 11 13 17 -14 -15 -16 28 -18 -19 22 21 -22 -23 23 -25 -26 26 29 -29 -30 -31
leaf_value=-0.03158538565786604 -0.051998225874038531 -0.034748170057442379 -0.0054544051363749416 -0.028277783497393235 0.011358133445705517 -0.004074539360243888 0.088380055573154745 -0.019519240069340613 0.0020318490893512786 0.057620030017144087 0.0093722997852149752 0.035848138967078176 -0.001136442418717665 0.073023505239623338 0.0061149327826215509 -0.030393926519746678 -0.08363126840579696 -0.014633729795528561 -0.0068304480938304992 -0.073386586475140014 0.033297984171072034 -0.016147159130548493 0.072383255781007572 -0.032970764787405613 0.013127177787444376 0.024738837343322065 0.076590159625393228 0.022709698084836766 0.055315383910600639 0.21216949152583689
leaf_weight=26.814846300312638 1.7409805546485575 1.7440860300921475 42.359874955047417 30.634925851538355 277.37204352254957 1351.0211512737133 7.3229855361096261 99.609295933924841 1485.1119826425565 18.077030707005179 266.37883596313441 6.8794119308295203 107.51306449834374 4.0498714376462877 22.66523662981308 29.806668777640883 5.7525401122366011 13.310808524372987 78.103111340373289 5.2905403546828884 15.505748135554311 80.370752982458725 4.7077886079932787 1.6975170890073057 49.369860845268704 6.3715981804907624 3.8876953015769686 17.237051793083083 1.2780670974516386 0.41505114827305067
leaf_count=4578 29362 131 10993 211166 25813 86810 542 120594 46613 569 19349 258 4847 1227 51321 196490 941 1536 2272 512 512 13691 261 125 1836 318 242 578 5425 13
internal_value=5.18488e-06 0.027707 -9.17069e-05 0.000391828 -0.00062019 0.000419879 0.0133393 -0.0141622 -0.000876992 0.00935968 0.00637764 0.0267524 -0.0099771 0.0103255 -0.0136527 -0.00595349 -0.0407785 0.00256695 -0.00360969 -0.00975951 0.00492974 -0.0196823 0.00298334 0.0444626 0.000899074 0.0388811 0.0509114 0.0405801 -0.0268699 0.0896684
internal_weight=4062.4 14.1594 4048.24 3739.75 3360.52 3120.83 284.695 239.69 2836.13 379.233 323.729 55.5043 207.122 270.429 53.3002 308.49 32.5674 20.1902 277.405 143.527 57.8656 85.6613 133.878 6.40531 127.473 12.4184 10.6743 35.3141 31.0847 4.30275
internal_count=838925 30066 808859 576742 290738 159778 26355 130960 133423 286004 283063 2941 125441 20576 262487 232117 5519 1794 30202 25708 11505 14203 4494 386 4108 704 573 1147 201915 255
is_linear=0
shrinkage=0.05


Tree=192
num_leaves=31
num_cat=0
split_feature=14 17 11 14 11 0 13 0 6 2 6 14 14 7 11 14 13 13 14 14 13 1 7 0 1 0 14 1 9 2
split_gain=4.40784 6.28064 19.0733 13.7911 16.0426 14.7248 9.90206 10.8797 9.02335 8.15026 7.99307 6.7034 6.53237 6.33988 6.16791 5.81836 11.9494 10.2569 18.9378 16.4604 9.50809 6.16346 5.77579 5.68407 5.37573 5.31276 4.45965 4.08949 3.58313 4.35375
threshold=0.95119047619047625 0.87500000000000011 0.98672718585762087 0.81534090909090928 0.94502042062674152 0.25227272727272732 0.9805186590765339 0.23582887700534763 0.72077922077922085 0.80229885057471273 0.76388888888888895 0.84412955465587058 0.78759398496240618 0.64583333333333337 0.86784613958684831 0.84412955465587058 0.9805186590765339 0.97067423460612334 0.77525252525252542 0.71714285714285719 0.9979423868312759 0.37504208754208762 0.68333333333333346 0.51754926108374399 0.6933204931315321 0.25227272727272732 0.7633053221288516 0.93896677559912867 0.3504385964912281 0.17082066869300913
decision_type=2 2 2 2 2 2 2 2 2 2 2 2 2 2 2 2 2 2 2 2 2 2 2 2 2 2 2 2 2 2
left_child=1 2 15 6 10 -6 7 8 -3 14 27 -12 13 23 -8 17 21 18 -1 -19 -18 -17 28 -4 -7 -9 -11 -5 -2 -30
right_child=22 3 12 4 5 24 9 25 -10 26 11 -13 -14 -15 -16 16 20 19 -20 -21 -22 -23 -24 -25 -26 -27 -28 -29 29 -31
leaf_value=-0.00032038184669838589 -0.0031183083241028038 -0.031617625836519052 -0.043820256348337666 -0.00029673825418923211 0.02565168105293994 -0.091722869031125212 -0.060698603649975758 0.035502325798376269 -0.0025369301618618813 0.037549232033738084 0.0058361652697687724 -0.098466410187959194 0.055936119482198413 0.034945443067490881 0.0062078021952335517 -0.071012931634686624 -0.018405072383835361 0.0094230267165721759 0.02091676573223538 -0.019635774587064642 0.017064840530321795 0.035606453347220596 0.042548316647171999 0.040068371319804862 -0.047703924714985461 -7.9474115248334739e-05 0.0045799047797694739 0.055517115081125105 -0.065222682396958581 0.031077848230287003
leaf_weight=3083.8097323196826 37.879676216776716 57.581156135012861 6.1977879939368012 31.564589689020067 5.5527909806114613 10.560378765687348 4.9732828715350506 11.284616442921104 49.69675036764238 31.513222746434622 2.6231353035545899 3.7321530762128532 18.250377221324015 17.20228068891447 11.206657656119203 1.4015046594431613 38.478456500917673 70.76027743529994 108.67216558521613 156.55299586884212 37.120045786374249 41.273117427685065 13.021300506967235 2.9950678021414205 20.207953439094126 149.1124308834078 15.206456888641695 3.6627265047281972 1.2643611659295881 16.362605833332054
leaf_count=803243 1963 679 152 395 75 67 73 169 740 1034 202 218 722 1220 136 20 471 2601 1843 3088 2946 769 10579 57 133 2561 501 224 10 2034
internal_value=4.89456e-06 -0.000210988 0.000458741 -0.0060851 -0.0250103 -0.0492878 -0.00162517 -0.00582003 -0.0181459 0.0162265 -0.0038046 -0.0554157 0.0329353 0.0170319 -0.0143574 4.89316e-05 0.0109519 -0.000328145 0.000402531 -0.0105901 -0.000988791 0.0321049 0.0125783 -0.016489 -0.0628122 0.00242386 0.0268183 0.00550645 0.00554761 0.0241703
internal_weight=4059.72 3991.19 3582.71 408.478 77.9037 36.3211 330.575 267.675 107.278 62.8996 41.5826 6.35529 44.6455 26.3951 16.1799 3538.07 118.273 3419.8 3192.48 227.313 75.5985 42.6746 68.5279 9.19286 30.7683 160.397 46.7197 35.2273 55.5066 17.627
internal_count=838925 824339 817132 7207 1314 275 5893 4149 1419 1744 1039 420 2151 1429 209 814981 4206 810775 805086 5689 3417 789 14586 209 200 2730 1535 619 4007 2044
is_linear=0
shrinkage=0.05


Tree=193
num_leaves=31
num_cat=0
split_feature=17 11 14 13 11 13 11 12 6 6 10 13 10 11 15 10 10 13 25 14 22 12 15 13 15 6 6 10 20 9
split_gain=4.13307 17.8303 12.9951 21.1254 25.7519 17.7844 14.0228 21.4623 11.77 11.9801 9.2839 9.19266 40.5436 17.233 8.39146 11.8619 8.12411 12.571 7.96416 7.68735 7.62806 6.87975 16.4584 8.24441 6.6038 6.36208 6.4431 5.30183 5.07499 5.04752
threshold=0.22500000000000003 0.94502042062674152 0.47493734335839605 0.86284463023788216 0.74867953249736208 0.91577525053484987 0.64483688975208708 0.68244631185807669 0.95000000000000007 0.78888888888888908 0.84834956709956721 0.48220618034447826 0.93969696969696981 0.62390360065153672 1.0000000180025095e-35 0.43920916481892097 0.098126750700280124 0.95263026676639251 1.0000000180025095e-35 0.71714285714285719 1.0000000180025095e-35 0.84756987316197119 1.0000000180025095e-35 0.94148770619358868 1.0000000180025095e-35 0.61250000000000016 0.72077922077922085 0.84834956709956721 0.15000000596046451 0.36055555555555557
decision_type=2 2 2 2 2 2 2 2 2 2 2 2 2 2 2 2 2 2 2 2 2 2 2 2 2 2 2 2 2 2
left_child=1 11 5 4 24 6 7 20 9 10 -5 12 18 -13 -8 -16 17 -7 -1 -11 -2 23 -23 -15 -4 29 -27 -18 -6 -14
right_child=2 -3 3 8 28 16 14 -9 -10 19 -12 13 25 21 15 -17 27 -19 -20 -21 -22 22 -24 -25 -26 26 -28 -29 -30 -31
leaf_value=-0.04158448844613534 0.034969494372229508 0.029270583257263689 0.058947492715450439 0.0012644191914879968 0.0039018980920836246 -0.051470883992497163 -0.018485736996755053 -0.030345545483508169 0.031193336203701058 -0.0052094097517338938 -0.026396860529009747 0.027246401830252783 0.00527881588476691 0.0038397365729911539 0.029713365464090521 -0.023339706805106962 0.025582356409169716 0.054610519895464331 0.059248985105516343 -0.023254681707169166 -0.011421618657688466 0.0020534967113450793 -0.02870738283861007 0.029785616101683732 -0.035686581010148856 -0.013837431845818444 0.001039580411695858 -0.04684918329730374 -0.084600856565252527 0.028668095017070801
leaf_weight=70.439592181695843 42.39972243700322 57.810435899766162 37.814933859277517 1517.654260782554 51.403291334281676 9.5601649038726446 336.99233553285376 25.641233114758506 28.780247855291236 205.73484775680117 30.952405199874192 75.02876485816887 135.87967136770749 495.35574604997964 22.731260080938227 19.638162067487428 57.763626023370307 3.9452633729670188 2.0142574460278402 82.759923091565724 11.202154208434875 204.06059443095 55.259437874890864 32.634076807997189 1.9379580176901061 94.837753084604628 312.89212430012412 2.6420040789525947 1.6725048720836628 27.78303047596637
leaf_count=664386 5477 2162 360 29898 955 95 15120 186 15464 2256 303 18183 17624 39619 953 599 905 47 3452 1767 3544 1861 1522 923 49 447 1435 19 13 9301
internal_value=5.895e-06 0.00202049 -0.00125887 0.000624061 0.0239044 -0.00818471 -0.011853 0.00727701 -0.000534147 -0.00103119 0.000711546 0.000974577 -0.00354606 0.00434981 -0.0158489 0.00512335 0.0145761 -0.0204819 -0.0387813 -0.010386 0.0252743 0.00216782 -0.00450145 0.0054434 0.0543341 0.000921846 -0.0024208 0.0224144 0.00111303 0.00924933
internal_weight=4055.22 1564 2491.23 1958.71 92.8287 532.516 458.605 79.2431 1865.88 1837.1 1548.61 1506.19 643.846 862.339 379.362 42.3694 73.9111 13.5054 72.4538 288.495 53.6019 787.31 259.32 527.99 39.7529 571.393 407.73 60.4056 53.0758 163.663
internal_count=838925 760915 78010 51065 1377 26945 25879 9207 49688 34224 30201 758753 696645 62108 16672 1552 1066 142 667838 4023 9021 43925 3383 40542 409 28807 1882 924 968 26925
is_linear=0
shrinkage=0.05


Tree=194
num_leaves=31
num_cat=0
split_feature=6 6 9 0 18 9 4 0 0 9 9 8 4 0 7 5 3 14 14 14 12 12 15 11 12 12 11 12 14 11
split_gain=4.18224 11.8111 9.56403 8.19768 8.27386 11.6291 19.9699 9.10051 9.68707 8.26737 6.77151 7.10537 6.59651 6.50296 5.61245 6.71044 5.58199 5.27218 22.4522 24.1309 15.1929 12.2719 11.2972 17.8526 14.4477 13.3427 8.64295 9.66597 8.27035 7.84136
threshold=0.58571428571428574 0.5634920634920636 1.0000000180025095e-35 0.19538706256627789 1.0000000180025095e-35 0.21132376395534294 0.81164657390364325 0.267479674796748 0.536811201445348 0.19098277608915909 0.13100686498855837 1.0000000180025095e-35 0.56408931946016527 0.90976933514246949 0.42261904761904767 0.44898126567758345 0.913664596273292 0.56385869565217395 0.57518796992481214 0.61721611721611735 0.90946348733233984 0.92068331397599701 1.0000000180025095e-35 0.77165036922408914 0.88304780326056942 0.83621460506706424 0.77165036922408914 0.83621460506706424 0.51190476190476197 0.81385202075554652
decision_type=2 2 2 2 2 2 2 2 2 2 2 2 2 2 2 2 2 2 2 2 2 2 2 2 2 2 2 2 2 2
left_child=1 3 -3 9 5 12 -7 -6 -9 10 11 -1 -5 17 -4 -16 -12 22 29 21 -21 -20 23 25 -25 -2 27 -24 -28 -19
right_child=13 2 14 4 7 6 -8 8 -10 -11 16 -13 -14 -15 15 -17 -18 18 19 20 -22 -23 26 24 -26 -27 28 -29 -30 -31
leaf_value=-0.037843889716526441 0.0037139539900049173 -0.062415428001020457 0.046576938068869721 0.011579488574377194 0.023873788734317024 -0.00086731306280084111 0.025695536389389637 -0.026465593846380038 -0.0025790838336215162 0.03680629517112799 0.074334040157494827 0.012684629351915706 -0.0086530880323123695 0.038841989258046279 -0.19051907669926035 -0.016428922144538016 -0.046929506637366371 0.041807803921242219 -0.03223813759117939 0.011432502140713341 -0.001001751590166548 0.014392482928297746 -0.0016886288313941889 -0.015191667086373579 0.0043575294677769254 -0.014222273733921334 0.025639895308293522 -0.16102868371186502 -0.016032124600788823 0.011842861645140023
leaf_weight=7.5680775719665681 862.23500748432707 12.875706373903084 3.5662534169096025 45.171230877081143 15.864039456293538 291.36430458721406 93.450303271583834 94.257774061536111 77.216023995583782 24.282936254552624 1.0591541174289858 86.238750429853098 372.48747016959078 11.328447198269712 0.56093473636428726 41.942675163205422 9.125266276387265 46.509572578012012 73.255207783950027 390.88627099158475 661.2438061019493 17.475246964080725 52.62599015806336 364.12198188326147 127.64047982217744 117.85913256322965 90.304812544374727 0.96930778166279097 13.7144288297859 41.148518344794866
leaf_count=365 38276 430 130 171471 1446 342056 3676 33774 144973 998 98 3513 42132 824 16 1470 280 481 1087 11211 25922 291 1638 3070 1121 833 5152 20 735 1436
internal_value=5.20207e-06 -0.00250485 -0.0243187 -0.00135482 -0.00289606 -0.000687319 0.00558334 -0.0123574 -0.0157093 0.010538 0.0044041 0.00860813 -0.00646487 0.00103414 -0.0136713 -0.0187264 -0.0343184 0.000884381 0.00335475 0.00148426 0.00361781 -0.0232568 -0.000981155 -0.00234353 -0.0101175 0.00155707 0.0117412 -0.0045704 0.0201456 0.0277416
internal_weight=4048.35 1177.03 58.9456 1118.09 989.811 802.473 384.815 187.338 171.474 128.274 103.991 93.8068 417.659 2871.32 46.0699 42.5036 10.1844 2859.99 1230.52 1142.86 1052.13 90.7305 1629.47 1471.86 491.762 980.094 157.615 53.5953 104.019 87.6581
internal_count=838925 746828 2046 744782 739528 559335 345732 180193 178747 5254 4256 3878 213603 92097 1616 1486 378 91273 40428 38511 37133 1378 50845 43300 4191 39109 7545 1658 5887 1917
is_linear=0
shrinkage=0.05


Tree=195
num_leaves=31
num_cat=0
split_feature=12 8 14 14 0 10 10 11 13 14 11 17 14 14 13 14 10 11 12 10 12 14 13 14 10 14 13 15 15 9
split_gain=4.19221 10.2503 7.04452 10.7969 11.363 6.90697 6.7787 15.5486 14.5093 17.6793 20.7584 16.3195 13.4296 11.5887 10.5582 9.95059 9.33124 19.9551 17.8013 25.0997 11.2472 9.76285 8.01294 12.5911 8.65426 8.01984 6.31672 15.2011 6.04628 5.75548
threshold=0.98312206238427591 1.0000000180025095e-35 0.78759398496240618 0.94868421052631591 0.23582887700534763 0.22295321637426904 0.077221228384019097 0.96744022847817235 0.95898421853721072 0.67424242424242431 0.97212578937568661 0.63333333333333341 0.78416149068322993 0.77525252525252542 0.97067423460612334 0.78416149068322993 0.22295321637426904 0.94502042062674152 0.88304780326056942 0.17677696078431376 0.93682289884821535 0.70710784313725505 0.9805186590765339 0.76696832579185525 0.11791443850267382 0.85357142857142865 0.95263026676639251 1.0000000180025095e-35 1.0000000180025095e-35 0.5865817091454274
decision_type=2 2 2 2 2 2 2 2 2 2 2 2 2 2 2 2 2 2 2 2 2 2 2 2 2 2 2 2 2 2
left_child=6 -2 -3 4 -4 -6 8 16 15 10 28 12 -11 -13 -12 26 18 20 21 -20 -18 -8 23 24 -9 -24 -1 -28 -10 -19
right_child=1 2 3 -5 5 -7 7 22 9 11 14 13 -14 -15 -16 -17 17 29 19 -21 -22 -23 25 -25 -26 -27 27 -29 -30 -31
leaf_value=-0.025099263229383259 -0.0079363809768009178 0.036785800075154106 0.054615432024611624 0.032712547886882951 -0.016817296947228517 -0.094654162358031035 -0.02247856343053984 -0.0041452218145155758 0.12093939531657848 -0.012901839885281825 -0.0058700772699905746 -0.0050551961678214239 0.047365844285207931 -0.039197411533945764 0.039320428735482298 0.040924511240128088 0.001396005742149895 0.044895630614709435 -0.0075366524811099388 0.017317026964851844 -0.010561679893581116 0.004211489566097233 -0.051864752232508554 0.045060475751748139 0.026287381919388089 0.018898897210800819 -0.04126650050366959 -0.20610277056060078 0.043959033346749748 -0.063217491235622425
leaf_weight=59.670045567385387 57.669381246028934 34.520992680278141 5.0766170755377997 23.458833653334295 19.917782387638002 3.3260043424088499 177.48736117576482 48.294715757656377 5.4895914802327734 18.675087440235075 41.472129162633792 50.143725165631622 18.302531081892084 49.27869759182795 18.77719518833328 5.0961562401498659 2516.0319572227318 30.210868901398502 343.82688159460668 144.1841919918661 213.32005037087947 42.458662213408388 8.1582706741755846 36.915316967555555 45.248571355739841 7.862845278257736 8.9929589554667437 1.6562458565458662 4.7646645604399964 1.2833113239612419
leaf_count=984 2121 888 189 12009 210 32 2891 1627 51 739 1132 709 541 951 525 96 793077 1510 6417 3524 2391 1033 290 1161 2570 912 111 27 188 19
internal_value=5.45946e-06 0.00838422 0.0192903 0.00762615 -0.0131538 -0.0279551 -0.000304035 0.000278663 -0.00776587 -0.000922513 0.0194067 -0.0114304 0.0169284 -0.0219778 0.00821391 -0.0265407 -0.000395157 0.000918047 -0.00551631 -0.000193566 0.00046142 -0.0173263 0.0162355 0.0203336 0.0105756 -0.0171354 -0.0314301 -0.0669031 0.0851703 0.0404903
internal_weight=4041.57 143.97 86.3002 51.7792 28.3204 23.2438 3897.6 3615.28 282.319 206.904 70.5036 136.4 36.9776 99.4224 60.2493 75.4154 3468.8 2760.85 707.957 488.011 2729.35 219.946 146.48 130.459 93.5433 16.0211 70.3193 10.6492 10.2543 31.4942
internal_count=838925 15449 13328 12440 431 242 823476 817422 6054 4836 1896 2940 1280 1660 1657 1218 810862 796997 13865 9941 795468 3924 6560 5358 4197 1202 1122 138 239 1529
is_linear=0
shrinkage=0.05


Tree=196
num_leaves=31
num_cat=0
split_feature=14 12 6 6 13 10 1 11 14 12 14 10 17 14 11 0 13 4 11 25 11 11 6 11 11 10 15 1 13 14
split_gain=4.37699 19.4759 15.8414 15.037 14.6446 10.4982 10.4892 10.4379 25.3425 10.1167 9.55721 9.11997 8.55967 8.33768 8.2785 8.03363 7.88749 7.01562 6.48786 7.99178 5.39538 5.28116 5.64641 5.14116 4.84153 5.18193 4.76877 5.21232 11.1314 4.88577
threshold=0.35504201680672276 0.71892556179775291 0.95000000000000007 0.80909090909090919 0.8865422123154082 0.53883861236802422 0.97336652441915616 0.52390295389071417 0.049390243902439034 0.3260064412238326 0.47493734335839605 0.83727934995797149 0.45000000000000007 0.45804195804195807 0.67772634321073399 0.52041666666666686 0.50108225108225113 0.73422664213901756 0.96744022847817235 1.0000000180025095e-35 0.83661171569565984 1.0000000180025095e-35 0.61250000000000016 0.81385202075554652 0.57775613559293693 0.86497211497211512 1.0000000180025095e-35 0.41490321272929975 0.9455954897815364 0.37171052631578955
decision_type=2 2 2 2 2 2 2 2 2 2 2 2 2 2 2 2 2 2 2 2 2 2 2 2 2 2 2 2 2 2
left_child=4 5 3 6 7 10 15 16 -9 -10 13 -8 -11 14 -2 -3 21 23 19 -5 -15 22 -1 -12 -7 -26 27 28 -4 -29
right_child=1 2 26 18 -6 24 11 8 9 12 17 -13 -14 20 -16 -17 -18 -19 -20 -21 -22 -23 -24 -25 25 -27 -28 29 -30 -31
leaf_value=0.0084362824930739894 0.051186212451331349 -0.0020358078263762263 -0.27898856764494195 -0.018904796053861063 0.028407917216148982 0.071545474314429133 0.01782707182228908 -0.047747315441561133 0.056480799121350692 -0.0043097999479577475 -0.054947971354636242 -0.03736250614192986 -0.027309097781437131 -0.017727549983058796 -0.0061449889344519087 0.0046862169530617623 0.04701101684082018 0.038221979702342389 0.010929880328492937 -0.092309132235244173 -0.15735371094766598 -0.03585502153544045 -0.0025514571347070789 0.016414801425507879 0.028767237172128188 -0.067626942218224878 0.050096799551102203 -0.24861311113458875 0.050358076849707348 0.022818366046108832
leaf_weight=164.02041151882077 6.9730865285091559 1854.0187808551418 0.45504061086103564 110.55381161917467 36.623205978423357 6.6193865260574958 118.52324133325601 39.249333488361117 6.4242546783098069 384.15669748913751 3.8299757675267738 7.990094185457564 45.216218465349812 1.355316701345145 64.909079599077813 584.63977690797765 9.0495908053962903 30.902209624473471 17.996179075096734 3.8366876327199853 1.4134054018650202 10.10847339684369 407.17857611551881 7.4004187900573015 68.980870386993047 1.4229758876608674 17.674817681108834 0.16696671489626425 0.58817177324090153 23.47929131964338
leaf_count=26124 104 28887 50 1051 702 79 4206 503999 4396 139951 49 86 5549 21 1356 8823 360 848 430 40 26 89376 1851 113 1079 19 14583 12 170 4585
internal_value=6.61935e-06 0.00101583 -6.76582e-05 -0.000544102 -0.00268002 0.0163335 0.000303962 -0.00374867 -0.00926574 -0.00579996 0.00688282 0.0143415 -0.0067318 -0.00386292 -0.000583451 -0.000424281 0.000690793 0.0259222 -0.0169765 -0.0213668 -0.0890053 -3.03036e-05 0.000603684 -0.00792252 0.0306628 0.026819 0.03027 0.0160764 -0.0933002 0.0209018
internal_weight=4035.76 2933.73 2739.92 2697.56 1102.03 193.807 2565.17 1065.4 475.047 435.797 116.783 126.513 429.373 74.6509 71.8822 2438.66 590.357 42.1326 132.387 114.39 2.76872 581.307 571.199 11.2304 77.0232 70.4038 42.3643 24.6895 1.04321 23.6463
internal_count=838925 66617 62923 43523 772308 3694 42002 771606 653895 149896 2517 4292 145500 1507 1460 37710 117711 1010 1521 1091 47 117351 27975 162 1177 1098 19400 4817 220 4597
is_linear=0
shrinkage=0.05


Tree=197
num_leaves=31
num_cat=0
split_feature=14 12 6 6 1 10 0 11 2 14 10 11 14 12 14 15 14 12 15 12 17 10 11 2 9 4 11 11 11 14
split_gain=3.96728 17.6776 14.7755 13.5898 10.1326 14.4279 11.9447 9.55442 8.47379 8.3423 8.17996 7.85426 15.9475 19.7887 10.5788 9.97109 13.3138 8.87021 7.46964 9.81569 8.02792 8.59802 6.75841 6.5864 12.6756 8.49349 6.82546 6.04277 5.86835 5.46881
threshold=0.35504201680672276 0.71892556179775291 0.95000000000000007 0.80909090909090919 0.95754013329469723 0.69705627705627726 0.097800095648015326 0.74867953249736208 0.83438818565400863 0.5590277777777779 0.59197099892588623 0.62596582574471527 0.16397849462365593 0.30202253291706266 0.04083333333333334 1.0000000180025095e-35 0.15707236842105265 0.61369648869648874 1.0000000180025095e-35 0.56446665347318437 0.63333333333333341 0.36721777318522353 0.81385202075554652 0.63245614035087727 0.5300120048019209 0.64550842683270859 0.70346105877015563 1.0000000180025095e-35 0.96744022847817235 0.75595238095238104
decision_type=2 2 2 2 2 2 2 2 2 2 2 2 2 2 2 2 2 2 2 2 2 2 2 2 2 2 2 2 2 2
left_child=11 7 3 4 6 -6 -3 8 -2 10 22 12 13 14 27 -15 -17 -14 23 20 21 -20 -9 -13 26 -26 -25 -1 29 -5
right_child=1 2 -4 28 5 -7 -8 9 -10 -11 -12 18 17 15 -16 16 -18 -19 19 -21 -22 -23 -24 24 25 -27 -28 -29 -30 -31
leaf_value=0.00057258281104230566 0.0051659880073051147 0.038382096727902083 0.029674514972548933 -0.016831165263377482 0.011435862882855325 -0.013465325077540016 -0.0014633177777733184 -0.037438179128534275 0.036385686772852199 0.043324440576577111 0.073225927304680097 -0.04470949610472761 0.028869943058242416 -0.039041844873670926 0.082712466028274242 0.029090997187871094 -0.22665601456181592 -0.012578325788902979 0.44439600633443893 0.023689500758613129 -0.1930377944249265 -0.0098249046291394061 0.0017099015888625115 -0.001396117263573436 0.046319483338430667 0.37164402870788921 -0.017377494723574284 -0.050037913712500208 0.010371886569755399 -0.054518896249366559
leaf_weight=571.92904831888882 32.020218635370838 18.977002192375949 41.142518103530165 103.58325601299293 354.49548411287833 69.589564398571383 2121.2695891472395 13.294194243848322 67.666404324641917 11.8280061352998 3.4941962778102598 14.736057702357355 67.901326010560297 49.111982721979984 3.8966060567181549 9.5698518061381002 0.53746688889805305 15.937852472488883 0.1044420450925817 37.647590587912418 0.59901197915314597 42.301523231089959 64.577301846002229 111.30255610751374 0.46719297837262175 0.35163047599235142 167.13374631691295 5.9593152886291128 18.015622303122655 10.611836786672937
leaf_count=27975 523 766 19400 938 10080 666 30490 152 860 398 104 157859 3946 456823 2639 2470 9 177 2 1294 28 5679 1657 41313 215 52 3645 68182 430 153
internal_value=6.65324e-06 0.000967558 -6.32034e-05 -0.000516927 0.000289043 0.00734974 -0.00111002 0.0155979 0.0263576 0.00408845 -0.00161522 -0.00255454 0.000483653 -0.00219852 0.000604318 -0.0297343 0.0154914 0.0209906 -0.00843268 0.00504666 -0.0112737 -0.0087062 -0.00497344 -0.0121306 -0.0104114 0.186025 -0.0109891 5.06759e-05 -0.0161493 -0.0203334
internal_weight=4030.05 2930.57 2737.68 2696.54 2564.33 424.085 2140.25 192.88 99.6866 93.1937 81.3657 1099.49 724.843 641.004 581.785 59.2193 10.1073 83.8392 374.644 80.6526 43.005 42.406 77.8715 293.991 279.255 0.818823 278.436 577.888 132.211 114.195
internal_count=838925 66617 62923 43523 42002 10746 31256 3694 1383 2311 1913 772308 562221 558098 98796 459302 2479 4123 210087 7003 5709 5681 1809 203084 45225 267 44958 96157 1521 1091
is_linear=0
shrinkage=0.05


Tree=198
num_leaves=31
num_cat=0
split_feature=0 13 0 0 1 1 0 0 1 6 6 4 0 14 14 1 1 6 1 23 1 3 1 10 1 14 10 7 1 6
split_gain=3.91982 4.42305 4.2573 12.0229 17.0672 19.1853 14.1034 9.53185 9.06769 8.30194 8.71677 12.3556 10.8044 8.41956 10.1859 6.21204 5.91694 5.36128 5.29109 6.09818 5.9301 4.05396 4.57348 6.10461 2.7106 2.53762 2.06824 1.80832 2.11403 1.72978
threshold=0.94312668463611871 0.57544101704937434 0.79205974842767313 0.61326979472140775 0.73838232398952042 0.82326647133949382 0.22335600907029482 0.35781671159029654 0.93348815322499534 0.39230769230769241 0.6515151515151516 0.71720100759932615 0.76705426356589157 0.18019480519480521 0.18898809523809526 0.615216815280754 1.0000000180025095e-35 0.72077922077922085 0.66775312464166969 1.0000000180025095e-35 0.65872084814174037 0.93063352044907788 0.39605661881977677 0.40121951219512203 0.30255681818181818 0.37171052631578955 0.66550116550116567 0.73214285714285732 0.37165717736369913 0.39230769230769241
decision_type=2 2 2 2 2 2 2 2 2 2 2 2 2 2 2 2 2 2 2 2 2 2 2 2 2 2 2 2 2 2
left_child=2 -2 3 4 7 6 -6 17 -7 13 12 -12 -11 -5 -15 -9 -4 -1 19 20 -18 22 23 -3 -21 -20 -25 28 -23 -29
right_child=1 21 16 9 5 8 -8 15 -10 10 11 -13 -14 14 -16 -17 18 -19 25 24 -22 27 -24 26 -26 -27 -28 29 -30 -31
leaf_value=-0.053554167615829887 -0.052024412406251476 -0.057418091329406409 0.32942005877694452 -0.05035217690949622 0.035189768948777629 -0.0038047373385777725 0.0072528164122295045 0.012767272111633622 0.0018819495360148032 0.025454363222936011 -0.036572460444315169 0.008363383335833979 -0.008191672127999516 0.24043676568839981 -0.0021581896500702988 -0.012943404505992679 -0.0038954131132890161 -0.0103200134353129 -0.05008590241037917 -0.17817927891219273 -0.14902631995474966 0.036094272055950054 0.069108945891887749 0.10478746315972592 -0.026773130710342787 0.074695601078765675 -0.053167662995538947 -0.071934425210175568 0.1153155722267945 0.050704748556049256
leaf_weight=21.142722227770722 1.5841999919111902 3.0985395717143529 0.1316125951561834 10.080829625463592 56.496769485494951 1340.3776167226624 225.44547616884574 27.070942151091003 1469.5611208415467 140.55757772087236 17.280190271478205 133.32270378097019 28.738746809009172 0.43692182448648864 44.665496824072761 177.77762356613675 272.20550867653947 10.850573437724959 0.47546996522123608 0.29866778354790113 0.70567786953324585 1.2836080779816259 2.1816036367872584 1.0151846372718862 28.869535523325794 2.8478021859191358 0.26039677433800523 0.35057556768879283 2.4483018156752223 1.598647318431176
leaf_count=5224 29362 40 51 263036 2751 86810 23604 26474 46613 11442 599 5451 2097 488 2891 98967 29626 295 1288 5733 48 56 122 165 195283 88 116 5 67 133
internal_value=5.95602e-06 0.0265878 -8.56774e-05 0.00038228 -0.000573976 0.000416924 0.0128509 -0.0135098 -0.000830675 0.00886871 0.0119583 0.00320744 0.0197428 -0.00904144 0.000191907 -0.00954571 -0.00575844 -0.0388912 -0.00590289 -0.00659317 -0.00427068 0.0367651 0.00997449 -0.019519 -0.0283235 0.0568428 0.0725426 0.0676799 0.088067 0.0286476
internal_weight=4023.16 13.8211 4009.34 3703.81 3328.72 3091.88 281.942 236.842 2809.94 375.082 319.899 150.603 169.296 55.1832 45.1024 204.849 305.534 31.9933 305.403 302.079 272.911 12.2369 6.55572 4.37412 29.1682 3.32327 1.27558 5.68113 3.73191 1.94922
internal_count=838925 30066 808859 576742 290738 159778 26355 130960 133423 286004 19589 6050 13539 266415 3379 125441 232117 5519 232066 230690 29674 704 443 321 201016 1376 281 261 123 138
is_linear=0
shrinkage=0.05


Tree=199
num_leaves=31
num_cat=0
split_feature=14 3 17 11 14 3 2 13 14 14 13 13 3 8 14 10 10 10 11 14 17 13 10 18 10 12 1 11 22 13
split_gain=3.87729 11.5449 5.38914 8.55579 8.05215 7.05534 8.52867 5.43653 18.9048 15.1138 7.9809 7.28634 7.11199 6.58954 5.31533 6.04462 6.83674 5.38913 4.8113 7.29171 14.141 10.9785 5.62087 5.03544 4.45053 4.41785 4.20953 3.73282 3.55733 3.53163
threshold=0.95119047619047625 0.94826048171275656 0.55000000000000016 0.96744022847817235 0.65108695652173931 0.98076211616722175 0.68237250554323736 0.96677704194260494 0.76696832579185525 0.6858552631578948 0.98469347910972294 0.9492598154902383 0.94494949494949509 1.0000000180025095e-35 0.27888888888888896 0.8184315684315685 0.77221456322847482 0.65443322109988789 0.93315273186398617 0.71714285714285719 0.63333333333333341 0.96677704194260494 0.86219390304847587 1.0000000180025095e-35 0.13472342264477097 0.9630991285403051 0.6933204931315321 0.62041777331632419 1.0000000180025095e-35 0.98469347910972294
decision_type=2 2 2 2 2 2 2 2 2 2 2 2 2 2 2 2 2 2 2 2 2 2 2 2 2 2 2 2 2 2
left_child=2 28 3 7 24 6 -6 8 11 12 -11 -1 -9 -10 15 16 17 -4 22 21 -21 -20 23 -16 25 -5 -26 -24 -2 -7
right_child=1 -3 14 4 5 29 -8 9 13 10 -12 -13 -14 -15 18 -17 -18 -19 19 20 -22 -23 27 -25 26 -27 -28 -29 -30 -31
leaf_value=-0.00046900848654435242 -0.0071005547638918701 0.041228647318260793 -0.063010006640042623 -0.019187909882274545 0.031665451929731345 0.032302585658372393 -0.02988793683441095 -0.029877965350901411 0.053826739669926231 -0.018814262617826288 0.0023515629944422904 0.010310166299665762 0.042057260893576302 0.017956606020285936 0.002644474243605574 0.14448966822979831 -0.27426465775066849 0.0036783546384014168 -0.0088406568733400605 0.0019696250608761488 -0.02675380797177225 0.014712405499510795 0.017121005905227953 -0.0091026932302258837 -0.10391228978016426 0.037412407351361393 0.051906505563721686 -0.047040130145517153 0.043510540172808115 -0.006372262426359538
leaf_weight=2312.8084001994102 40.730976950377226 22.38918742419628 7.3116443029675739 29.613418598892167 9.9751927477773297 65.43135750037618 12.911679206765255 4.1335466734599349 17.149423580849543 132.49365839536767 67.088498579105362 168.17554668325465 20.359798126504757 50.523981813690625 507.93587973584363 0.45426525827497322 0.30687084119563302 5.1725413213007414 152.40397695859428 73.535612548235804 102.68386270070914 73.256746661150828 2.9223503004759541 111.1949493297725 0.47794828604673867 3.9018139797844915 4.65498733316781 10.107069578021763 3.7954727327451101 6.4881147332198443
leaf_count=787367 826 13589 2565 509 83 4383 420 56 144 1407 2918 3000 741 838 8137 4 23 495 3223 2092 1802 1567 28 1351 26 102 288 80 171 690
internal_value=5.41358e-06 0.0119405 -0.000196597 0.000911584 0.0132775 0.0211191 -0.00306003 0.000316401 0.000972876 -0.00715041 -0.0116995 0.000261667 0.0299173 0.0270466 -0.00327177 -0.0347449 -0.0411103 -0.0353792 -0.00286862 -0.0071462 -0.0147676 -0.00119457 -0.000149257 0.000534701 -0.00595847 -0.0125986 0.0373976 -0.0326495 -0.00278642 0.0288136
internal_weight=4020.39 66.9156 3953.47 2906.19 133.455 94.8063 22.8869 2772.73 2548.66 224.076 199.582 2480.98 24.4933 67.6734 1047.29 13.2453 12.7911 12.4842 1034.04 401.88 176.219 225.661 632.16 619.131 38.6482 33.5152 5.13294 13.0294 44.5264 71.9195
internal_count=838925 14586 824339 802972 6501 5576 503 796471 791349 5122 4325 790367 797 982 21367 3087 3083 3060 18280 8684 3894 4790 9596 9488 925 611 314 108 997 5073
is_linear=0
shrinkage=0.05


end of trees

feature_importances:
jaccard_tokens_full=647
addr_jaccard=616
addr_token_set_ratio=572
jaro_winkler_raw=547
lev_dist_raw=541
addr_jaro_winkler=386
addr_token_sort_ratio=298
addr_lev_dist=289
token_set_ratio_norm=261
token_sort_ratio_norm=248
name_len_diff_ratio=238
tfidf_cosine_char=234
house_number_match=213
tfidf_cosine_word=194
city_token_overlap=189
first_token_match=155
jaccard_tokens_core=136
blocked_by_char_tfidf=78
landmark_flag=65
blocked_by_snm=33
candidate_score_gap=26
blocked_by_addr_token=25
postal_prefix_match=7
blocked_by_name_token=2

parameters:
[boosting: gbdt]
[objective: binary]
[metric: binary_logloss]
[tree_learner: serial]
[device_type: cpu]
[data_sample_strategy: bagging]
[data: ]
[valid: ]
[num_iterations: 200]
[learning_rate: 0.05]
[num_leaves: 31]
[num_threads: 4]
[seed: 42]
[deterministic: 0]
[force_col_wise: 0]
[force_row_wise: 0]
[histogram_pool_size: -1]
[max_depth: 6]
[min_data_in_leaf: 20]
[min_sum_hessian_in_leaf: 0.001]
[bagging_fraction: 0.8]
[pos_bagging_fraction: 1]
[neg_bagging_fraction: 1]
[bagging_freq: 0]
[bagging_seed: 400]
[bagging_by_query: 0]
[feature_fraction: 0.8]
[feature_fraction_bynode: 1]
[feature_fraction_seed: 30056]
[extra_trees: 0]
[extra_seed: 12879]
[early_stopping_round: 0]
[early_stopping_min_delta: 0]
[first_metric_only: 0]
[max_delta_step: 0]
[lambda_l1: 0]
[lambda_l2: 0]
[linear_lambda: 0]
[min_gain_to_split: 0]
[drop_rate: 0.1]
[max_drop: 50]
[skip_drop: 0.5]
[xgboost_dart_mode: 0]
[uniform_drop: 0]
[drop_seed: 17869]
[top_rate: 0.2]
[other_rate: 0.1]
[min_data_per_group: 100]
[max_cat_threshold: 32]
[cat_l2: 10]
[cat_smooth: 10]
[max_cat_to_onehot: 4]
[top_k: 20]
[monotone_constraints: ]
[monotone_constraints_method: basic]
[monotone_penalty: 0]
[feature_contri: ]
[forcedsplits_filename: ]
[refit_decay_rate: 0.9]
[cegb_tradeoff: 1]
[cegb_penalty_split: 0]
[cegb_penalty_feature_lazy: ]
[cegb_penalty_feature_coupled: ]
[path_smooth: 0]
[interaction_constraints: ]
[verbosity: -1]
[saved_feature_importance_type: 0]
[use_quantized_grad: 0]
[num_grad_quant_bins: 4]
[quant_train_renew_leaf: 0]
[stochastic_rounding: 1]
[linear_tree: 0]
[max_bin: 255]
[max_bin_by_feature: ]
[min_data_in_bin: 3]
[bin_construct_sample_cnt: 200000]
[data_random_seed: 175]
[is_enable_sparse: 1]
[enable_bundle: 1]
[use_missing: 1]
[zero_as_missing: 0]
[feature_pre_filter: 1]
[pre_partition: 0]
[two_round: 0]
[header: 0]
[label_column: ]
[weight_column: ]
[group_column: ]
[ignore_column: ]
[categorical_feature: ]
[forcedbins_filename: ]
[precise_float_parser: 0]
[parser_config_file: ]
[objective_seed: 16083]
[num_class: 1]
[is_unbalance: 0]
[scale_pos_weight: 1]
[sigmoid: 1]
[boost_from_average: 1]
[reg_sqrt: 0]
[alpha: 0.9]
[fair_c: 1]
[poisson_max_delta_step: 0.7]
[tweedie_variance_power: 1.5]
[lambdarank_truncation_level: 30]
[lambdarank_norm: 1]
[label_gain: ]
[lambdarank_position_bias_regularization: 0]
[eval_at: ]
[multi_error_top_k: 1]
[auc_mu_weights: ]
[num_machines: 1]
[local_listen_port: 12400]
[time_out: 120]
[machine_list_filename: ]
[machines: ]
[gpu_platform_id: -1]
[gpu_device_id: -1]
[gpu_use_dp: 0]
[num_gpu: 1]

end of parameters

pandas_categorical:[]
